paper_id,title,publication_year,publication_type,citation_count,referenced_works_count,topics,venue_source,authors,institutions,countries
https://openalex.org/W2144717132,A Mobile Automaton: An Application of Artificial Intelligence Techniques,1969,report,542,7,"AI-based Problem Solving and Planning; Logic, Reasoning, and Knowledge; Robotic Path Planning Algorithms",,Nils J. Nilsson,SRI International,US
https://openalex.org/W1984938651,AI in CAI: An Artificial-Intelligence Approach to Computer-Assisted Instruction,1970,article,902,14,AI in Service Interactions; Robotics and Automated Systems; Social Robot Interaction and HRI,IEEE Transactions on Man Machine Systems,Jaime Carbonell,,
https://openalex.org/W2626914210,The International Joint Conference on Artificial Intelligence (IJCAI),1972,article,483,0,AI in Service Interactions; Artificial Intelligence Applications; Artificial Intelligence in Healthcare and Education,Artificial Intelligence,,,
https://openalex.org/W2335502549,Computers and artificial intelligence,1972,article,290,0,AI and HR Technologies,Information Storage and Retrieval,Kevin D. Reilly,,
https://openalex.org/W2009677406,Artificial intelligence meets natural stupidity,1976,article,319,26,Artificial Intelligence in Healthcare and Education,ACM SIGART Bulletin,Drew McDermott,Cambridge Hospital,US
https://openalex.org/W1631304658,Artificial intelligence in education,1976,article,309,0,Educational Innovations and Challenges; Engineering Education and Technology,Nature,Miranda Robertson,,
https://openalex.org/W2158270697,The Art of Artificial Intelligence. 1. Themes and Case Studies of Knowledge Engineering,1977,report,511,17,AI-based Problem Solving and Planning,,Edward A. Feigenbaum,Stanford University,US
https://openalex.org/W2153319474,Artificial intelligence—A personal view,1977,article,496,38,"Computability, Logic, AI Algorithms; EEG and Brain-Computer Interfaces; Neural Networks and Applications",Artificial Intelligence,David Marr,Massachusetts Institute of Technology,US
https://openalex.org/W298104119,Artificial intelligence and natural man,1978,article,395,0,"Artificial Intelligence Applications; Ethics and Social Impacts of AI; Interdisciplinary Studies: Technology, Society, and Humanities",Artificial Intelligence,J.M. Brady,University of Essex,GB
https://openalex.org/W9419878,Principles of artificial intelligence,1980,article,820,0,Artificial Intelligence in Education,Artificial Intelligence,John J. McDermott,Carnegie Mellon University,US
https://openalex.org/W2899605173,Pattern recognition and artificial intelligence,1980,article,386,1,Image Processing and 3D Reconstruction,Signal Processing,,,
https://openalex.org/W2138162238,Some Philosophical Problems from the Standpoint of Artificial Intelligence,1981,book-chapter,3302,64,"Computability, Logic, AI Algorithms; Logic, Reasoning, and Knowledge; Philosophy and Theoretical Science",Elsevier eBooks,John McCarthy; Patrick J. Hayes,Laboratoire d'Informatique de Paris-Nord; Stanford University,FR; US
https://openalex.org/W4205768753,Principles of Artificial Intelligence,1981,article,852,0,Artificial Intelligence in Education,IEEE Transactions on Pattern Analysis and Machine Intelligence,,,
https://openalex.org/W2009796613,Principles of artificial intelligence,1981,article,647,0,Artificial Intelligence in Education,Proceedings of the IEEE,A. Schliferstein,,
https://openalex.org/W162353158,EPISTEMOLOGICAL PROBLEMS OF ARTIFICIAL INTELLIGENCE,1981,book-chapter,330,5,"Computability, Logic, AI Algorithms; Ethics and Social Impacts of AI; Explainable Artificial Intelligence (XAI)",Elsevier eBooks,John McCarthy,Stanford University,US
https://openalex.org/W1551377873,Readings in Artificial Intelligence,1981,book,242,436,"AI-based Problem Solving and Planning; Logic, Reasoning, and Knowledge; Logic, programming, and type systems",Elsevier eBooks,,,
https://openalex.org/W2152475379,Principles of Artificial Intelligence,1982,book,3353,0,"AI-based Problem Solving and Planning; Computability, Logic, AI Algorithms; Edcuational Technology Systems",,Nils J. Nilsson,SRI International,US
https://openalex.org/W1968833464,The Handbook of Artificial Intelligence,1982,book,1710,0,Advanced Statistical Modeling Techniques; Artificial Intelligence Applications; Knowledge Management and Technology,Elsevier eBooks,Sharon C. Salveter,,
https://openalex.org/W2054873730,The handbook of artificial intelligence,1982,article,601,0,AI in Service Interactions; Artificial Intelligence Applications; Artificial Intelligence in Healthcare and Education,Artificial Intelligence,Frederick Hayes‐Roth,RAND Corporation,US
https://openalex.org/W3142963976,The Handbook of Artificial Intelligence,1982,book,278,0,Advanced Statistical Modeling Techniques; Artificial Intelligence Applications; Artificial Intelligence in Healthcare and Education,Elsevier eBooks,,,
https://openalex.org/W2335322260,Machine learning: An artificial intelligence approach,1983,article,1375,0,Explainable Artificial Intelligence (XAI); Internet of Things and AI; Machine Learning and Data Classification,Journal of Mathematical Psychology,Earl Hunt,,
https://openalex.org/W4246565333,Artificial Intelligence,1983,book-chapter,266,42,"Computability, Logic, AI Algorithms; Logic, Reasoning, and Knowledge; Logic, programming, and type systems",,Pierpaolo Degano,University of Pisa,IT
https://openalex.org/W4376862038,Artificial Intelligence in Medicine.,1983,article,254,11,Machine Learning in Healthcare,Annals of Internal Medicine,,,
https://openalex.org/W4245903027,American Association for Artificial Intelligence,1984,article,308,0,AI in Service Interactions; Artificial Intelligence Applications; Artificial Intelligence in Healthcare and Education,Computer Compacts,,,
https://openalex.org/W2316166351,Machine learning: An artificial intelligence approach,1985,article,982,8,"Algorithms and Data Compression; Computability, Logic, AI Algorithms; Machine Learning and Algorithms",Artificial Intelligence,Mark Stefik,Palo Alto Research Center,US
https://openalex.org/W2120959311,On artificial intelligence,1985,article,890,310,Child and Animal Learning Development; Cognitive Abilities and Testing; Cognitive Science and Mapping,Behavioral and Brain Sciences,Peter H. Schönemann,Ludwig-Maximilians-Universität München,DE
https://openalex.org/W4300413073,Artificial intelligence,1985,article,273,6,Delphi Technique in Research; Diverse Interdisciplinary Research Innovations; Expert finding and Q&A systems,Advances in Engineering Software (1978),Facultad De Informática; Iván García-magariño; Jorge J. Gómez-sanz; José R. Pérez-agüera,,
https://openalex.org/W1984842942,Artificial intelligence and robotics,1985,article,183,170,AI-based Problem Solving and Planning; Robot Manipulation and Learning; Robotic Path Planning Algorithms,Artificial Intelligence,Michael Brady,Massachusetts Institute of Technology,US
https://openalex.org/W2084792706,Future paths for integer programming and links to artificial intelligence,1986,article,4077,105,Metaheuristic Optimization Algorithms Research; Optimization and Mathematical Programming; Vehicle Routing Optimization Methods,Computers & Operations Research,Fred Glover,University of Colorado Boulder,US
https://openalex.org/W1523712082,Prolog programming for artificial intelligence,1986,article,1069,0,"Logic, Reasoning, and Knowledge",Computer-Aided Design,,,
https://openalex.org/W1533375280,Artificial intelligence: The very idea,1986,article,669,0,Artificial Intelligence in Healthcare and Education,Artificial Intelligence,André Vellino,University of Georgia,US
https://openalex.org/W2156769044,Knowledge Based Systems in Artificial Intelligence,1986,article,465,0,Neural Networks and Applications,Telematics and Informatics,,,
https://openalex.org/W2012170877,Logical Foundations of Artificial Intelligence,1987,book,1578,0,"Advanced Algebra and Logic; Logic, Reasoning, and Knowledge; Semantic Web and Ontologies",Elsevier eBooks,,,
https://openalex.org/W4289258965,Uncertainty in Artificial Intelligence,1987,article,945,0,Explainable Artificial Intelligence (XAI),IEEE Transactions on Systems Man and Cybernetics,Andrew P. Sage; J. F. Lemmer; L. N. Kanal,George Mason University,US
https://openalex.org/W2075028344,Artificial Intelligence and Tutoring Systems,1987,book,908,0,Advanced Data Processing Techniques,Elsevier eBooks,,,
https://openalex.org/W1506018624,Distributed Artificial Intelligence,1987,book,841,0,"Computability, Logic, AI Algorithms; Neural Networks and Applications",Elsevier eBooks,,,
https://openalex.org/W1988076559,Expert Systems: Artificial Intelligence in Business,1987,article,475,0,Big Data and Business Intelligence,Technology and Culture,David R. King; Gary James Jason; Paul Harmon,,
https://openalex.org/W2174287231,Generality in artificial intelligence,1987,article,394,19,"AI-based Problem Solving and Planning; Logic, Reasoning, and Knowledge; Semantic Web and Ontologies",Communications of the ACM,John McCarthy,Stanford University,US
https://openalex.org/W2124241059,Readings in Distributed Artificial Intelligence,1988,book,993,576,"AI-based Problem Solving and Planning; Logic, Reasoning, and Knowledge; Multi-Agent Systems and Negotiation",Elsevier eBooks,,,
https://openalex.org/W19828709,Artificial intelligence and tutoring systems: Computational and cognitive approaches to the communication of knowledge,1988,article,882,0,Intelligent Tutoring Systems and Adaptive Learning,Knowledge-Based Systems,Étienne Wenger,Institute for Learning and Development,US
https://openalex.org/W2003103143,Artificial Intelligence: The Very Idea.,1988,article,651,0,Artificial Immune Systems Applications; Artificial Intelligence Applications; Artificial Intelligence in Healthcare and Education,The Philosophical Review,Barbara Von Eckardt; John Haugeland,,
https://openalex.org/W2093713825,Multivalued logics: a uniform approach to reasoning in artificial intelligence,1988,article,511,46,"AI-based Problem Solving and Planning; Logic, Reasoning, and Knowledge; Semantic Web and Ontologies",Computational Intelligence,Matthew L. Ginsberg,Stanford University,US
https://openalex.org/W2525786140,11th International Joint Conference on Artificial Intelligence,1988,article,470,0,Cognitive Science and Mapping,Cognitive Science,,,
https://openalex.org/W98731650,Uncertainty in Artificial Intelligence,1988,book,412,0,Explainable Artificial Intelligence (XAI),Machine intelligence and pattern recognition,,,
https://openalex.org/W1967361629,Decision theory in expert systems and artificial intelligence,1988,article,370,201,"AI-based Problem Solving and Planning; Bayesian Modeling and Causal Inference; Logic, Reasoning, and Knowledge",International Journal of Approximate Reasoning,Eric Horvitz; John S. Breese; Max Henrion,Carnegie Mellon University; Knowledge Systems Institute; Rockwell Automation (United States); Stanford University,US
https://openalex.org/W2085891931,Artificial Intelligence in Medical Diagnosis,1988,review,281,40,Clinical Reasoning and Diagnostic Skills; Explainable Artificial Intelligence (XAI); Machine Learning in Healthcare,Annals of Internal Medicine,Peter Szolovits; RAMESH S. PATIL; WILLIAM B. SCHWARTZ,Massachusetts Institute of Technology,US
https://openalex.org/W2047463693,On distributed artificial intelligence,1988,article,249,110,"AI-based Problem Solving and Planning; Logic, Reasoning, and Knowledge; Multi-Agent Systems and Negotiation",The Knowledge Engineering Review,Castillo Hern; Luís Eduardo,Centre for Artificial Intelligence and Robotics; University of Edinburgh,GB; IN
https://openalex.org/W1726806267,Artificial intelligence and statistics,1989,article,1125,0,Forecasting Techniques and Applications,Computers Environment and Urban Systems,Lyna L. Wiggins,Massachusetts Institute of Technology,US
https://openalex.org/W4244364296,Artificial Intelligence and Statistics,1989,article,760,0,Data Mining and Machine Learning Applications; Forecasting Techniques and Applications; Stock Market Forecasting Methods,Technometrics,Eric R. Ziegel; William G. Gale,,
https://openalex.org/W2150871663,Artificial Intelligence and Statistics,1989,article,492,0,Energy Load and Power Forecasting; Forecasting Techniques and Applications; Neural Networks and Applications,Technometrics,Eric R. Ziegel,,
https://openalex.org/W2356183642,Uncertainty in Artificial Intelligence,1990,book,424,0,Advanced Decision-Making Techniques,Machine intelligence and pattern recognition,,,
https://openalex.org/W2029111147,Logic and artificial intelligence,1991,article,201,85,"AI-based Problem Solving and Planning; Logic, Reasoning, and Knowledge; Semantic Web and Ontologies",Artificial Intelligence,Nils J. Nilsson,Stanford University,US
https://openalex.org/W42800694,Artificial Intelligence in Design,1991,book,188,0,BIM and Construction Integration,Artificial intelligence in industry,Duc-Nghia Pham,,
https://openalex.org/W1497256448,Adaptation in Natural and Artificial Systems,1992,book,35557,0,Evolutionary Algorithms and Applications; Game Theory and Applications; Reinforcement Learning in Robotics,The MIT Press eBooks,John H. Holland,,
https://openalex.org/W1978304080,Uncertainty in Artificial Intelligence,1992,book,1436,0,Cognitive Science and Mapping; Semantic Web and Ontologies,Elsevier eBooks,"Kanal, Laveen N.; Lemmer, John F.",,
https://openalex.org/W4302411475,"Possible worlds, artificial intelligence, and narrative theory",1992,article,533,0,Narrative Theory and Analysis,Choice Reviews Online,,,
https://openalex.org/W2035701280,"High-level perception, representation, and analogy: A critique of artificial intelligence methodology",1992,article,319,70,Cognitive Science and Education Research; Embodied and Extended Cognition; Neural dynamics and brain function,Journal of Experimental & Theoretical Artificial Intelligence,David J. Chalmers; Douglas R. Hofstadter; Robert M. French,Indiana University Bloomington,US
https://openalex.org/W2038014947,"Possible Worlds, Artificial Intelligence, and Narrative Theory",1993,article,629,0,Narrative Theory and Analysis,Journal of Aesthetics and Art Criticism,Marie‐Laure Ryan,,
https://openalex.org/W1605850762,AI: the tumultuous history of the search for artificial intelligence,1993,article,427,0,"Computability, Logic, AI Algorithms; History of Computing Technologies",Choice Reviews Online,,,
https://openalex.org/W4388298880,Handbook of Logic in Artificial Intelligence and Logic Programming,1993,book,385,0,"Advanced Algebra and Logic; Logic, Reasoning, and Knowledge",,,,
https://openalex.org/W4246711722,Journal of Artificial Intelligence in Education,1993,article,283,0,Online Learning and Analytics,Intelligent Tutoring Media,,,
https://openalex.org/W1479925024,Essentials of Artificial Intelligence,1993,book,216,210,"AI-based Problem Solving and Planning; Logic, Reasoning, and Knowledge; Semantic Web and Ontologies",Elsevier eBooks,MATT GINSBERG,University of Oregon,US
https://openalex.org/W2126141328,The Artificial Life Roots of Artificial Intelligence,1993,article,215,86,"Computability, Logic, AI Algorithms; Evolutionary Algorithms and Applications; Language and cultural evolution",Artificial Life,Luc Steels,Vrije Universiteit Brussel,BE
https://openalex.org/W2022638422,Uncertainty in artificial intelligence,1994,article,409,0,AI-based Problem Solving and Planning; Big Data and Business Intelligence; Statistics Education and Methodologies,The Knowledge Engineering Review,Simon Parsons,The Honourable Society of Lincoln's Inn,GB
https://openalex.org/W1512315140,Searching for solutions in games and artificial intelligence,1994,dissertation,349,49,Artificial Intelligence in Games; Digital Games and Media; Educational Games and Gamification,,L.V. Allis,,
https://openalex.org/W1561430200,Artificial intelligence: a philosophical introduction,1994,article,239,0,"Computability, Logic, AI Algorithms",Choice Reviews Online,,,
https://openalex.org/W2122410182,Artificial intelligence: a modern approach,1995,article,22244,0,Advanced Research in Systems and Signal Processing; Cognitive Computing and Networks,Choice Reviews Online,Dr. Anil Kumar; Dr. Haewon Byeon; Prof. Ganesh Vasudeo Manerkar; Sivasubramanian Balasubramanian,"University of California, Berkeley; University of Southern California",US
https://openalex.org/W1983362322,Artificial Intelligence: A Modern Approach,1995,article,1855,0,AI in Service Interactions; Artificial Intelligence Applications; Artificial Intelligence in Healthcare and Education,Neurocomputing,Antoni Ligęza,AGH University of Krakow,PL
https://openalex.org/W2165727990,Artificial intelligence: an empirical science,1995,article,252,57,Cognitive Science and Education Research; Data Visualization and Analytics; Embodied and Extended Cognition,Artificial Intelligence,Herbert A. Simon,Carnegie Mellon University,US
https://openalex.org/W2623293810,Artificial intelligence: A modern approach,1996,article,10691,11,"Logic, Reasoning, and Knowledge; Logic, programming, and type systems; Security and Verification in Computing",Artificial Intelligence,Nils J. Nilsson,,
https://openalex.org/W2085575316,Empirical methods for artificial intelligence,1996,article,638,0,Big Data and Business Intelligence; Data Analysis with R; Machine Learning and Data Classification,Choice Reviews Online,,,
https://openalex.org/W1988245217,Artificial intelligence and human decision making,1997,article,273,146,AI-based Problem Solving and Planning; Multi-Criteria Decision Making; Rough Sets and Fuzzy Logic,European Journal of Operational Research,Jean‐Charles Pomerol,,
https://openalex.org/W2146934839,Artificial Intelligence: A New Synthesis,1998,book,1177,484,"AI-based Problem Solving and Planning; Computability, Logic, AI Algorithms; Logic, Reasoning, and Knowledge",Elsevier eBooks,Nils J. Nilsson,Stanford University,US
https://openalex.org/W1985364607,Creativity and artificial intelligence,1998,article,766,32,Cognitive Science and Education Research; Data Visualization and Analytics; Music Technology and Sound Studies,Artificial Intelligence,Margaret A. Boden,University of Sussex,GB
https://openalex.org/W2025558436,Artificial Intelligence in Geography,1998,article,305,0,Geographic Information Systems Studies,Geographical Journal,C. Openshaw; Paul M. Mather; Stan Openshaw,,
https://openalex.org/W4388248864,Artificial-Intelligence-Based Electrical Machines and Drives,1999,book,296,0,Electric Motor Design and Analysis; Electric Power Systems and Control; Sensorless Control of Electric Motors,,Peter Vas,University of Aberdeen,GB
https://openalex.org/W2912538055,Artificial Intelligence and Mobile Robots:,1999,article,288,0,Optimization and Search Problems,Kybernetes,,,
https://openalex.org/W2024787682,Univariate and multivariate forecasting of hourly solar radiation with artificial intelligence techniques,2000,article,375,28,Energy Load and Power Forecasting; Photovoltaic System Optimization Techniques; Solar Radiation and Photovoltaics,Solar Energy,A.H. Coonick; Athanasios Sfetsos,Imperial College London,GB
https://openalex.org/W2151403295,Logic-Based Artificial Intelligence,2000,book,280,0,"Logic, Reasoning, and Knowledge",,"Minker, Jack 1927-2021",Research Institute for Advanced Computer Science,US
https://openalex.org/W1982795239,Knowledge management and its link to artificial intelligence,2001,article,344,5,Competitive and Knowledge Intelligence; Knowledge Management and Sharing; Multi-Agent Systems and Negotiation,Expert Systems with Applications,Jason Liebowitz,"University of Maryland, Baltimore County",US
https://openalex.org/W1989020770,Bayesian Artificial Intelligence,2003,book,1027,222,"AI-based Problem Solving and Planning; Bayesian Modeling and Causal Inference; Logic, Reasoning, and Knowledge",,Ann E. Nicholson; Kevin B. Korb,,
https://openalex.org/W2010222480,Artificial intelligence for the modeling and control of combustion processes: a review,2003,review,638,104,Advanced Algorithms and Applications; Advanced Control Systems Optimization; Fault Detection and Control Systems,Progress in Energy and Combustion Science,Soteris A. Kalogirou,Cyprus Institute,CY
https://openalex.org/W2114477929,Embodied artificial intelligence,2003,article,187,76,Action Observation and Synchronization; Embodied and Extended Cognition; Language and cultural evolution,Artificial Intelligence,Ron Chrisley,University of Birmingham,GB
https://openalex.org/W1997866278,Artificial intelligence in medicine,2004,review,991,0,Artificial Intelligence in Healthcare; Artificial Intelligence in Healthcare and Education; Machine Learning in Healthcare,Annals of The Royal College of Surgeons of England,AN Ramesh; C. Kambhampati; JRT Monson; Pj Drew,Castle Hill Hospital; University of Hull,GB
https://openalex.org/W2159272484,An artificial intelligence perspective on autonomic computing policies,2004,article,285,41,Access Control and Trust; Advanced Software Engineering Methodologies; Distributed systems and fault tolerance,,Jeffrey O. Kephart; William E. Walsh,IBM Research - Thomas J. Watson Research Center,US
https://openalex.org/W4255530833,Artificial intelligence with uncertainty,2004,article,275,0,Advanced Bandit Algorithms Research; Neural Networks and Reservoir Computing; Reinforcement Learning in Robotics,,Deyi Li,Chinese Academy of Engineering,CN
https://openalex.org/W1892629070,A (Very) Brief History of Artificial Intelligence,2005,article,425,10,"AI-based Problem Solving and Planning; Artificial Intelligence in Games; Computability, Logic, AI Algorithms",AI Magazine,Bruce G. Buchanan,,
https://openalex.org/W2084814109,Bayesian Artificial Intelligence,2005,article,275,0,Anomaly Detection Techniques and Applications; Machine Learning in Healthcare,Technometrics,Daniel Zelterman,Yale University,US
https://openalex.org/W2482318024,Artificial Intelligence and Soft Computing – ICAISC 2006,2006,book,295,0,Neural Networks and Applications,Lecture notes in computer science,,,
https://openalex.org/W2121835362,Argumentation in artificial intelligence,2007,article,801,224,"Logic, Reasoning, and Knowledge; Multi-Agent Systems and Negotiation; Semantic Web and Ontologies",Artificial Intelligence,Paul E. Dunne; Trevor Bench‐Capon,University of Liverpool,GB
https://openalex.org/W1557463023,"The emotion machine: commonsense thinking, artificial intelligence, and the future of the human mind",2007,article,644,0,"Cognitive Science and Education Research; Computability, Logic, AI Algorithms; Cybernetics and Technology in Society",Choice Reviews Online,,,
https://openalex.org/W2132484736,Artificial Intelligence with Uncertainty,2007,book,429,7,Cognitive Science and Education Research; Cognitive Science and Mapping; Neural Networks and Applications,,Deyi Li; Yi Du,,
https://openalex.org/W2145804350,Artificial intelligence techniques for photovoltaic applications: A review,2008,review,935,332,Energy Load and Power Forecasting; Photovoltaic System Optimization Techniques; Solar Radiation and Photovoltaics,Progress in Energy and Combustion Science,A. Mellit; Soteris A. Kalogirou,Cyprus University of Technology; University of Jijel,CY; DZ
https://openalex.org/W2019818855,The coming of age of artificial intelligence in medicine,2008,article,613,46,Artificial Intelligence in Healthcare; Artificial Intelligence in Healthcare and Education; Machine Learning in Healthcare,Artificial Intelligence in Medicine,Ameen Abu‐Hanna; Edward H. Shortliffe; Mario Stefanelli; Michael R. Berthold; Peter Szolovits; Riccardo Bellazzi; Vimla L. Patel,Arizona State University; Massachusetts Institute of Technology; University of Amsterdam; University of Arizona; University of Konstanz; University of Pavia; Vassar College,DE; IT; NL; US
https://openalex.org/W2155456580,Ambient Intelligence—the Next Step for Artificial Intelligence,2008,article,425,6,Context-Aware Activity Recognition Systems; IoT and Edge/Fog Computing,IEEE Intelligent Systems,Carlos Ramos; Daniel Shapiro; Juan Carlos Augusto,Institute for the Study of Learning and Expertise; Polytechnic Institute of Porto; University of Ulster,GB; PT; US
https://openalex.org/W1993859423,Artificial intelligence techniques for sizing photovoltaic systems: A review,2008,review,419,55,Hybrid Renewable Energy Systems; Photovoltaic System Optimization Techniques; Solar Radiation and Photovoltaics,Renewable and Sustainable Energy Reviews,A. Mellit; L. Hontoria; Soteris A. Kalogirou; Sulaiman Shaari,Cyprus University of Technology; Universidad de Jaén; Universiti Teknologi MARA; University of Jijel,CY; DZ; ES; MY
https://openalex.org/W2135260086,Artificial Intelligence as a positive and negative factor in global risk,2008,book-chapter,412,31,"Computability, Logic, AI Algorithms; Philosophy and History of Science; Space Science and Extraterrestrial Life",Oxford University Press eBooks,Eliezer Yudkowsky,,
https://openalex.org/W1547571057,Artificial Intelligence: Structures and Strategies for Complex Problem Solving,2008,article,328,0,AI-based Problem Solving and Planning; Big Data and Business Intelligence; Cognitive Science and Mapping,Scalable Computing Practice and Experience,Elham S. Khorasani,,
https://openalex.org/W2106577732,Artificial Intelligence techniques: An introduction to their use for modelling environmental systems,2008,article,320,177,Evolutionary Algorithms and Applications; Hydrological Forecasting Using AI; Neural Networks and Applications,Mathematics and Computers in Simulation,Anthony J. Jakeman; J.P. Norton; Serena H. Chen,Australian National University,AU
https://openalex.org/W4256361765,2009 International Joint Conference on Artificial Intelligence,2009,paratext,2805,0,Artificial Intelligence Applications; Artificial Intelligence in Healthcare and Education; Internet of Things and AI,,,,
https://openalex.org/W1514583064,Encyclopedia of Artificial Intelligence,2009,book,1400,9,"COVID-19 diagnosis using AI; Computability, Logic, AI Algorithms; Educational Methods and Technology",IGI Global eBooks,"Rabuñal Dopico, Juan Ramón 1973-",,
https://openalex.org/W2055412520,A comparison of performance of several artificial intelligence methods for forecasting monthly discharge time series,2009,article,827,69,Hydrological Forecasting Using AI; Hydrology and Watershed Management Studies; Water resources management and optimization,Journal of Hydrology,Chuntian Cheng; Kwok‐wing Chau; Lin Qiu; Wenchuan Wang,Dalian University of Technology; Hong Kong Polytechnic University; Ningxia Water Conservancy; North China University of Water Resources and Electric Power,CN; HK
https://openalex.org/W3122779978,Assessing bank efficiency and performance with operational research and artificial intelligence techniques: A survey,2009,article,794,128,"Banking stability, regulation, efficiency; Efficiency Analysis Using DEA; Financial Distress and Bankruptcy Prediction",European Journal of Operational Research,Fotios Pasiouras; Meryem Duygun,University of Bath; University of Leicester,GB
https://openalex.org/W2269870390,The Quest for Artificial Intelligence,2009,book,769,0,Space Science and Extraterrestrial Life,Cambridge University Press eBooks,Nils J. Nilsson,Stanford University,US
https://openalex.org/W1578957392,Argumentation in Artificial Intelligence,2009,book,562,4,Multi-Agent Systems and Negotiation,,Guillermo Ricardo Simari; Iyad Rahwan,,
https://openalex.org/W2117871237,Artificial intelligence in supply chain management: theory and applications,2009,article,518,141,Advanced Manufacturing and Logistics Optimization; Digital Transformation in Industry; Scheduling and Optimization Algorithms,International Journal of Logistics Research and Applications,Hokey Min,Bowling Green State University,US
https://openalex.org/W1566892458,"Bio-inspired artificial intelligence: theories, methods, and technologies",2009,article,505,0,Modular Robots and Swarm Intelligence,Choice Reviews Online,,,
https://openalex.org/W2171246116,Artificial Intelligence through Simulated Evolution,2009,book-chapter,448,0,Modular Robots and Swarm Intelligence,Evolutionary Computation,,,
https://openalex.org/W2002803086,A review of machining monitoring systems based on artificial intelligence process models,2009,review,398,73,Advanced Machining and Optimization Techniques; Advanced machining processes and optimization; Manufacturing Process and Optimization,The International Journal of Advanced Manufacturing Technology,Fernando Romero; José V. Abellán‐Nebot,Universitat Jaume I,ES
https://openalex.org/W4232217679,Artificial Intelligence for Games,2009,book,315,0,Artificial Intelligence in Games,,Ian Millington,,
https://openalex.org/W1998399571,Deep Machine Learning - A New Frontier in Artificial Intelligence Research [Research Frontier],2010,article,1107,63,Anomaly Detection Techniques and Applications; Generative Adversarial Networks and Image Synthesis; Neural Networks and Applications,IEEE Computational Intelligence Magazine,Derek Rose; Itamar Arel; Thomas P. Karnowski,University of Tennessee at Knoxville,US
https://openalex.org/W2501634593,Bayesian Artificial Intelligence,2010,book,779,0,Bayesian Modeling and Causal Inference,,Ann E. Nicholson; Kevin B. Korb,,
https://openalex.org/W2121970262,"A comparative survey of artificial intelligence applications in finance: artificial neural networks, expert system and hybrid intelligent systems",2010,article,544,261,Financial Distress and Bankruptcy Prediction; Imbalanced Data Classification Techniques; Stock Market Forecasting Methods,Neural Computing and Applications,Arash Bahrammirzaee,Paris-Est Sup; Université Paris-Est Créteil,FR
https://openalex.org/W1986775991,Artificial Intelligence and Soft Computing,2010,book,429,2,Fuzzy Logic and Control Systems; Neural Networks and Applications,Lecture notes in computer science,Jacek M. Zurada; Leszek Rutkowski,University of Humanities and Economics in Lodz,PL
https://openalex.org/W1498502445,Artificial intelligence: foundations of computational agents,2010,article,422,125,"AI-based Problem Solving and Planning; Computability, Logic, AI Algorithms; Optimization and Search Problems",Choice Reviews Online,,,
https://openalex.org/W968045710,Artificial Intelligence,2010,book,410,0,Intelligent Tutoring Systems and Adaptive Learning; Internet of Things and AI; Knowledge Management and Technology,Cambridge University Press eBooks,Alan K. Mackworth; David Poole,University of British Columbia,CA
https://openalex.org/W2103329036,A Survey of Artificial Intelligence for Cognitive Radios,2010,article,280,71,Cognitive Radio Networks and Spectrum Sensing; Power Line Communications and Noise; Wireless Communication Networks Research,IEEE Transactions on Vehicular Technology,An He; James Jody Neel; Jeffrey H. Reed; Joseph Gaeddert; Kyouwoong Kim; Kyung Kyoon Bae; Lizdabel Morales-Tirado; Rekha Menon; Timothy R. Newman; William H. Tranter; Youping Zhao,Cognitive Radio Technologies; Liberty University; Samsung (South Korea); Shared Spectrum Company (United States); University of Lynchburg; University of Puerto Rico-Mayaguez; Virginia Tech,KR; PR; US
https://openalex.org/W1663018970,Introduction to artificial intelligence,2011,article,1094,0,"AI-based Problem Solving and Planning; Computability, Logic, AI Algorithms",Choice Reviews Online,,,
https://openalex.org/W2309460698,Series in Machine Perception and Artificial Intelligence,2012,paratext,365,371,Machine Learning and Algorithms; Machine Learning and Data Classification; Neural Networks and Applications,Series in machine perception and artificial intelligence,,,
https://openalex.org/W2072459226,Artificial Intelligence in Civil Engineering,2012,article,253,115,BIM and Construction Integration; Construction Project Management and Performance; Resource-Constrained Project Scheduling,Mathematical Problems in Engineering,Pengzhen Lu; Shengyong Chen; Yu‐Jun Zheng,Zhejiang University of Science and Technology; Zhejiang University of Technology,CN
https://openalex.org/W1550696814,Proceedings of the Eleventh Conference on Uncertainty in Artificial Intelligence (1995),2013,preprint,554,0,AI-based Problem Solving and Planning,arXiv (Cornell University),Philippe Besnard; Steve Hanks,Institut de Recherche en Informatique et Systèmes Aléatoires; Seattle University; University of Washington,FR; US
https://openalex.org/W2150291840,Artificial Intelligence and Big Data,2013,article,493,18,Big Data and Business Intelligence; Data Mining Algorithms and Applications; Machine Learning and Data Classification,IEEE Intelligent Systems,Daniel E. O’Leary,Southern California University for Professional Studies; University of Southern California,US
https://openalex.org/W1606650805,Proceedings of the Seventeenth Conference on Uncertainty in Artificial Intelligence (2001),2013,preprint,431,0,AI-based Problem Solving and Planning; Healthcare Technology and Patient Monitoring; Semantic Web and Ontologies,arXiv (Cornell University),Daphne Koller; Jack Breese,Microsoft (United States); Stanford University,US
https://openalex.org/W2132115288,Proceedings of the Fourteenth Conference on Uncertainty in Artificial Intelligence (1998),2013,preprint,381,0,AI-based Problem Solving and Planning,arXiv (Cornell University),Gregory F. Cooper; Serafı́n Moral,Universidad de Granada; University of Pittsburgh,ES; US
https://openalex.org/W1592076897,Proceedings of the Fifteenth Conference on Uncertainty in Artificial Intelligence (1999),2013,preprint,377,0,AI-based Problem Solving and Planning,arXiv (Cornell University),Henri Prade; Kathryn Blackmond Laskey,George Mason University; Institut de Recherche en Informatique de Toulouse,FR; US
https://openalex.org/W2044330180,Advances of flexible pressure sensors toward artificial intelligence and health care applications,2014,article,1247,121,Advanced Sensor and Energy Harvesting Materials; Conducting polymers and applications; Gas Sensing Nanomaterials and Sensors,Materials Horizons,Chong‐an Di; Daoben Zhu; Fengjiao Zhang; Yaping Zang,Beijing National Laboratory for Molecular Sciences; Chinese Academy of Sciences; Institute of Chemistry; University of Chinese Academy of Sciences,CN
https://openalex.org/W1542869478,Gene Expression Programming: Mathematical Modeling by an Artificial Intelligence,2014,book,794,0,Evolutionary Algorithms and Applications,,Cândida Ferreira,,
https://openalex.org/W2506282302,The ethics of artificial intelligence,2014,book-chapter,747,27,Adversarial Robustness in Machine Learning; Explainable Artificial Intelligence (XAI); Machine Learning in Healthcare,Cambridge University Press eBooks,Eliezer Yudkowsky; Nick Bostrom,Machine Intelligence Research Institute; University of Oxford,GB; US
https://openalex.org/W2062087947,Applications of hybrid wavelet–Artificial Intelligence models in hydrology: A review,2014,review,720,185,Energy Load and Power Forecasting; Hydrological Forecasting Using AI; Hydrology and Watershed Management Studies,Journal of Hydrology,Aida Hosseini Baghanam; Jan Adamowski; Vahid Nourani; Özgür Kişi,Canik Başarı University; McGill University; University of Tabriz,CA; IR; TR
https://openalex.org/W1946436763,Our final invention: artificial intelligence and the end of the human era,2014,article,398,0,Space Science and Extraterrestrial Life,Choice Reviews Online,,,
https://openalex.org/W619563084,Artificial Intelligence and the Future of Testing,2014,book,295,0,Intelligent Tutoring Systems and Adaptive Learning,Psychology Press eBooks,Roy Freedle,,
https://openalex.org/W3162616674,The Cambridge Handbook of Artificial Intelligence,2014,book,254,38,AI-based Problem Solving and Planning; Artificial Intelligence in Games; Multi-Agent Systems and Negotiation,Cambridge University Press eBooks,"Frankish, Keith 1962-","City, University of London; The Open University",GB
https://openalex.org/W2111298660,Artificial Intelligence Programming,2014,book,179,0,"Computability, Logic, AI Algorithms",Psychology Press eBooks,Christopher K. Riesbeck; Drew McDermott; Eugene Charniak; James Meehan,,
https://openalex.org/W1494192115,Probabilistic machine learning and artificial intelligence,2015,review,1955,113,"Advanced Bandit Algorithms Research; Computability, Logic, AI Algorithms; Gaussian Processes and Bayesian Inference",Nature,Zoubin Ghahramani,University of Cambridge,GB
https://openalex.org/W1720804347,A review on artificial intelligence based load demand forecasting techniques for smart grid and buildings,2015,review,984,133,Energy Load and Power Forecasting; Smart Grid Energy Management; Solar Radiation and Photovoltaics,Renewable and Sustainable Energy Reviews,Abbas Khosravi; Muhammad Qamar Raza,Deakin University; Queensland University of Technology; Universiti Teknologi Petronas; University of Queensland,AU; MY
https://openalex.org/W2001829221,Real conversations with artificial intelligence: A comparison between human–human online conversations and human–chatbot conversations,2015,article,827,25,Authorship Attribution and Profiling; Digital Communication and Language; Hate Speech and Cyberbullying Detection,Computers in Human Behavior,Ingrid G. Farreras; Jennifer Hill; W. Randolph Ford,George Washington University; Hood College; University of Maryland University College Europe,DE; US
https://openalex.org/W2240086230,Research Priorities for Robust and Beneficial Artificial Intelligence,2015,article,624,94,Artificial Intelligence in Healthcare and Education; Ethics and Social Impacts of AI; Explainable Artificial Intelligence (XAI),AI Magazine,Daniel Dewey; Max Tegmark; Stuart Russell,"Massachusetts Institute of Technology; University of California, Berkeley; University of Oxford",GB; US
https://openalex.org/W2177959459,Artificial intelligence based models for stream-flow forecasting: 2000–2015,2015,article,563,190,Flood Risk Assessment and Management; Hydrological Forecasting Using AI; Hydrology and Watershed Management Studies,Journal of Hydrology,Ahmed El‐Shafie; Haitham Abdulmohsin Afan; Khamis Naba Sayl; Othman Jaafar; Zaher Mundher Yaseen‬‬‬‬‬‬‬‬‬‬‬‬‬‬‬‬,National University of Malaysia; University of Malaya,MY
https://openalex.org/W1441180700,"Regulating Artificial Intelligence Systems: Risks, Challenges, Competencies, and Strategies",2015,article,557,7,"Digital Transformation in Law; Ethics and Social Impacts of AI; Law, AI, and Intellectual Property",SSRN Electronic Journal,Matthew Scherer,Center for the Study of Democracy,BG
https://openalex.org/W2073302931,Commonsense reasoning and commonsense knowledge in artificial intelligence,2015,article,415,56,"AI-based Problem Solving and Planning; Logic, Reasoning, and Knowledge; Semantic Web and Ontologies",Communications of the ACM,Ernest Davis; Gary Marcus,New York University,US
https://openalex.org/W972842902,"The Impacts of Robotics, Artificial Intelligence On Business and Economics",2015,article,393,26,"Blockchain Technology Applications and Security; FinTech, Crowdfunding, Digital Finance; Financial Literacy, Pension, Retirement Analysis",Procedia - Social and Behavioral Sciences,Cüneyt Dirican,Istanbul Arel University,TR
https://openalex.org/W2075424814,Applications of Artificial Intelligence in Machine Learning: Review and Prospect,2015,article,346,59,Data Stream Mining Techniques; Spam and Phishing Detection; Text and Document Classification Technologies,International Journal of Computer Applications,Akash Pal; Aritra Dey; Nabamita Banerjee Roy; Sumit Das,University of Kalyani,IN
https://openalex.org/W1505251695,Economic reasoning and artificial intelligence,2015,review,233,68,Auction Theory and Applications; Complex Systems and Time Series Analysis; Economic theories and models,Science,David C. Parkes; Michael P. Wellman,University of Michigan–Ann Arbor,US
https://openalex.org/W2337155942,Evolution and Revolution in Artificial Intelligence in Education,2016,article,1030,96,Innovative Teaching and Learning Methods; Intelligent Tutoring Systems and Adaptive Learning; Online Learning and Analytics,International Journal of Artificial Intelligence in Education,Ido Roll; Ruth Wylie,Arizona State University; University of British Columbia,CA; US
https://openalex.org/W2549906944,A review of artificial intelligence based building energy use prediction: Contrasting the capabilities of single and ensemble prediction models,2016,review,651,81,Building Energy and Comfort Optimization; Energy Load and Power Forecasting; Wind and Air Flow Studies,Renewable and Sustainable Energy Reviews,Ravi Srinivasan; Zeyu Wang,University of Florida,US
https://openalex.org/W2166400110,Future Progress in Artificial Intelligence: A Survey of Expert Opinion,2016,book-chapter,648,24,Cognitive Science and Mapping; Space Science and Extraterrestrial Life,Synthese Library/Synthese library,Nick Bostrom; Vincent C. Müller,Anatolia College; Oxford Spires Academy; University of Oxford,GB; GR
https://openalex.org/W2280321044,Applied artificial intelligence and trust—The case of autonomous vehicles and medical assistance devices,2016,article,641,75,Blockchain Technology Applications and Security; Ethics and Social Impacts of AI; Human-Automation Interaction and Safety,Technological Forecasting and Social Change,Ellen Enkel; Monika Hengstler; Selina Duelli,Airbus (Germany); Zeppelin Universität gemeinnützige GmbH,DE
https://openalex.org/W2558050786,Adapting to Artificial Intelligence,2016,article,612,4,AI in cancer detection; Artificial Intelligence in Healthcare and Education; Radiomics and Machine Learning in Medical Imaging,JAMA,Eric J. Topol; Saurabh Kumar Jha,Scripps Research Institute; University of Pennsylvania,US
https://openalex.org/W2236370645,Unmanned Aerial Vehicles (UAVs) and Artificial Intelligence Revolutionizing Wildlife Monitoring and Conservation,2016,article,460,28,Species Distribution and Climate Change; Wildlife Ecology and Conservation; Wildlife-Road Interactions and Conservation,Sensors,Eduard Puig; Felipé Gonzalez; Glen Montes; Kerrie Mengersen; Kevin J. Gaston; Sandra Johnson,ARC Centre of Excellence for Mathematical and Statistical Frontiers; Queensland University of Technology; University of Exeter,AU; GB
https://openalex.org/W2559010931,Preparing for the future of Artificial Intelligence,2016,article,426,3,Artificial Intelligence Applications; Artificial Intelligence in Law; Legal Education and Practice Innovations,AI & Society,Alan Bundy,University of Edinburgh,GB
https://openalex.org/W2570220393,Heading toward Artificial Intelligence 2.0,2016,article,422,17,Anomaly Detection Techniques and Applications; Big Data Technologies and Applications; Data-Driven Disease Surveillance,Engineering,Yunhe Pan,Chinese Academy of Engineering,CN
https://openalex.org/W2557717610,Artificial intelligence and computer science in education: From kindergarten to university,2016,article,365,78,Educational Games and Gamification; Online Learning and Analytics; Teaching and Learning Programming,,Gerald Steinbauer; Martin Kandlhofer; Petra Huber; Sabine Hirschmugl-Gaisch,Graz University of Technology; University of Teacher Education Styria,AT
https://openalex.org/W4247767351,Artificial Intelligence,2016,book,297,0,Ethics and Social Impacts of AI,Oxford University Press eBooks,Jerry Kaplan,,
https://openalex.org/W2664267452,"Artificial intelligence in healthcare: past, present and future",2017,review,4527,65,Artificial Intelligence in Healthcare and Education; Machine Learning in Healthcare; Radiomics and Machine Learning in Medical Imaging,Stroke and Vascular Neurology,Fei Jiang; Haipeng Shen; Hao Li; Hui Zhi; Qiang Dong; Sufeng Ma; Yi Dong; Yilong Wang; Yong Jiang; Yongjun Wang,Beijing Tian Tan Hospital; Capital Medical University; Fudan University; Huashan Hospital; National Clinical Research Center for Digestive Diseases; University of Hong Kong,CN; HK
https://openalex.org/W2576404523,Artificial intelligence in medicine,2017,review,2241,24,Artificial Intelligence in Healthcare and Education; Clinical Reasoning and Diagnostic Skills; Machine Learning in Healthcare,Metabolism,Johanne Tremblay; Pavel Hamet,Centre Hospitalier de l’Université de Montréal,CA
https://openalex.org/W2582336686,The forthcoming Artificial Intelligence (AI) revolution: Its impact on society and firms,2017,article,1781,30,Economic and Technological Innovation,Futures,Spyros Makridakis,University of Nicosia,CY
https://openalex.org/W2770717476,Exploring the impact of artificial intelligence on teaching and learning in higher education,2017,article,1711,32,Online Learning and Analytics,Research and Practice in Technology Enhanced Learning,Sharon Kerr; Ştefan Popenici,Charles Darwin University; NSW Department of Education,AU
https://openalex.org/W2738724892,Neuroscience-Inspired Artificial Intelligence,2017,review,1538,193,EEG and Brain-Computer Interfaces; Functional Brain Connectivity Studies; Neural dynamics and brain function,Neuron,Christopher Summerfield; Demis Hassabis; Dharshan Kumaran; Matthew Botvinick,DeepMind (United Kingdom); National Hospital for Neurology and Neurosurgery; Oxford Centre for Computational Neuroscience; University College London; University of Oxford,GB
https://openalex.org/W2624147939,Brain Intelligence: Go beyond Artificial Intelligence,2017,article,1134,65,EEG and Brain-Computer Interfaces; Neural Networks and Applications; Robotics and Automated Systems,Mobile Networks and Applications,Huimin Lu; Hyoung Seop Kim; Min Chen; Seiichi Serikawa; Yujie Li,Huazhong University of Science and Technology; Kyushu Institute of Technology; Yangzhou University,CN; JP
https://openalex.org/W2617110182,Artificial Intelligence in Precision Cardiovascular Medicine,2017,review,1069,42,Artificial Intelligence in Healthcare; Artificial Intelligence in Healthcare and Education; Machine Learning in Healthcare,Journal of the American College of Cardiology,Chayakrit Krittanawong; HongJu Zhang; Mehmet Aydar; Takeshi Kitai; Zhen Wang,Cleveland Clinic; Icahn School of Medicine at Mount Sinai; Kent State University; Kobe City Medical Center General Hospital; Mayo Clinic; Mayo Clinic in Arizona; Mayo Clinic in Florida; Mount Sinai Hospital,JP; US
https://openalex.org/W2753415590,"Explainable Artificial Intelligence: Understanding, Visualizing and Interpreting Deep Learning Models",2017,preprint,1029,31,Adversarial Robustness in Machine Learning; Anomaly Detection Techniques and Applications; Explainable Artificial Intelligence (XAI),arXiv (Cornell University),Klaus‐Robert Müller; Thomas Wiegand; Wojciech Samek,,
https://openalex.org/W2580712957,"Smart Technology, Artificial Intelligence, Robotics, and Algorithms (STARA): Employees’ perceptions of our future workplace",2017,article,902,68,"Job Satisfaction and Organizational Behavior; Retirement, Disability, and Employment; Technostress in Professional Settings",Journal of Management & Organization,David Brougham; Jarrod Haar,Auckland University of Technology; Massey University,NZ
https://openalex.org/W2583955450,Applications of artificial intelligence in intelligent manufacturing: a review,2017,review,808,12,Digital Transformation in Industry,Frontiers of Information Technology & Electronic Engineering,Baocun Hou; Bo-hu Li; Chunwei Yang; Wentao Yu; Xiaobing Lu,China Aerospace Science and Technology Corporation,CN
https://openalex.org/W2574978968,DeepStack: Expert-level artificial intelligence in heads-up no-limit poker,2017,article,800,28,Artificial Intelligence in Games; Gambling Behavior and Treatments; Sports Analytics and Performance,Science,Dustin Morrill; Kevin Waugh; Martin Schmid; Matej Moravčík; Michael Bowling; Michael Johanson; Neil Burch; Nolan Bard; Trevor Davis; Viliam Lisý,Charles University; Czech Technical University in Prague; University of Alberta,CA; CZ
https://openalex.org/W2767381938,Artificial Intelligence in Medical Practice: The Question to the Answer?,2017,review,772,27,Artificial Intelligence in Healthcare and Education; COVID-19 diagnosis using AI; Machine Learning in Healthcare,The American Journal of Medicine,D. Douglas Miller; Eric W. Brown,New York Medical College,US
https://openalex.org/W2767568774,Artificial Intelligence and the Modern Productivity Paradox: A Clash of Expectations and Statistics,2017,preprint,729,99,Economic Growth and Productivity; Economic and Technological Innovation,National Bureau of Economic Research,Chad Syverson; Daniel Rock; Erik Brynjolfsson,Massachusetts Institute of Technology; National Bureau of Economic Research; University of Chicago,US
https://openalex.org/W2580906503,"Artificial Intelligence and the ‘Good Society’: the US, EU, and UK approach",2017,article,670,29,"Artificial Intelligence in Healthcare and Education; Ethics and Social Impacts of AI; Neuroethics, Human Enhancement, Biomedical Innovations",Science and Engineering Ethics,Brent Mittelstadt; Corinne Cath; Luciano Floridi; Mariarosaria Taddeo; Sandra Wachter,British Library; The Alan Turing Institute; Turing Institute; University of Oxford,GB
https://openalex.org/W2604599489,The Emergence of Artificial Intelligence: How Automation is Changing Auditing,2017,article,642,15,"Auditing, Earnings Management, Governance; Forecasting Techniques and Applications; Stock Market Forecasting Methods",Journal of Emerging Technologies in Accounting,Julia Kokina; Thomas H. Davenport,Babson College,US
https://openalex.org/W2640557513,A novel hybrid artificial intelligence approach for flood susceptibility assessment,2017,article,634,114,Flood Risk Assessment and Management; Hydrology and Drought Analysis; Hydrology and Watershed Management Studies,Environmental Modelling & Software,Ataollah Shirzadi; Binh Thai Pham; Dieu Tien Bui; Himan Shahabi; Kamran Chapi; Khabat Khosravi; Vijay P. Singh,Sari Agricultural Sciences and Natural Resources University; Texas A&M University; University Of Transport Technology; University of Kurdistan; University of South-Eastern Norway,IR; NO; US; VN
https://openalex.org/W2602923095,Intelligent 5G: When Cellular Networks Meet Artificial Intelligence,2017,article,593,16,Advanced MIMO Systems Optimization; Advanced Wireless Communication Technologies; Cooperative Communication and Network Coding,IEEE Wireless Communications,Guoru Ding; Honggang Zhang; Rongpeng Li; Xuan Zhou; Yan Chen; Zhifeng Zhao; Zhongyao Wang,Alibaba Group (United States); Huawei Technologies (United Kingdom); PLA Army Engineering University; Zhejiang University,CN; GB; US
https://openalex.org/W2766894906,Medical Education Must Move From the Information Age to the Age of Artificial Intelligence,2017,article,556,3,Clinical Reasoning and Diagnostic Skills; Innovations in Medical Education; Radiology practices and education,Academic Medicine,C. Donald Combs; Steven A. Wartman,Association of Academic Health Centers,US
https://openalex.org/W2098206081,Artificial Intelligence with Uncertainty,2017,book,481,8,Cognitive Science and Mapping; Neural Networks and Applications; Rough Sets and Fuzzy Logic,,Deyi Li; Yi Du,China Internet Network Information Center; Chinese Academy of Engineering; Computer Network Information Center,CN
https://openalex.org/W2767307339,Converging blockchain and next-generation artificial intelligence technologies to decentralize and accelerate biomedical research and healthcare,2017,article,470,89,Artificial Intelligence in Healthcare and Education; Blockchain Technology Applications and Security; Machine Learning in Healthcare,Oncotarget,Alex Botezatu; Alex Ostrovski; Alex Zhavoronkov; Alexander Aliper; Alexander Zhebrak; Eugene Izumchenko; Iraneus Obioma Ogu; Konstantin Romantsov; Lucy O. Ojomoko; Pavel Prikhodko; Polina Mamoshina; Yury Yanovich,Johns Hopkins Medicine; Johns Hopkins University; University of Oxford,GB; US
https://openalex.org/W627140926,Introduction to Artificial Intelligence,2017,book,465,8,Artificial Intelligence in Games; Big Data and Digital Economy; Explainable Artificial Intelligence (XAI),Undergraduate topics in computer science,Wolfgang Ertel,University of Applied Sciences Ravensburg-Weingarten,DE
https://openalex.org/W2733840449,Artificial intelligence for analyzing orthopedic trauma radiographs,2017,article,456,20,Artificial Intelligence in Healthcare and Education; Autopsy Techniques and Outcomes; Medical Imaging and Analysis,Acta Orthopaedica,Ali Sharif Razavian; André Stark; Anthony Jilert; Atsuto Maki; Jakub Olczak; Max Gordon; Niklas Fahlberg; Olof Sköldenberg,Glanrhyd Hospital; KTH Royal Institute of Technology; Karolinska Institutet,GB; SE
https://openalex.org/W2616101974,"Internet of Things, Real-Time Decision Making, and Artificial Intelligence",2017,article,453,27,Anomaly Detection Techniques and Applications; Data Stream Mining Techniques; Reinforcement Learning in Robotics,Annals of Data Science,James M. Tien,University of Miami,US
https://openalex.org/W2601923741,Using Artificial Intelligence to Improve Real-Time Decision-Making for High-Impact Weather,2017,article,441,107,Climate variability and models; Flood Risk Assessment and Management; Meteorological Phenomena and Simulations,Bulletin of the American Meteorological Society,Amy McGovern; Christopher D. Karstens; David John Gagne; John K. Williams; Kimberly L. Elmore; Ryan Lagerquist; Sue Ellen Haupt; Travis M. Smith,Cooperative Institute for Mesoscale Meteorological Studies; NOAA National Severe Storms Laboratory; NSF National Center for Atmospheric Research; University of Oklahoma,US
https://openalex.org/W2522133792,Long-Term Trends in the Public Perception of Artificial Intelligence,2017,article,432,17,Ethics and Social Impacts of AI; Misinformation and Its Impacts; Psychology of Moral and Emotional Judgment,Proceedings of the AAAI Conference on Artificial Intelligence,Eric Horvitz; Ethan Fast,Microsoft Research (United Kingdom); Stanford University,GB; US
https://openalex.org/W2765257612,Artificial Intelligence and Economic Growth,2017,report,411,67,Economic Growth and Productivity; Economic and Technological Innovation; Innovation Diffusion and Forecasting,National Bureau of Economic Research,Benjamin Jones; Charles I. Jones; Philippe Aghion,Collège de France; National Bureau of Economic Research; Northwestern University; Stanford University,FR; US
https://openalex.org/W4240935049,Proceedings of the Twenty-Sixth International Joint Conference on Artificial Intelligence,2017,paratext,410,27,Advanced Graph Neural Networks; Graph Theory and Algorithms; Semantic Web and Ontologies,,,,
https://openalex.org/W2592549567,Incorporating Ethics into Artificial Intelligence,2017,article,366,34,"Ethics and Social Impacts of AI; Neuroethics, Human Enhancement, Biomedical Innovations; Psychology of Moral and Emotional Judgment",The Journal of Ethics,Amitaï Etzioni; Oren Etzioni,Allen Institute for Artificial Intelligence; George Washington University,US
https://openalex.org/W2783616455,"Artificial intelligence, machine learning and deep learning",2017,article,363,18,Anomaly Detection Techniques and Applications; Time Series Analysis and Forecasting; Traffic Prediction and Management Techniques,,Pariwat Ongsulee,Siam University,TH
https://openalex.org/W2772124661,Artificial Intelligence and Statistics,2017,preprint,358,0,Data Analysis with R; Forecasting Techniques and Applications; Statistical and Computational Modeling,arXiv (Cornell University),Bin Yu; Karl Kumbier,"University of California, Berkeley",US
https://openalex.org/W2582821003,An artificial intelligence platform for the multihospital collaborative management of congenital cataracts,2017,article,355,31,Artificial Intelligence in Healthcare and Education; Digital Imaging for Blood Diseases; Retinal Imaging and Analysis,Nature Biomedical Engineering,Dongni Wang; Erping Long; Haotian Lin; Jiewei Jiang; Jing Li; Jingjing Chen; Liming Wang; Qianzhong Cao; Weirong Chen; Xiaohang Wu; Xiaoyan Li; Xiyang Liu; Yingying An; Yizhi Liu; Zhenzhen Liu; Zhuoling Lin,Sun Yat-sen University; Xidian University,CN
https://openalex.org/W2776311290,Artificial Intelligence and Its Implications for Income Distribution and Unemployment,2017,preprint,354,76,Economic Development and Digital Transformation; Economic Growth and Productivity; Economic and Technological Innovation,National Bureau of Economic Research,Anton Korinek; Joseph E. Stiglitz,Columbia University; Johns Hopkins University; National Bureau of Economic Research,US
https://openalex.org/W2606105023,Renewable energy: Present research and future scope of Artificial Intelligence,2017,article,354,412,Hybrid Renewable Energy Systems; Solar Radiation and Photovoltaics; Water-Energy-Food Nexus Studies,Renewable and Sustainable Energy Reviews,Anju Jha; Han Zhang; Jasmin Bilalovic; Nilesh Patel; Sunil Kumar Jha,Oakland University; Shenzhen University; University of Information Science and Technology St. Paul The Apostle; University of Information Technology and Management in Rzeszow,CN; MK; PL; US
https://openalex.org/W2756210775,The role of artificial intelligence in precision medicine,2017,article,335,9,AI in cancer detection; Artificial Intelligence in Healthcare and Education; COVID-19 diagnosis using AI,Expert Review of Precision Medicine and Drug Development,Bertalan Meskó,Semmelweis University,HU
https://openalex.org/W2616399473,An Intelligence in Our Image: The Risks of Bias and Errors in Artificial Intelligence,2017,book,324,2,Adversarial Robustness in Machine Learning; Ethics and Social Impacts of AI; Explainable Artificial Intelligence (XAI),RAND Corporation eBooks,Osonde Osoba; William Welser,,
https://openalex.org/W2604186734,Using Artificial Intelligence to Reduce the Risk of Nonadherence in Patients on Anticoagulation Therapy,2017,article,316,14,Acute Ischemic Stroke Management; Atrial Fibrillation Management and Outcomes; Stroke Rehabilitation and Recovery,Stroke,Adam Hanina; Daniel Labovitz; Deepti Virmani; Laura Shafner; Morayma Reyes Gil,AiCure (United States); Montefiore Medical Center,US
https://openalex.org/W2985900875,Artificial Intelligence and Legal Analytics,2017,book,309,0,Artificial Intelligence in Law,Cambridge University Press eBooks,Kevin D. Ashley,University of Pittsburgh,US
https://openalex.org/W2759511880,Deep into the Brain: Artificial Intelligence in Stroke Imaging,2017,review,260,50,Acute Ischemic Stroke Management; Cerebrovascular and Carotid Artery Diseases; Stroke Rehabilitation and Recovery,Journal of Stroke,Dong‐Wha Kang; Eun‐Jae Lee; Namkug Kim; Yong‐Hwan Kim,Asan Medical Center; Ulsan College; University of Ulsan,KR
https://openalex.org/W2589759783,Towards artificial intelligence-based assessment systems,2017,article,257,7,Innovative Teaching and Learning Methods; Intelligent Tutoring Systems and Adaptive Learning; Online Learning and Analytics,Nature Human Behaviour,Rose Luckin,University College London,GB
https://openalex.org/W2908201961,High-performance medicine: the convergence of human and artificial intelligence,2018,review,8133,209,Artificial Intelligence in Healthcare and Education; Machine Learning in Healthcare; Radiomics and Machine Learning in Medical Imaging,Nature Medicine,Eric J. Topol,Scripps (United States); Scripps Institution of Oceanography; Scripps Research Institute,US
https://openalex.org/W2891503716,Peeking Inside the Black-Box: A Survey on Explainable Artificial Intelligence (XAI),2018,article,5676,201,Adversarial Robustness in Machine Learning; Artificial Intelligence in Healthcare and Education; Explainable Artificial Intelligence (XAI),IEEE Access,Amina Adadi; Mohammed Berrada,Sidi Mohamed Ben Abdellah University,MA
https://openalex.org/W2803760365,Artificial intelligence in radiology,2018,review,3566,119,AI in cancer detection; Lung Cancer Diagnosis and Treatment; Radiomics and Machine Learning in Medical Imaging,Nature reviews. Cancer,Ahmed Hosny; Chintan Parmar; Hugo J.W.L. Aerts; John Quackenbush; Lawrence H. Schwartz,Columbia University; Dana-Farber Brigham Cancer Center; Dana-Farber Cancer Institute; Dana-Farber/Harvard Cancer Center; Harvard University; NewYork–Presbyterian Hospital,US
https://openalex.org/W2786141192,Artificial Intelligence in Service,2018,article,3177,47,AI in Service Interactions; Digital Transformation in Industry; Service and Product Innovation,Journal of Service Research,Ming‐Hui Huang; Roland T. Rust,"National Taiwan University; University of Maryland, College Park",TW; US
https://openalex.org/W2899856450,"Siri, Siri, in my hand: Who’s the fairest in the land? On the interpretations, illustrations, and implications of artificial intelligence",2018,article,2805,23,"Big Data and Business Intelligence; Innovation, Sustainability, Human-Machine Systems; Supply Chain Resilience and Risk Management",Business Horizons,Andreas Kaplan; Michael Haenlein,ESCP Business School,DE; FR
https://openalex.org/W2895763047,Artificial intelligence in healthcare,2018,review,2640,137,Artificial Intelligence in Healthcare; Artificial Intelligence in Healthcare and Education; Ethics in Clinical Research,Nature Biomedical Engineering,Andrew L. Beam; Isaac S. Kohane; Kun‐Hsing Yu,Boston Children's Hospital; Harvard University,US
https://openalex.org/W2796755741,Artificial intelligence and the future of work: Human-AI symbiosis in organizational decision making,2018,article,2176,46,"Ethics and Social Impacts of AI; Innovation, Sustainability, Human-Machine Systems; Supply Chain Resilience and Risk Management",Business Horizons,Mohammad Hossein Jarrahi,University of North Carolina at Chapel Hill,US
https://openalex.org/W2906295032,The practical implementation of artificial intelligence technologies in medicine,2018,review,2174,24,AI in cancer detection; Artificial Intelligence in Healthcare and Education; Radiomics and Machine Learning in Medical Imaging,Nature Medicine,Jianxing He; Jie Xu; Jiming Xu; Kang Zhang; Sally L. Baxter; Xingtao Zhou,Beijing Tongren Hospital; Capital Medical University; Cloud Computing Center; Eye & ENT Hospital of Fudan University; First Affiliated Hospital of Guangzhou Medical University; Guangzhou Medical University; Guangzhou Regenerative Medicine and Health Guangdong Laboratory; Smith-Kettlewell Eye Research Institute; UC San Diego Health System; University of California San Diego; VA San Diego Healthcare System,CN; US
https://openalex.org/W2791694051,Artificial intelligence for fault diagnosis of rotating machinery: A review,2018,review,2074,119,Engineering Diagnostics and Reliability; Fault Detection and Control Systems; Machine Fault Diagnosis Techniques,Mechanical Systems and Signal Processing,Boyuan Yang; Enrico Zio; Ruonan Liu; Xuefeng Chen,CentraleSupélec; Laboratoire Génie Industriel; Politecnico di Milano; Université Paris-Saclay; Xi'an Jiaotong University,CN; FR; IT
https://openalex.org/W2963819344,Artificial intelligence and statistics,2018,article,1992,8,Morphological variations and asymmetry,Frontiers of Information Technology & Electronic Engineering,Bin Yu; Karl Kumbier,"University of California, Berkeley",US
https://openalex.org/W2790209545,Artificial Intelligence in Surgery: Promises and Perils,2018,review,1308,68,Artificial Intelligence in Healthcare and Education; Radiomics and Machine Learning in Medical Imaging; Surgical Simulation and Training,Annals of Surgery,Daniel A. Hashimoto; Daniela Rus; Guy Rosman; Ozanan R. Meireles,Massachusetts General Hospital; Massachusetts Institute of Technology,US
https://openalex.org/W2901226889,Screening for cardiac contractile dysfunction using an artificial intelligence–enabled electrocardiogram,2018,article,1284,42,Cardiac electrophysiology and arrhythmias; Cardiovascular Function and Risk Factors; ECG Monitoring and Analysis,Nature Medicine,Christopher G. Scott; Dorothy J. Ladewig; Francisco López-Jiménez; Gaurav Satam; Maurice Enriquez‐Sarano; Patricia A. Pellikka; Paul A. Friedman; Paul M. McKie; Peter A. Noseworthy; Rickey E. Carter; Samuel J. Asirvatham; Suraj Kapa; Thomas M. Munger; Zachi I. Attia,Mayo Clinic; Mayo Clinic in Arizona; Mayo Clinic in Florida; WinnMed,US
https://openalex.org/W2898192966,Artificial Intelligence and Deep Learning in Ophthalmology,2018,review,1224,209,Glaucoma and retinal disorders; Retinal Imaging and Analysis; Retinal and Optic Conditions,Artificial Intelligence in Medicine,Daniel Shu Wei Ting; Gavin Siew Wei Tan; John Peter Campbell; Leopold Schmetterer; Lily Peng; Pearse A. Keane; Tien Yin Wong,Chinese University of Hong Kong; Duke-NUS Medical School; Google (United States); Medical University of Vienna; Moorfields Eye Hospital; Moorfields Eye Hospital NHS Foundation Trust; Nanyang Technological University; National University of Singapore; Oregon Health & Science University; Sankara Nethralaya; Sinai Hospital; Singapore Eye Research Institute; Singapore National Eye Center; University College London; University of Washington,AT; GB; HK; IN; SG; US
https://openalex.org/W2896893468,The Artificial Intelligence Clinician learns optimal treatment strategies for sepsis in intensive care,2018,article,1191,41,Artificial Intelligence in Healthcare and Education; Machine Learning in Healthcare; Sepsis Diagnosis and Treatment,Nature Medicine,A. Aldo Faisal; Anthony Gordon; Leo Anthony Celi; Matthieu Komorowski; Omar Badawi,"Beth Israel Deaconess Medical Center; Harvard–MIT Division of Health Sciences and Technology; Imperial College London; MRC London Institute of Medical Sciences; Philips (Finland); University of Maryland, Baltimore",FI; GB; US
https://openalex.org/W2807593075,Artificial Intelligence in Cardiology,2018,review,1137,56,Artificial Intelligence in Healthcare; Artificial Intelligence in Healthcare and Education; Machine Learning in Healthcare,Journal of the American College of Cardiology,Benjamin S. Glicksberg; Euan A. Ashley; Jessica Torres Soto; Joel T. Dudley; Khader Shameer; Kipp W. Johnson; Mohsin Ali; Riccardo Miotto,"Center for Inherited Blood Disorders; Icahn School of Medicine at Mount Sinai; Mount Sinai Health System; Northwell Health; Stanford University; University of California, San Francisco",US
https://openalex.org/W2809925683,Explainable artificial intelligence: A survey,2018,article,1118,63,Adversarial Robustness in Machine Learning; Explainable Artificial Intelligence (XAI); Machine Learning in Healthcare,,Filip Karlo Došilović; Mario Brčić; Nikica Hlupić,University of Zagreb,HR
https://openalex.org/W2884686506,Artificial Intelligence and the Public Sector—Applications and Challenges,2018,article,1053,93,Ethics and Social Impacts of AI,International Journal of Public Administration,Bernd W. Wirtz; Carolin Geyer; Jan C. Weyerer,German University of Administrative Sciences,DE
https://openalex.org/W2792315573,Machine learning &amp; artificial intelligence in the quantum domain: a review of recent progress,2018,review,1015,397,Quantum Computing Algorithms and Architecture; Quantum Information and Cryptography; Quantum Mechanics and Applications,Reports on Progress in Physics,Hans J. Briegel; Vedran Dunjko,Max Planck Institute of Quantum Optics; University of Konstanz; Universität Innsbruck,AT; DE
https://openalex.org/W2807042118,Emerging artificial intelligence methods in structural engineering,2018,article,994,337,Infrastructure Maintenance and Monitoring; Non-Destructive Testing Techniques; Structural Health Monitoring Techniques,Engineering Structures,Hadi Salehi; Rigoberto Burgueño,Michigan State University,US
https://openalex.org/W2895995041,"An Empathy-Driven, Conversational Artificial Intelligence Agent (Wysa) for Digital Mental Well-Being: Real-World Data Evaluation Mixed-Methods Study",2018,article,941,39,Digital Mental Health Interventions; Mental Health via Writing; Mobile Health and mHealth Applications,JMIR mhealth and uhealth,Becky Inkster; Shubhankar Sarda; Vinod Subramanian,University of Cambridge; Wye College,GB
https://openalex.org/W2901411193,Artificial intelligence in drug development: present status and future prospects,2018,review,933,78,"Artificial Intelligence in Healthcare and Education; Computational Drug Discovery Methods; Genetics, Bioinformatics, and Biomedical Research",Drug Discovery Today,Kit‐Kay Mak; Mallikarjuna Rao Pichika,IMU University,MY
https://openalex.org/W2893740026,Supply chain risk management and artificial intelligence: state of the art and future research directions,2018,article,908,132,Quality and Supply Management; Supply Chain Resilience and Risk Management; Sustainable Supply Chain Management,International Journal of Production Research,George Baryannis; Grigoris Antoniou; Sahar Validi; Samir Dani,University of Huddersfield,GB
https://openalex.org/W2887311010,Computer vision and artificial intelligence in precision agriculture for grain crops: A systematic review,2018,review,905,71,Remote Sensing in Agriculture; Smart Agriculture and AI; Spectroscopy and Chemometric Analyses,Computers and Electronics in Agriculture,Diego Patrício; Rafael Rieder,Brazilian Agricultural Research Corporation; Universidade de Passo Fundo,BR
https://openalex.org/W2894468641,Artificial Intelligence trends in education: a narrative overview,2018,article,853,29,Educational Games and Gamification; Intelligent Tutoring Systems and Adaptive Learning; Online Learning and Analytics,Procedia Computer Science,Alexandra Klímová; Anna Bilyatdinova; Maud Chassignol; А В Хорошавин,Herzen University; ITMO University; Institut Supérieur de l'Électronique et du Numérique,FR; RU
https://openalex.org/W2783687327,Methodologic Guide for Evaluating Clinical Performance and Effect of Artificial Intelligence Technology for Medical Diagnosis and Prediction,2018,review,841,49,AI in cancer detection; Artificial Intelligence in Healthcare and Education; Radiomics and Machine Learning in Medical Imaging,Radiology,Kyunghwa Han; Seong Ho Park,University of Ulsan,KR
https://openalex.org/W2890793284,Industrial Artificial Intelligence for industry 4.0-based manufacturing systems,2018,article,824,13,Digital Transformation in Industry; Industrial Vision Systems and Defect Detection; IoT and Edge/Fog Computing,Manufacturing Letters,Hossein Seifi Davari; Jaskaran Singh; Jay Lee; Vibhor Pandhare,University of Cincinnati,US
https://openalex.org/W2893693469,Artificial intelligence in medical imaging: threat or opportunity? Radiologists again at the forefront of innovation in medicine,2018,review,815,71,Artificial Intelligence in Healthcare and Education; Radiology practices and education; Radiomics and Machine Learning in Medical Imaging,European Radiology Experimental,Filippo Pesapane; Francesco Sardanelli; Marina Codari,IRCCS Policlinico San Donato; University of Milan,IT
https://openalex.org/W2897312458,Mapping the challenges of Artificial Intelligence in the public sector: Evidence from public healthcare,2018,article,810,76,E-Government and Public Services; Ethics and Social Impacts of AI; Information Systems Theories and Implementation,Government Information Quarterly,Rony Medaglia; Tara Qian Sun,Copenhagen Business School; University of Chinese Academy of Sciences,CN; DK
https://openalex.org/W2899876413,Clinical Decision Support in the Era of Artificial Intelligence,2018,article,808,8,Artificial Intelligence in Healthcare and Education; COVID-19 diagnosis using AI; Retinal Imaging and Analysis,JAMA,Edward H. Shortliffe; Martin Sepulveda,Arizona State University; Columbia University,US
https://openalex.org/W2783479218,Waiting for a sales renaissance in the fourth industrial revolution: Machine learning and artificial intelligence in sales research and practice,2018,article,790,50,AI in Service Interactions; Blockchain Technology Applications and Security; Consumer Retail Behavior Studies,Industrial Marketing Management,Arun Sharma; Niladri Syam,Cornell University; University of Miami; University of Missouri,US
https://openalex.org/W2886801379,Artificial intelligence in retina,2018,review,760,212,Digital Imaging for Blood Diseases; Retinal Imaging and Analysis; Retinal and Optic Conditions,Progress in Retinal and Eye Research,Amir Sadeghipour; Bianca S. Gerendas; Hrvoje Bogunović; Sebastian M. Waldstein; Ursula Schmidt‐Erfurth,Christian Doppler Laboratory for Thermoelectricity; Medical University of Vienna,AT
https://openalex.org/W2888967035,Artificial intelligence (AI) and global health: how can AI contribute to health in resource-poor settings?,2018,review,738,28,Artificial Intelligence in Healthcare and Education; COVID-19 diagnosis using AI; Ethics in Clinical Research,BMJ Global Health,Aline Cossy-Gantner; Brian Wahl; Nina Schwalbe; Stefan Germann,Fondation Botnar; Spark Therapeutics (United States),CH; US
https://openalex.org/W2855469196,Medical students' attitude towards artificial intelligence: a multicentre survey,2018,article,715,12,Artificial Intelligence in Healthcare and Education; COVID-19 diagnosis using AI; Radiology practices and education,European Radiology,Bettina Baeßler; Daniel Giese; Daniel Pinto dos Santos; David Maintz; Robert Kleinert; Sebastian Brodehl; Seung‐Hun Chon; Wieland Staab,University Hospital Cologne; Universitätsmedizin Göttingen,DE
https://openalex.org/W2783201053,Application of artificial intelligence using a convolutional neural network for detecting gastric cancer in endoscopic images,2018,article,715,37,Colorectal Cancer Screening and Detection; Gastric Cancer Management and Outcomes; Gastrointestinal Bleeding Diagnosis and Treatment,Gastric Cancer,Junko Fujisaki; Kazuharu Aoyama; Keigo Matsuo; Mitsuhiro Fujishiro; Satoki Shichijo; Soichiro Ishihara; Tatsuya Ohnishi; Tetsuya Tanimoto; Tomohiro Tada; Toshiaki Hirasawa; Tsuyoshi Ozawa,Honda (Japan); International University of Health and Welfare; Japanese Foundation For Cancer Research; Medical Governance Research Institute; Osaka International Cancer Institute; The Cancer Institute Hospital; The University of Tokyo; Tokatsu Hospital,JP
https://openalex.org/W2785645041,"Artificial Intelligence and Machine Learning in Radiology: Opportunities, Challenges, Pitfalls, and Criteria for Success",2018,article,702,20,Advanced X-ray and CT Imaging; Artificial Intelligence in Healthcare and Education; Radiomics and Machine Learning in Medical Imaging,Journal of the American College of Radiology,Cinthia Cruz del Castillo; James A. Brink; James H. Thrall; Keith J. Dreyer; Quanzheng Li; Synho Do; Xiang Li,Harvard University; Massachusetts General Hospital,US
https://openalex.org/W2889335577,Using Psychological Artificial Intelligence (Tess) to Relieve Symptoms of Depression and Anxiety: Randomized Controlled Trial,2018,article,672,39,"Anxiety, Depression, Psychometrics, Treatment, Cognitive Processes; Digital Mental Health Interventions; Mental Health via Writing",JMIR Mental Health,Angela Joerin; Breanna Gentile; Lysanne Lakerink; Michiel Rauws; Russell Fulmer,Northwestern University; OpenAI (United States); Saxion; Xenobe Research Institute,NL; US
https://openalex.org/W2918598741,Stand-Alone Artificial Intelligence for Breast Cancer Detection in Mammography: Comparison With 101 Radiologists,2018,article,666,46,AI in cancer detection; COVID-19 diagnosis using AI; Digital Radiography and Breast Imaging,JNCI Journal of the National Cancer Institute,Albert Gubern‐Mérida; Alejandro Rodríguez‐Ruiz; Gisella Gennaro; Ingvar Andersson; Ioannis Sechopoulos; Kristina Lång; Margarita Chevalier; Matthew Wallis; Mireille J. M. Broeders; Paola Clauser; Ritse M. Mann; Sophia Zackrisson; Tao Tan; Thomas H. Helbich; Thomas Mertelmeier,,
https://openalex.org/W2797763839,"Artificial Intelligence, Machine Learning, Deep Learning, and Cognitive Computing: What Do These Terms Mean and How Will They Impact Health Care?",2018,article,658,11,Artificial Intelligence in Healthcare and Education; Machine Learning in Healthcare; Medical Imaging and Analysis,The Journal of Arthroplasty,Stefano A. Bini,"University of California, San Francisco",US
https://openalex.org/W2783386352,"Artificial Intelligence, Automation and Work",2018,preprint,649,43,Digital Transformation in Industry,National Bureau of Economic Research,Daron Acemoğlu; Pascual Restrepo,Boston University; IIT@MIT; National Bureau of Economic Research,US
https://openalex.org/W2896245505,"Governing artificial intelligence: ethical, legal and technical opportunities and challenges",2018,article,644,39,"Ethics and Social Impacts of AI; Law, AI, and Intellectual Property; Neuroethics, Human Enhancement, Biomedical Innovations",Philosophical Transactions of the Royal Society A Mathematical Physical and Engineering Sciences,Corinne Cath,The Alan Turing Institute; Turing Institute; University of Oxford,GB
https://openalex.org/W2903010511,"The promise of artificial intelligence in chemical engineering: Is it here, finally?",2018,article,625,106,Fault Detection and Control Systems; Machine Learning in Materials Science; Reservoir Engineering and Simulation Methods,AIChE Journal,Venkat Venkatasubramanian,Columbia University,US
https://openalex.org/W2897620540,"Artificial intelligence, machine learning and health systems",2018,article,624,13,Artificial Intelligence in Healthcare; Artificial Intelligence in Healthcare and Education; Machine Learning in Healthcare,Journal of Global Health,Peter Szolovits; Rifat Atun; Trishan Panch,Harvard Global Health Institute; Harvard University; Massachusetts Institute of Technology,US
https://openalex.org/W2902461656,Artificial intelligence-enabled healthcare delivery,2018,article,596,37,Artificial Intelligence in Healthcare and Education; COVID-19 diagnosis using AI; Machine Learning in Healthcare,Journal of the Royal Society of Medicine,John Fox; Maulik Purohit; Sandeep Reddy,Deakin University; The University of Texas Health Science Center at Houston; The University of Texas at San Antonio Health Science Center; University of Oxford,AU; GB; US
https://openalex.org/W2901743512,Detection of Breast Cancer with Mammography: Effect of an Artificial Intelligence Support System,2018,article,595,36,AI in cancer detection; Global Cancer Incidence and Screening; Radiomics and Machine Learning in Medical Imaging,Radiology,Alejandro Rodríguez‐Ruiz; Elizabeth A. Krupinski; Ioannis Sechopoulos; Jan‐Jurre Mordang; Kathy Schilling; Ritse M. Mann; Sylvia H. Heywang‐Köbrunner,Boca Raton Regional Hospital; Dutch Expert Centre for Screening; Emory University; Radboud University Medical Center; Radboud University Nijmegen; University Medical Center,NL; US
https://openalex.org/W2899314786,The evolution of image reconstruction for CT—from filtered back projection to artificial intelligence,2018,review,583,133,Advanced X-ray and CT Imaging; Medical Imaging Techniques and Applications; Radiation Dose and Imaging,European Radiology,Martin J. Willemink; Peter B. Noël,Stanford University; TUM Klinikum; Technical University of Munich; University Medical Center Utrecht; University of Pennsylvania; Utrecht University,DE; NL; US
https://openalex.org/W2787225861,Artificial intelligence faces reproducibility crisis,2018,article,564,3,Artificial Intelligence in Healthcare and Education,Science,Matthew Hutson,World Federation of Science Journalists,CA
https://openalex.org/W2804354698,Artificial Intelligence for Diabetes Management and Decision Support: Literature Review,2018,review,547,146,Artificial Intelligence in Healthcare; Artificial Intelligence in Healthcare and Education; Machine Learning in Healthcare,Journal of Medical Internet Research,Iván Contreras; Josep Vehı́,Centro de Investigación Biomédica en Red Diabetes y Enfermedades Metabólicas Asociadas; Universitat de Girona,ES
https://openalex.org/W2806834952,How artificial intelligence is changing drug discovery,2018,article,539,0,"Computational Drug Discovery Methods; Genetics, Bioinformatics, and Biomedical Research",Nature,Nic Fleming,At Bristol,GB
https://openalex.org/W2901946084,Artificial Intelligence and Digital Pathology: Challenges and Opportunities,2018,review,530,54,AI in cancer detection; Digital Imaging for Blood Diseases; Radiomics and Machine Learning in Medical Imaging,Journal of Pathology Informatics,Hamid R. Tizhoosh; Liron Pantanowitz,Jacobs (Canada); University of Pittsburgh Medical Center; University of Waterloo,CA; US
https://openalex.org/W2906095734,Artificial Intelligence in Organizations: New Opportunities for Phenomenon-Based Theorizing,2018,article,527,26,"Complex Systems and Decision Making; Innovation, Sustainability, Human-Machine Systems",Academy of Management Discoveries,Georg von Krogh,ETH Zurich,CH
https://openalex.org/W2787887017,"The malicious use of artificial intelligence: Forecasting, prevention, and mitigation",2018,preprint,526,1,Adversarial Robustness in Machine Learning; Anomaly Detection Techniques and Applications; Artificial Intelligence in Healthcare and Education,Apollo (University of Cambridge),"Ben Garfinkel; Bobby Filar; Carrick Flynn; Clare Lyle; Dafoe, Allen; Dario Amodei; Gregory C. Allen; Haydn Belfield; Heather M. Roff; Helen Toner; Hyrum S. Anderson; Jack Clark; Jacob Steinhardt; Joanna J. Bryson; Michael Le Page; Miles Brundage; Owain Evans; Paul Scharre; Peter Eckersley; Rebecca Crootof; Roman V. Yampolskiy; SJ Beard; Sebastian Farquhar; Seán Ó hÉigeartaigh; Shahar Avin; Thomas Zeitzoff",,
https://openalex.org/W4238216513,Proceedings of the Twenty-Seventh International Joint Conference on Artificial Intelligence,2018,paratext,523,47,Action Observation and Synchronization; Multimodal Machine Learning Applications; Speech and dialogue systems,,,,
https://openalex.org/W2791279818,"Big Data Analytics, Machine Learning, and Artificial Intelligence in Next-Generation Wireless Networks",2018,article,516,19,Advanced MIMO Systems Optimization; Age of Information Optimization; Opportunistic and Delay-Tolerant Networks,IEEE Access,Fumihide Kojima; Gabriel Porto Villardi; Kentaro Ishizu; Kien Nguyen; Mirza Golam Kibria; Ou Zhao,National Institute of Information and Communications Technology,JP
https://openalex.org/W2796925382,Canadian Association of Radiologists White Paper on Artificial Intelligence in Radiology,2018,review,506,36,Artificial Intelligence in Healthcare and Education; Radiology practices and education; Radiomics and Machine Learning in Medical Imaging,Canadian Association of Radiologists Journal,Alexander Bilbily; Alexandre Cadrin-Chênevert; An Tang; B. Gallix; Bruce Gray; Caroline Reinhold; D. Ferguson; David Koff; J. Ross Mitchell; Jacob L. Jaremko; Jaron Chong; Joseph Barfett; Leonid Chepelev; Manuel Gaudreau Poudrette; Mark Cicero; Paul Babyn; Raym Geis; Robyn Cairns; Roger Tam; Sheldon Derkatch; Timothy O’Connell; Wael Shabana; Will Guest,BC Children's Hospital; Cegep regional de Lanaudiere; Centre Hospitalier de l’Université de Montréal; Centre Intégré de Santé et de Services Sociaux des Laurentides; Centre intégré de santé et de services sociaux de Chaudière-Appalaches; Mayo Clinic in Florida; McGill University Health Centre; National Jewish Health; St. Michael's Hospital; University of Alberta; University of British Columbia; University of Colorado Denver; University of Ottawa; University of Toronto; Université Laval; Université de Montréal; Université de Sherbrooke; WinnMed,CA; US
https://openalex.org/W2887719255,Real-Time Use of Artificial Intelligence in Identification of Diminutive Polyps During Colonoscopy,2018,article,499,27,AI in cancer detection; Colorectal Cancer Screening and Detection; Radiomics and Machine Learning in Medical Imaging,Annals of Internal Medicine,Fumihiko Urushibara; Fumio Ishida; Haruhiro Inoue; Hayato Itoh; Hiroaki Ikematsu; Hiroki Nakamura; Katsuro Ichimasa; Kazuo Ohtsuka; Kenichi Takeda; Kensaku Mori; Kinichi Hotta; Kunihiko Wakamura; Masahiro Oda; Masashi Misawa; Shinichi Kataoka; Shin‐ei Kudo; Takemasa Hayashi; Toyoki Kudo; Yasuharu Maeda; Yuichi Mori; Yushi Ogawa; Yutaka Saito,Nagoya University; National Cancer Center Hospital East; Shizuoka Cancer Center; Showa University; Showa University Northern Yokohama Hospital; Tokyo Medical and Dental University; Tokyo National Hospital,JP
https://openalex.org/W4394645559,"The Malicious Use of Artificial Intelligence: Forecasting, Prevention, and Mitigation",2018,preprint,491,0,Blockchain Technology Applications and Security; Information and Cyber Security; Network Security and Intrusion Detection,arXiv (Cornell University),Allan Dafoe; Ben Garfinkel; Bobby Filar; Carrick Flynn; Clare Lyle; Dario Amodei; Gregory C. Allen; Haydn Belfield; Heather M. Roff; Helen Toner; Hyrum S. Anderson; Jack Clark; Jacob Steinhardt; Joanna J. Bryson; Michael Le Page; Miles Brundage; Owain Evans; Paul Scharre; Peter Eckersley; Rebecca Crootof; Roman V. Yampolskiy; SJ Beard; Sebastian Farquhar; Seán Ó hÉigeartaigh; Shahar Avin; Thomas Zeitzoff,,
https://openalex.org/W2670253439,Explanation in artificial intelligence: Insights from the social sciences,2018,preprint,487,205,Explainable Artificial Intelligence (XAI); Machine Learning in Healthcare; Topic Modeling,Artificial Intelligence,Tim Miller,The University of Melbourne,AU
https://openalex.org/W2886205008,Diagnostic outcomes of esophageal cancer by artificial intelligence using convolutional neural networks,2018,article,462,14,AI in cancer detection; Colorectal Cancer Screening and Detection; Esophageal Cancer Research and Treatment,Gastrointestinal Endoscopy,Akiyoshi Ishiyama; Iruru Maetani; Junko Fujisaki; Kazuharu Aoyama; Mitsuhiro Fujishiro; Shoichi Yoshimizu; Soichiro Ishihara; Tomohiro Tada; Tomohiro Tsuchida; Toshiaki Hirasawa; Toshiyuki Yoshio; Tsuyoshi Ozawa; Yoshimasa Horie; Youichi Kumagai; Yusuke Horiuchi,International University of Health and Welfare; Japanese Foundation For Cancer Research; Saitama Medical University; Social Insurance Saitama Chuo Hospital; The University of Tokyo; Toho University; Toho University Ohashi Medical Center,JP
https://openalex.org/W2792145227,Artificial intelligence powers digital medicine,2018,review,459,25,Artificial Intelligence in Healthcare and Education; Digital Mental Health Interventions; Machine Learning in Healthcare,npj Digital Medicine,Alexander L. Fogel; Joseph C. Kvedar,Massachusetts General Hospital; Stanford University,US
https://openalex.org/W2887382745,Artificial intelligence as a medical device in radiology: ethical and regulatory issues in Europe and the United States,2018,review,459,50,Artificial Intelligence in Healthcare and Education; Autopsy Techniques and Outcomes; Ethics in Clinical Research,Insights into Imaging,Caterina Volonté; Filippo Pesapane; Francesco Sardanelli; Marina Codari,IRCCS Policlinico San Donato; Oldham Council; University of Milan,GB; IT
https://openalex.org/W2890106926,Machine learning: applications of artificial intelligence to imaging and diagnosis,2018,review,453,38,AI in cancer detection; Cutaneous Melanoma Detection and Management; Digital Imaging for Blood Diseases,Biophysical Reviews,Hsien W. Herbert Chan; James Nichols; Matthew A. B. Baker,Centenary Institute; Laboratoire Jacques-Louis Lions; Royal Prince Alfred Hospital; Sorbonne Université; The University of Sydney; UNSW Sydney,AU; FR
https://openalex.org/W2891336206,Artificial Intelligence in Advertising,2018,article,452,4,Consumer Behavior in Brand Consumption and Identification; Consumer Market Behavior and Pricing; Digital Marketing and Social Media,Journal of Advertising Research,Emily Treen; Jan Kietzmann; Jeannette Paschen,KTH Royal Institute of Technology; Simon Fraser University; University of Victoria,CA; SE
https://openalex.org/W2792919371,Artificial Intelligence and Games,2018,book,447,5,Artificial Intelligence in Games; Big Data and Business Intelligence,,Georgios N. Yannakakis; Julian Togelius,New York University; University of Malta,MT; US
https://openalex.org/W2897178686,Ethical governance is essential to building trust in robotics and artificial intelligence systems,2018,article,446,46,"Blockchain Technology Applications and Security; Ethics and Social Impacts of AI; Neuroethics, Human Enhancement, Biomedical Innovations",Philosophical Transactions of the Royal Society A Mathematical Physical and Engineering Sciences,Alan Winfield; Marina Jirotka,Bristol Robotics Laboratory; University of Oxford; University of the West of England,GB
https://openalex.org/W2789360655,Automated diabetic retinopathy detection in smartphone-based fundus photography using artificial intelligence,2018,article,446,24,Retinal Diseases and Treatments; Retinal Imaging and Analysis; Retinal and Optic Conditions,Eye,Radhakrishnan Subashini; Ramachandran Rajalakshmi; Ranjit Mohan Anjana; Viswanathan Mohan,Dr. Mohan's Diabetes Specialities Centre; Madras Diabetes Research Foundation,IN
https://openalex.org/W2788948370,Artificial intelligence in medicine: current trends and future possibilities,2018,article,433,7,COVID-19 diagnosis using AI; Data-Driven Disease Surveillance; Machine Learning in Healthcare,British Journal of General Practice,Irfan Ahmed; Mahiben Maruthappu; Varun Buch,Cerner (United States),US
https://openalex.org/W2790902688,Ethics in artificial intelligence: introduction to the special issue,2018,article,431,4,Ethics and Social Impacts of AI; Psychology of Moral and Emotional Judgment,Ethics and Information Technology,Virginia Dignum,Delft University of Technology,NL
https://openalex.org/W2767479331,The Impact of Artificial Intelligence on Innovation,2018,preprint,426,29,Big Data and Business Intelligence; Innovation Diffusion and Forecasting; Scientific Computing and Data Management,National Bureau of Economic Research,Iain Cockburn; Rebecca Henderson; Scott Stern,Boston University; National Bureau of Economic Research,US
https://openalex.org/W2897120700,Peering Into the Black Box of Artificial Intelligence: Evaluation Metrics of Machine Learning Methods,2018,review,409,22,Artificial Intelligence in Healthcare and Education; Radiology practices and education; Radiomics and Machine Learning in Medical Imaging,American Journal of Roentgenology,Amir H. Razavi; Guy Handelman; Hamed Asadi; Hong Kuan Kok; Mark Brooks; Michael J. Lee; Ronil V. Chandra; Shiwei Huang,Austin Health; Beaumont Hospital; Deakin University; Florey Institute of Neuroscience and Mental Health; Monash University; Royal College of Surgeons in Ireland; University of Melbourne; University of Ottawa,AU; CA; IE
https://openalex.org/W2887066107,The Application of Medical Artificial Intelligence Technology in Rural Areas of Developing Countries,2018,review,389,40,Artificial Intelligence in Healthcare and Education; Global Health and Surgery; Healthcare Systems and Public Health,Health Equity,Bin Li; Jonathan Guo,Georgetown University; Georgetown University Medical Center; Institute for the Psychological Sciences,US
https://openalex.org/W2797069348,Artificial Intelligence-Assisted Polyp Detection for Colonoscopy: Initial Experience,2018,article,387,9,Colorectal Cancer Screening and Detection; Esophageal Cancer Research and Treatment; Gastric Cancer Management and Outcomes,Gastroenterology,Akihiro Yamauchi; Fumio Ishida; Hayato Itoh; Hiroki Nakamura; Holger R. Roth; Katsuro Ichimasa; Kenichi Takeda; Kensaku Mori; Kunihiko Wakamura; Masahiro Oda; Masashi Misawa; Naoya Toyoshima; Noriyuki Ogata; Shinichi Kataoka; Shin‐ei Kudo; Takemasa Hayashi; Tomokazu Hisayuki; Tomonari Cho; Toshiyuki Baba; Toyoki Kudo; Yasuharu Maeda; Yuichi Mori; Yushi Ogawa; Yusuke Yagawa,Nagoya University; Showa University Northern Yokohama Hospital,JP
https://openalex.org/W2904251400,Questions for Artificial Intelligence in Health Care,2018,article,382,5,Artificial Intelligence in Healthcare; Artificial Intelligence in Healthcare and Education; Autopsy Techniques and Outcomes,JAMA,John S. Rumsfeld; Philip Payne; Thomas M. Maddox,American College of Cardiology; BJC HealthCare; Washington University in St. Louis,US
https://openalex.org/W2912297199,How Artificial Intelligence (AI) is Reshaping Retailing,2018,article,381,0,Digital Transformation in Industry,Journal of Retailing,Venkatesh Shankar,,
https://openalex.org/W2888397986,Computer-aided detection in chest radiography based on artificial intelligence: a survey,2018,review,379,111,Artificial Intelligence in Healthcare and Education; COVID-19 diagnosis using AI; Radiomics and Machine Learning in Medical Imaging,BioMedical Engineering OnLine,Chunli Qin; Demin Yao; Yonghong Shi; Zhijian Song,Fudan University; Shanghai Institute of Computing Technology; Shanghai Medical College of Fudan University,CN
https://openalex.org/W3170494682,The Economics of Artificial Intelligence,2018,preprint,373,0,Economic Growth and Productivity,,Ajay Agrawal; Avi Goldfarb; Joshua S. Gans,,
https://openalex.org/W2897614784,Constitutional democracy and technology in the age of artificial intelligence,2018,review,373,4,Ethics and Social Impacts of AI,Philosophical Transactions of the Royal Society A Mathematical Physical and Engineering Sciences,Paul Nemitz,Directorate-General for Energy; Google (United States),BE; US
https://openalex.org/W2895420596,Artificial Intelligence in Drug Design,2018,review,372,81,Computational Drug Discovery Methods; Machine Learning in Materials Science; Metabolomics and Mass Spectrometry Studies,Molecules,Gerhard Heßler; Karl‐Heinz Baringhaus,,
https://openalex.org/W2888233014,Artificial Intelligence Safety and Security,2018,book,365,0,Adversarial Robustness in Machine Learning; Ethics and Social Impacts of AI,,"Yampolskiy, Roman V. 1979-",,
https://openalex.org/W2784270883,<i>De Novo</i> Design of Bioactive Small Molecules by Artificial Intelligence,2018,article,364,20,Computational Drug Discovery Methods; Microbial Natural Products and Biosynthesis; Receptor Mechanisms and Signaling,Molecular Informatics,Daniel Merk; Francesca Grisoni; Gisbert Schneider; Lukas Friedrich,ETH Zurich; University of Milano-Bicocca,CH; IT
https://openalex.org/W2896235627,Artificial intelligence in Internet of things,2018,article,345,27,Anomaly Detection Techniques and Applications; Internet of Things and AI; IoT and Edge/Fog Computing,CAAI Transactions on Intelligence Technology,Anwesha Law; Ashish Ghosh; Debasrita Chakraborty,Indian Statistical Institute,IN
https://openalex.org/W2781788077,Artificial intelligence (AI) methods in optical networks: A comprehensive survey,2018,article,345,131,Advanced Optical Network Technologies; Advanced Photonic Communication Systems; Optical Network Technologies,Optical Switching and Networking,Admela Jukan; Ignacio de Miguel; Javier Mata; Mohit Chamania; Noemí Merayo; Ramón J. Durán; Sandeep Kumar Singh,ADVA Optical Networking (Germany); Technische Universität Braunschweig; Universidad de Valladolid,DE; ES
https://openalex.org/W2883790289,Will artificial intelligence solve the human resource crisis in healthcare?,2018,article,339,9,"COVID-19 and healthcare impacts; Diversity and Career in Medicine; Healthcare cost, quality, practices",BMC Health Services Research,Bertalan Meskó; Gergely Hetényi; Zsuzsanna Győrffy,HUN-REN Veterinary Medical Research Institute; Semmelweis University,HU
https://openalex.org/W2598702997,Will Democracy Survive Big Data and Artificial Intelligence?,2018,book-chapter,335,8,Ethics and Social Impacts of AI; Opinion Dynamics and Social Influence,,Andrej Zwitter; Bruno S. Frey; Dirk Helbing; Ernst Hafen; Gerd Gigerenzer; Jeroen van den Hoven; Michael Hagner; Roberto V. Zicari; Yvonne Hofstetter,Complexity Science Hub Vienna; Delft University of Technology; ETH Zurich; Goethe University Frankfurt; Max Planck Institute for Human Development; University of Basel; University of Groningen,AT; CH; DE; NL
https://openalex.org/W2904616002,Artificial Intelligence and Big Data in Public Health,2018,article,329,27,Artificial Intelligence in Healthcare; Artificial Intelligence in Healthcare and Education; Machine Learning in Healthcare,International Journal of Environmental Research and Public Health,Geza Benke; Kurt K. Benke,AgriBio; Government of Victoria; Monash University; The University of Melbourne,AU
https://openalex.org/W4242937284,The Ethics of Artificial Intelligence,2018,book-chapter,318,0,Ethics and Social Impacts of AI,,Eliezer Yudkowsky; Nick Bostrom,,
https://openalex.org/W1487104801,Artificial Intelligence for Games,2018,book,317,0,Artificial Intelligence in Games,,Ian Millington; John Funge,"Coleg Gwent; University of California, Santa Cruz",GB; US
https://openalex.org/W2900699623,From analytics to artificial intelligence,2018,article,312,5,"FinTech, Crowdfunding, Digital Finance",Journal of Business Analytics,Thomas H. Davenport,Babson College,US
https://openalex.org/W2908954810,Cyber security meets artificial intelligence: a survey,2018,article,312,85,Advanced Malware Detection Techniques; Adversarial Robustness in Machine Learning; Network Security and Intrusion Detection,Frontiers of Information Technology & Electronic Engineering,Jianhua Li,Shanghai Jiao Tong University,CN
https://openalex.org/W2898127855,Applying artificial intelligence: implications for recruitment,2018,article,310,0,AI and HR Technologies; Employer Branding and e-HRM; Human Resource and Talent Management,Strategic HR Review,Ashwani Kumar Upadhyay; Komal Khandelwal,Jain University; Symbiosis International University,IN
https://openalex.org/W2901184109,"The Impact of Artificial Intelligence on Learning, Teaching, and Education",2018,article,308,0,Engineering Education and Technology,Joint Research Centre (European Commission),Tuomi Ilkka,,
https://openalex.org/W2898302581,Intelligent nanophotonics: merging photonics and artificial intelligence at the nanoscale,2018,article,291,177,Metamaterials and Metasurfaces Applications; Neural Networks and Reservoir Computing; Photonic Crystals and Applications,Nanophotonics,Kan Yao; Rohit Unni; Yuebing Zheng,The University of Texas at Austin,US
https://openalex.org/W2810135932,Gender bias in artificial intelligence,2018,article,270,30,Ethics and Social Impacts of AI; Hate Speech and Cyberbullying Detection,,Susan Leavy,University College Dublin,IE
https://openalex.org/W2794298852,Artificial Intelligence in the 21st Century,2018,article,263,40,Big Data and Business Intelligence; Explainable Artificial Intelligence (XAI); Scientific Computing and Data Management,IEEE Access,Feng Xia; Ivan Lee; Jiaying Liu; Lei Wang; Qing Qing; Xiangjie Kong; Xiaomei Bai,Anshan Normal University; Dalian University of Technology; University of South Australia,AU; CN
https://openalex.org/W2902873908,An integrated artificial intelligence framework for public management,2018,article,260,25,Blockchain Technology Applications and Security; E-Government and Public Services; Legal and Policy Issues,Public Management Review,Bernd W. Wirtz; Wilhelm Müller,German University of Administrative Sciences,DE
https://openalex.org/W2805075849,Economic Policy for Artificial Intelligence,2018,article,258,30,Digital Platforms and Economics; Economic Growth and Productivity; Innovation Policy and R&D,Innovation Policy and the Economy,Ajay Agrawal; Avi Goldfarb; Joshua S. Gans,University of Toronto,CA
https://openalex.org/W2788572835,State of the Art: Reproducibility in Artificial Intelligence,2018,article,256,34,Explainable Artificial Intelligence (XAI); Meta-analysis and systematic reviews; Scientific Computing and Data Management,Proceedings of the AAAI Conference on Artificial Intelligence,Odd Erik Gundersen; Sigbjørn Kjensmo,Norwegian University of Science and Technology,NO
https://openalex.org/W2898666208,Artificial intelligence and echocardiography,2018,review,255,66,Cardiac Imaging and Diagnostics; Cardiac Valve Diseases and Treatments; Cardiovascular Function and Risk Factors,Echo Research and Practice,D. C. Markham; J. A. Mumith; Maryam Alsharqi; Paul Leeson; Ross Upton; William Woodward,Oral Roberts University; University of Oxford,GB; US
https://openalex.org/W2885020292,Artificial intelligence in drug design,2018,review,254,161,Computational Drug Discovery Methods; Machine Learning in Materials Science; Metabolomics and Mass Spectrometry Studies,Science China Life Sciences,Dong Lu; Fei Li; Feisheng Zhong; Hualiang Jiang; Jihui Zhao; Jing Xing; Kaixian Chen; Mingyue Zheng; Xiaohong Liu; Xiaolong Wu; Xiaomin Luo; Xiaoqin Tan; Xutong Li; Zhaojun Li; Zhaoping Xiong; Zunyun Fu,Chinese Academy of Sciences; Dezhou University; Shanghai Institute of Materia Medica; Shanghai University; ShanghaiTech University; University of Chinese Academy of Sciences,CN
https://openalex.org/W2791920958,The future of radiology augmented with Artificial Intelligence: A strategy for success,2018,review,252,34,Artificial Intelligence in Healthcare and Education; Radiology practices and education; Radiomics and Machine Learning in Medical Imaging,European Journal of Radiology,Charlene Liew,Changi General Hospital,SG
https://openalex.org/W2906774465,Artificial Intelligence in Pathology,2018,article,245,66,AI in cancer detection; Artificial Intelligence in Healthcare and Education; Radiomics and Machine Learning in Medical Imaging,Journal of Pathology and Translational Medicine,Chan Kwon Jung; Hye Yoon Chang; Joonyoung Cho; Junwoo Isaac Woo; Sang-Hun Lee; Sun Woo Kim; Tae-Yeong Kwak,Catholic University of Korea,KR
https://openalex.org/W79676656,The Artificial Life Route to Artificial Intelligence,2018,book,242,0,"Genetics, Bioinformatics, and Biomedical Research",,Luc Steels; Rodney A. Brooks,,
https://openalex.org/W2888126660,Artificial Intelligence: A Very Short Introduction,2018,book,217,0,Artificial Intelligence in Healthcare and Education,Oxford University Press eBooks,Margaret A. Boden,,
https://openalex.org/W2960616218,The Jobs That Artificial Intelligence Will Create,2018,book-chapter,210,0,Economic and Technological Innovation,The MIT Press eBooks,H. James Wilson; Nicola Morini-Bianzino; Paul R. Daugherty,,
https://openalex.org/W2981731882,"Explainable Artificial Intelligence (XAI): Concepts, taxonomies, opportunities and challenges toward responsible AI",2019,article,8700,668,Adversarial Robustness in Machine Learning; Artificial Intelligence in Healthcare and Education; Explainable Artificial Intelligence (XAI),Information Fusion,Adrien Bennetot; Alberto Barbado; Alejandro Barredo Arrieta; Daniel Molina; Francisco Herrera; Javier Del Ser; Natalia Díaz-Rodríguez; Raja Chatila; Richard Benjamins; Salvador García; Sergio Gil-López; Siham Tabik,Institut Systèmes Intelligents et de Robotique; Sorbonne Université; Tecnalia; Telefonica Research and Development; École Nationale Supérieure de Techniques Avancées; École Nationale Supérieure de Techniques Avancées Paris,ES; FR
https://openalex.org/W2981863007,Systematic review of research on artificial intelligence applications in higher education – where are the educators?,2019,article,4930,161,Artificial Intelligence in Healthcare and Education; Intelligent Tutoring Systems and Adaptive Learning; Online Learning and Analytics,International Journal of Educational Technology in Higher Education,Franziska Gouverneur; Melissa Bond; Olaf Zawacki‐Richter; Victoria I. Marín,Carl von Ossietzky Universität Oldenburg,DE
https://openalex.org/W2969625533,"Artificial Intelligence (AI): Multidisciplinary perspectives on emerging challenges, opportunities, and agenda for research, practice and policy",2019,article,3939,338,Big Data and Business Intelligence; Digital Transformation in Industry; Economic and Technological Systems Analysis,International Journal of Information Management,Aled Eirug; Annie Tubadji; Arpan Kumar Kar; Banita Lal; Biagio Lucini; Bianca Kronemann; Crispin Coombs; Elvira Ismagilova; Emmanuel Mogaji; Gert Aarts; Hatice Kizgin; Jak Spencer; Jang Bahadur Singh; John S. Edwards; Kenneth Le Meunier‐FitzHugh; Kuttimani Tamilmani; Laurie Hughes; Leslie Caroline Le Meunier-FitzHugh; Marijn Janssen; Michael D. Williams; Nripendra P. Rana; P. Vigneswara Ilavarasan; Paul Jones; Paul Walton; Ramakrishnan Raman; Rohita Dwivedi; Rony Medaglia; Santosh K. Misra; Spyridon Samothrakis; Sujeet Kumar Sharma; Tom Crick; Vassilis Galanos; Vishnupriya Raghavan; Yanqing Duan; Yogesh K. Dwivedi,Aston University; Capgemini (United Kingdom); Copenhagen Business School; Delft University of Technology; Foundry (United Kingdom); Government of Tamil Nadu; Indian Institute of Management Tiruchirappalli; Indian Institute of Technology Delhi; Loughborough University; Prin. L. N. Welingkar Institute of Management Development and Research; Swansea University; Symbiosis International University; Training Programs in Epidemiology and Public Health Interventions Network; University of Bedfordshire; University of Bradford; University of East Anglia; University of Edinburgh; University of Essex; University of Greenwich; University of the West of England,DK; GB; IN; NL; US
https://openalex.org/W2953532875,The potential for artificial intelligence in healthcare,2019,article,3563,19,Artificial Intelligence in Healthcare and Education; Clinical Reasoning and Diagnostic Skills; Machine Learning in Healthcare,Future Healthcare Journal,Ravi Kalakota; Thomas H. Davenport,Babson College; Deloitte (United States),US
https://openalex.org/W2934302500,"Artificial intelligence for decision making in the era of Big Data – evolution, challenges and research agenda",2019,article,2401,75,Big Data and Business Intelligence; Data Quality and Management; Digital Transformation in Industry,International Journal of Information Management,John S. Edwards; Yanqing Duan; Yogesh K. Dwivedi,Aston University; Swansea University; University of Bedfordshire,GB
https://openalex.org/W2982580298,Key challenges for delivering clinical impact with artificial intelligence,2019,article,2396,98,Artificial Intelligence in Healthcare and Education; Explainable Artificial Intelligence (XAI); Machine Learning in Healthcare,BMC Medicine,Alan Karthikesalingam; Christopher Kelly; Dominic King; Greg S. Corrado; Mustafa Suleyman,Google (United Kingdom); Google (United States); Google DeepMind (United Kingdom),GB; US
https://openalex.org/W2963849010,"A Brief History of Artificial Intelligence: On the Past, Present, and Future of Artificial Intelligence",2019,article,2386,0,Big Data and Business Intelligence; Computational Physics and Python Applications,California Management Review,Andreas Kaplan; Michael Haenlein,ESCP Business School,DE; FR
https://openalex.org/W2979906316,How artificial intelligence will change the future of marketing,2019,article,2256,77,AI in Service Interactions; Blockchain Technology Applications and Security; Ethics and Social Impacts of AI,Journal of the Academy of Marketing Science,Abhijit Guha; Dhruv Grewal; Thomas H. Davenport; Timna Breßgott,Babson College; Maastricht University; University of South Carolina,NL; US
https://openalex.org/W2950865323,Edge Intelligence: Paving the Last Mile of Artificial Intelligence With Edge Computing,2019,article,2124,168,Advanced Neural Network Applications; IoT and Edge/Fog Computing; Privacy-Preserving Technologies in Data,Proceedings of the IEEE,En Li; Junshan Zhang; Ke Luo; Liekang Zeng; Xu Chen; Zhi Zhou,Arizona State University; Sun Yat-sen University,CN; US
https://openalex.org/W2995523160,XAI—Explainable artificial intelligence,2019,review,1863,7,Explainable Artificial Intelligence (XAI); Machine Learning in Healthcare; Scientific Computing and Data Management,Science Robotics,David Gunning; Guang‐Zhong Yang; Jaesik Choi; Mark Stefik; Simone Stumpf; Tim Miller,"City, University of London; Defense Advanced Research Projects Agency; Korea Advanced Institute of Science and Technology; Palo Alto Research Center; Shanghai Jiao Tong University; The University of Melbourne",AU; CN; GB; KR; US
https://openalex.org/W2911605224,Artificial intelligence in cancer imaging: Clinical challenges and applications,2019,review,1805,213,AI in cancer detection; Artificial Intelligence in Healthcare and Education; Radiomics and Machine Learning in Medical Imaging,CA A Cancer Journal for Clinicians,Ahmed Hosny; Alireza Mehrtash; Charles Swanton; Christopher Abbosh; Clare M. Tempany; Hugo J.W.L. Aerts; Ian F. Dunn; Lawrence H. Schwartz; Maryellen L. Giger; Matthew B. Schabath; Nicolai J. Birkbak; Omar Arnaout; Raymond H. Mak; Raymond Y. Huang; Robert J. Gillies; Rulla M. Tamimi; Tavis Allison; Udo Hoffmann; Wenya Linda Bi,Brigham and Women's Hospital; CRUK Lung Cancer Centre of Excellence; Columbia University; Dana-Farber Brigham Cancer Center; Dana-Farber Cancer Institute; Harvard University; London Cancer; Maastricht University Medical Centre; Massachusetts General Hospital; Moffitt Cancer Center; NewYork–Presbyterian Hospital; Presbyterian Hospital; The Francis Crick Institute; University College London; University of British Columbia; University of Chicago,CA; GB; NL; US
https://openalex.org/W2927351257,Causability and explainability of artificial intelligence in medicine,2019,review,1696,88,AI in cancer detection; Explainable Artificial Intelligence (XAI); Machine Learning in Healthcare,Wiley Interdisciplinary Reviews Data Mining and Knowledge Discovery,Andreas Holzinger; Georg Langs; Heimo Müller; Helmut Denk; Kurt Zatloukal,Medical University of Graz; Medical University of Vienna,AT
https://openalex.org/W2942858056,Resistance to Medical Artificial Intelligence,2019,article,1656,83,"Aging and Gerontology Research; Artificial Intelligence in Healthcare and Education; Healthcare cost, quality, practices",Journal of Consumer Research,Andrea Bonezzi; Carey K. Morewedge; Chiara Longoni,,
https://openalex.org/W2967444033,Artificial intelligence in digital pathology — new tools for diagnosis and precision oncology,2019,review,1532,160,AI in cancer detection; Cancer Genomics and Diagnostics; Radiomics and Machine Learning in Medical Imaging,Nature Reviews Clinical Oncology,Anant Madabhushi; David L. Rimm; Kaustav Bera; Kurt A. Schalper; Vamsidhar Velcheti,Case Western Reserve University; Louis Stokes Cleveland VA Medical Center; New York University; Yale University,US
https://openalex.org/W2965520043,An artificial intelligence-enabled ECG algorithm for the identification of patients with atrial fibrillation during sinus rhythm: a retrospective analysis of outcome prediction,2019,article,1503,36,Atrial Fibrillation Management and Outcomes; Cardiac electrophysiology and arrhythmias; ECG Monitoring and Analysis,The Lancet,Abhishek Deshmukh; Alejandro A. Rabinstein; Bernard J. Gersh; Brad J Erickson; Francisco López-Jiménez; Paul A. Friedman; Peter A. Noseworthy; Rickey E. Carter; Samuel J. Asirvatham; Suraj Kapa; Xiaoxi Yao; Zachi I. Attia,Mayo Clinic in Arizona; Mayo Clinic in Florida,US
https://openalex.org/W2905604475,Artificial Intelligence in Human Resources Management: Challenges and a Path Forward,2019,article,1281,0,AI and HR Technologies; Ethics and Social Impacts of AI; Impact of AI and Big Data on Business and Society,California Management Review,Peter Cappelli; Prasanna Tambe; Valery Yakubovich,National Bureau of Economic Research; William P. Wharton Trust; École Supérieure des Sciences Économiques et Commerciales,FR; US
https://openalex.org/W2965786352,Fiber/Fabric‐Based Piezoelectric and Triboelectric Nanogenerators for Flexible/Stretchable and Wearable Electronics and Artificial Intelligence,2019,review,1275,325,Advanced Sensor and Energy Harvesting Materials; Conducting polymers and applications; Supercapacitor Materials and Fabrication,Advanced Materials,Kai Dong; Peng Xiao; Zhong Lin Wang,Beijing Institute of Nanoenergy and Nanosystems; Chinese Academy of Sciences; Georgia Institute of Technology,CN; US
https://openalex.org/W2954503794,DARPA's Explainable Artificial Intelligence Program,2019,article,1179,26,Artificial Intelligence in Healthcare and Education; Explainable Artificial Intelligence (XAI); Scientific Computing and Data Management,AI Magazine,David Gunning; David W. Aha,Defense Advanced Research Projects Agency; United States Naval Research Laboratory,US
https://openalex.org/W2943370629,Digital pathology and artificial intelligence,2019,review,1170,70,AI in cancer detection; Digital Imaging for Blood Diseases; Radiomics and Machine Learning in Medical Imaging,The Lancet Oncology,Anil V. Parwani; Metin N. Gürcan; Muhammad Khalid Khan Niazi,The Ohio State University; Wake Forest University,US
https://openalex.org/W2912275277,"On big data, artificial intelligence and smart cities",2019,article,1103,220,Human Mobility and Location-Based Analysis; IoT and Edge/Fog Computing; Smart Cities and Technologies,Cities,Zaheer Allam; Zaynah Dhunny,Curtin University; University of Mauritius,AU; MU
https://openalex.org/W2966555834,Overview of artificial intelligence in medicine,2019,article,1074,15,Artificial Intelligence in Healthcare; Artificial Intelligence in Healthcare and Education; Machine Learning in Healthcare,Journal of Family Medicine and Primary Care,Fnu Amisha; Monika Pathania; Paras Malik; Vyas Kumar Rathaur,All India Institute of Medical Sciences Rishikesh; Doon University,IN
https://openalex.org/W2959938226,Concepts of Artificial Intelligence for Computer-Assisted Drug Discovery,2019,review,1007,845,Computational Drug Discovery Methods; Machine Learning in Materials Science; Metabolomics and Mass Spectrometry Studies,Chemical Reviews,Gisbert Schneider; Ryan Byrne; Shengyong Yang; Xin Yang; Yifei Wang,ETH Zurich; Sichuan University,CH; CN
https://openalex.org/W2950944546,A comprehensive review on automation in agriculture using artificial intelligence,2019,review,964,80,Smart Agriculture and AI; Water Quality Monitoring Technologies,Artificial Intelligence in Agriculture,Aalap Doshi; Kirtan Jha; Manan Shah; Poojan Patel,Bhailalbhai and Bhikhabhai Institute of Technology; Indian Institute of Technology Gandhinagar; Pandit Deendayal Petroleum University,IN
https://openalex.org/W2973537858,Frontiers: Machines vs. Humans: The Impact of Artificial Intelligence Chatbot Disclosure on Customer Purchases,2019,article,949,14,AI in Service Interactions; Blockchain Technology Applications and Security; Ethics and Social Impacts of AI,Marketing Science,Siliang Tong; Xueming Luo; Zhe Qu; Zheng Fang,Fudan University; Sichuan University; Temple University,CN; US
https://openalex.org/W2978195003,Prediction machines: the simple economics of artificial intelligence,2019,article,928,0,Stock Market Forecasting Methods,Journal of Information Technology Case and Application Research,Donald Heath,University of Wisconsin–Oshkosh,US
https://openalex.org/W2985355520,Artificial Intelligence for Mental Health and Mental Illnesses: an Overview,2019,review,894,127,Digital Mental Health Interventions; Machine Learning in Healthcare; Mental Health Research Topics,Current Psychiatry Reports,Camille Nebeker; Colin A. Depp; Dilip V. Jeste; Ellen Lee; Ho‐Cheol Kim; Sarah Graham; Xin Tu,"IBM Research - Almaden; Institute on Aging; Intel (United States); University of California, San Diego; VA San Diego Healthcare System",US
https://openalex.org/W2910707576,"Artificial intelligence, bias and clinical safety",2019,article,890,52,"Artificial Intelligence in Healthcare and Education; Clinical Reasoning and Diagnostic Skills; Healthcare cost, quality, practices",BMJ Quality & Safety,Joshua C. Denny; Krasimira Tsaneva‐Atanasova; Luke Gompels; Martin Pitt; Robert Challen; Tom Edwards,Engineering and Physical Sciences Research Council; Somerset NHS Foundation Trust; Taunton & Somerset NHS Foundation Trust; University of Exeter; Vanderbilt University Medical Center,GB; US
https://openalex.org/W2992586577,Rethinking drug design in the artificial intelligence era,2019,review,841,204,"Computational Drug Discovery Methods; Genetics, Bioinformatics, and Biomedical Research; Machine Learning in Materials Science",Nature Reviews Drug Discovery,Alleyn T. Plowright; Chris Luebkemann; Elizabeth Krutoholow; Gisbert Schneider; Jasmin Fisher; Jeff Blaney; Jennifer Listgarten; Johanna M. Jansen; John E. Hill; José S. Duca; Kimito Funatsu; Matthias Köhler; Matthias Zentgraf; Norman Sieroka; Petra Schneider; Robert A. Goodnow; Thomas S. Rush; W. Patrick Walters,"Arup Group (United States); Boehringer Ingelheim (Germany); CRUK Lung Cancer Centre of Excellence; ETH Zurich; Nara Institute of Science and Technology; Novartis (United States); Relay Therapeutics (United States); Sanofi (Germany); The University of Tokyo; University College London; University of Bremen; University of California, Berkeley; University of Cambridge",CH; DE; GB; JP; US
https://openalex.org/W2955088691,Artificial intelligence and communication: A Human–Machine Communication research agenda,2019,article,834,57,AI in Service Interactions; Ethics and Social Impacts of AI; Misinformation and Its Impacts,New Media & Society,Andrea L. Guzman; Seth C. Lewis,Northern Illinois University; University of Oregon,US
https://openalex.org/W4229632424,Responsible Artificial Intelligence,2019,book,800,0,Ethics and Social Impacts of AI,"Artificial intelligence: foundations, theory, and algorithms/Artificial intelligence: Foundations, theory, and algorithms",Virginia Dignum,Umeå University,SE
https://openalex.org/W2977373448,The impact of artificial intelligence in medicine on the future role of the physician,2019,article,786,29,AI in cancer detection; Artificial Intelligence in Healthcare; Artificial Intelligence in Healthcare and Education,PeerJ,Abhimanyu S. Ahuja,Florida Atlantic University,US
https://openalex.org/W2969468266,Acceptability of artificial intelligence (AI)-led chatbot services in healthcare: A mixed-methods study,2019,article,779,29,AI in Service Interactions; Artificial Intelligence in Healthcare and Education; Digital Mental Health Interventions,Digital Health,Aimee Cowie; Damien Ridge; Oliver Miles; Tom Nadarzynski,University College London; University of Southampton; University of Westminster,GB
https://openalex.org/W2998574317,Big data analytics and artificial intelligence pathway to operational performance under the effects of entrepreneurial orientation and environmental dynamism: A study of manufacturing organisations,2019,article,771,160,Big Data and Business Intelligence; Blockchain Technology Applications and Security; Digital Transformation in Industry,International Journal of Production Economics,Angappa Gunasekaran; Benjamin T. Hazen; Cyril Foropon; David Bryde; David Roubaud; Mihalis Giannakis; Rameshwar Dubey; Stephen J. Childe,"Audencia Business School; California State University, Bakersfield; Liverpool John Moores University; Montpellier Business School; University of Applied Sciences Upper Austria; University of Plymouth",AT; FR; GB; US
https://openalex.org/W2954849019,Artificial Intelligence in FinTech: understanding robo-advisors adoption among customers,2019,article,767,64,"FinTech, Crowdfunding, Digital Finance; Microfinance and Financial Inclusion; Technology Adoption and User Behaviour",Industrial Management & Data Systems,Carlos Flavián; Daniel Belanche; Luis V. Casaló,Universidad de Zaragoza,ES
https://openalex.org/W2916559661,Introduction to artificial intelligence in medicine,2019,review,756,43,AI in cancer detection; Artificial Intelligence in Healthcare and Education; Radiomics and Machine Learning in Medical Imaging,Minimally Invasive Therapy & Allied Technologies,Ronit Brodie; Yoav Mintz,Hadassah Medical Center,IL
https://openalex.org/W2960630842,Organizational Decision-Making Structures in the Age of Artificial Intelligence,2019,article,754,0,Big Data and Business Intelligence; Impact of AI and Big Data on Business and Society; Supply Chain Resilience and Risk Management,California Management Review,Georg von Krogh; Shiko M. Ben‐Menahem; Yash Raj Shrestha,ETH Zurich,CH
https://openalex.org/W2990768863,Addressing Bias in Artificial Intelligence in Health Care,2019,article,753,8,"Artificial Intelligence in Healthcare and Education; Healthcare cost, quality, practices; Medical Malpractice and Liability Issues",JAMA,Amol S. Navathe; Ravi B. Parikh; Stephanie Teeple,Philadelphia VA Medical Center; University of Pennsylvania,US
https://openalex.org/W2916945592,"Your Robot Therapist Will See You Now: Ethical Implications of Embodied Artificial Intelligence in Psychiatry, Psychology, and Psychotherapy",2019,review,753,73,Artificial Intelligence in Healthcare and Education; Digital Mental Health Interventions; Social Robot Interaction and HRI,Journal of Medical Internet Research,Alena Buyx; Amelia Fiske; Peter Henningsen,TUM Klinikum; Technical University of Munich,DE
https://openalex.org/W2918214187,Hotel employee's artificial intelligence and robotics awareness and its impact on turnover intention: The moderating roles of perceived organizational support and competitive psychological climate,2019,article,751,42,Cyberloafing and Workplace Behavior; Job Satisfaction and Organizational Behavior; Organizational and Employee Performance,Tourism Management,Ben Haobin Ye; Jun Li; Mark A. Bonn,Florida State University; South China Normal University,CN; US
https://openalex.org/W2915292867,Artificial Intelligence and Black‐Box Medical Decisions: <i>Accuracy versus Explainability</i>,2019,article,722,19,"Artificial Intelligence in Healthcare and Education; Clinical Reasoning and Diagnostic Skills; Healthcare cost, quality, practices",The Hastings Center Report,Alex John London,,
https://openalex.org/W2908162093,Applications of Artificial Intelligence in Transport: An Overview,2019,article,721,154,Traffic Prediction and Management Techniques; Traffic control and management; Transportation Planning and Optimization,Sustainability,Hussein Dia; Rusul Abduljabbar; Saeed Asadi Bagloee; Sohani Liyanage,Swinburne University of Technology,AU
https://openalex.org/W2911462778,Evaluation and accurate diagnoses of pediatric diseases using artificial intelligence,2019,article,709,26,Artificial Intelligence in Healthcare and Education; COVID-19 diagnosis using AI; Machine Learning in Healthcare,Nature Medicine,Adriana H. Tremoulet; Bei Wang; Bianca Ribeiro Pizzato; Bochu Wang; Brian Tsui; Carolina C. S. Valentim; Caroline Bao; Charlotte L Zhang; Chun‐Nan Hsu; Cindy Wen; Cuichan Yao; Daniel Kermany; Daoman Xiang; Edward D. Zhang; Gabriel Karin; Gen Li; Guangjian Liu; Hannah Carter; Hao Ni; Hong Ye; Hua Shao; Huimin Cai; Huimin Xia; Huiying Liang; Jiancong Chen; Jianmin Jiang; Jianqun Gao; Jie Xu; Jie Zhu; Jing Li; Kang Zhang; Lianghong Zheng; Liya He; Liyan Pan; Long Zhu; Michael H. Goldbaum; Nathan Nguyen; Oulan Li; Ping Liang; Qiaozhen Hou; Qing Zhang; Rui Hou; Rujuan Ling; Runze Zhang; Sally L. Baxter; Sarah Gibson; Shu Zhang; Shuhua Li; Shusheng Tang; Sierra Hewett; Suiqin He; Tian Pin; W. Xu; Waner He; Wanxing Ou; Wan‐Ting He; Wei Yu; Weldon W. Haw; Wenjia Cai; Wenqing Liang; Winston Wang; Xiaokang Wu; Xiaoyan Huang; Xin Sun; Xuan Zang; Yan Liang; Yaou Duan; Yingmin Deng; Yongwang Cui; Yugui Zhou; Zhiqi Zhang,First Affiliated Hospital of Guangzhou Medical University; Guangzhou Medical University; Guangzhou Regenerative Medicine and Health Guangdong Laboratory; Guangzhou Women and Children Medical Center; Smith-Kettlewell Eye Research Institute; University of California San Diego; VA San Diego Healthcare System,CN; US
https://openalex.org/W2953773016,Understanding the Role of Artificial Intelligence in Personalized Engagement Marketing,2019,article,699,0,Digital Marketing and Social Media,California Management Review,Bharath Rajan; Jim Lecinski; Rajkumar Venkatesan; Vikas Kumar,Georgia State University; Northwestern University; University of Virginia,US
https://openalex.org/W2985105610,Artificial intelligence and sustainable development,2019,article,695,16,Information Society and Technology Trends; University-Industry-Government Innovation Models,The International Journal of Management Education,Margaret A. Goralski; Tay Keong Tan,Quinnipiac University; Radford University,US
https://openalex.org/W2969077220,6G: The Next Frontier: From Holographic Messaging to Artificial Intelligence Using Subterahertz and Visible Light Communication,2019,article,695,15,Advanced Wireless Communication Technologies; Molecular Communication and Nanonetworks; Optical Wireless Communication Technologies,IEEE Vehicular Technology Magazine,Cédric Dehos; Dimitri Kténas; Emilio Calvanese Strinati; José Luis González; Luc Maret; Nicolas Cassiau; Sergio Barbarossa,Commissariat à l'Énergie Atomique et aux Énergies Alternatives; Sapienza University of Rome,FR; IT
https://openalex.org/W2937186836,Reporting of artificial intelligence prediction models,2019,letter,691,13,Cardiovascular Disease and Adiposity; Healthcare Systems and Public Health; Liver Disease Diagnosis and Treatment,The Lancet,Gary S. Collins; Karel G.M. Moons,Nuffield Orthopaedic Centre; University Medical Center Utrecht; University of Oxford; Utrecht University,GB; NL
https://openalex.org/W2939970150,Applications and Challenges of Implementing Artificial Intelligence in Medical Education: Integrative Review,2019,review,673,58,Artificial Intelligence in Healthcare and Education; Clinical Reasoning and Diagnostic Skills; Innovations in Medical Education,JMIR Medical Education,Kai Siang Chan; Nabil Zary,Mohammed Bin Rashid University of Medicine and Health Sciences; Nanyang Technological University,AE; SG
https://openalex.org/W2969912247,On Defining Artificial Intelligence,2019,article,668,162,"AI-based Problem Solving and Planning; Computability, Logic, AI Algorithms; Evolutionary Algorithms and Applications",Journal of Artificial General Intelligence,Pei Wang,Temple University,US
https://openalex.org/W2995276890,Artificial intelligence in cancer diagnosis and prognosis: Opportunities and challenges,2019,review,660,129,AI in cancer detection; Artificial Intelligence in Healthcare and Education; Radiomics and Machine Learning in Medical Imaging,Cancer Letters,Jie Yang; Qi Zhao; Shigao Huang; Simon Fong,Chinese Academy of Sciences; University of Macau; Zhejiang Industry Polytechnic College; Zhuhai Institute of Advanced Technology,CN; MO
https://openalex.org/W2924260403,Toward understanding the impact of artificial intelligence on labor,2019,article,652,80,Economic and Technological Innovation; Regional Economics and Spatial Analysis; Regional resilience and development,Proceedings of the National Academy of Sciences,Dashun Wang; David Autor; David Deming; Erik Brynjolfsson; Esteban Moro; Hyejin Youn; Iyad Rahwan; James Bessen; José Lobo; Manuel Cebrián; Maryann P. Feldman; Matthew Groh; Morgan R. Frank,Arizona State University; Boston University; Columbia University; Harvard University; Harvard University Press; Massachusetts Institute of Technology; Max Planck Institute for Human Development; National Bureau of Economic Research; Northwestern University; Universidad Carlos III de Madrid; University of North Carolina at Chapel Hill,DE; ES; US
https://openalex.org/W2980616108,"Rulers of the world, unite! The challenges and opportunities of artificial intelligence",2019,article,633,59,"Ethics and Social Impacts of AI; Innovation, Sustainability, Human-Machine Systems; Neuroethics, Human Enhancement, Biomedical Innovations",Business Horizons,Andreas Kaplan; Michael Haenlein,ESCP Business School,DE; FR
https://openalex.org/W2962398326,Advancing Drug Discovery via Artificial Intelligence,2019,review,631,116,"Cell Image Analysis Techniques; Computational Drug Discovery Methods; Genetics, Bioinformatics, and Biomedical Research",Trends in Pharmacological Sciences,H. C. Stephen Chan; Hanbin Shan; Horst Vogel; Shuguang Yuan; Thamani Dahoun,Chinese Academy of Sciences; Shanghai Institute of Pharmaceutical Industry; Shenzhen Institutes of Advanced Technology; École Polytechnique Fédérale de Lausanne,CH; CN
https://openalex.org/W2921335396,Artificial Intelligence in Cardiovascular Imaging,2019,review,628,115,Cardiac Imaging and Diagnostics; Cardiovascular Disease and Adiposity; Radiomics and Machine Learning in Medical Imaging,Journal of the American College of Cardiology,Damini Dey; Dorin Comaniciu; Partho P. Sengupta; Paul Leeson; Piotr J. Slomka; Sirish Shrestha; Thomas H. Marwick,Baker Heart and Diabetes Institute; Cedars-Sinai Medical Center; Siemens (Germany); University of Oxford; West Virginia University,AU; DE; GB; US
https://openalex.org/W2996550193,Artificial Intelligence in Health Care,2019,article,627,5,Artificial Intelligence in Healthcare and Education,JAMA,Danielle Whicher; Michael E. Matheny; Sonoo Thadaney Israni,Mathematica Policy Research; Stanford University; VA Tennessee Valley Healthcare System; Vanderbilt University Medical Center,US
https://openalex.org/W2962411443,Artificial Intelligence for Clinical Trial Design,2019,review,625,84,Artificial Intelligence in Healthcare and Education; Biomedical and Engineering Education; Cell Image Analysis Techniques,Trends in Pharmacological Sciences,Bhavna Antony; Jianying Hu; Pratik Shah; Stefan Harrer,IBM (United States); IBM Research - Australia; Massachusetts Institute of Technology,AU; US
https://openalex.org/W2912185124,"Artificial intelligence: a survey on evolution, models, applications and future trends",2019,article,614,122,COVID-19 diagnosis using AI; Digital Transformation in Industry; Industrial Vision Systems and Defect Detection,Journal of Management Analytics,Yang Lu,Decision Sciences (United States); University of Kentucky; University of Manchester,GB; US
https://openalex.org/W2915053252,Artificial Intelligence Transforms the Future of Health Care,2019,review,612,82,Artificial Intelligence in Healthcare; Artificial Intelligence in Healthcare and Education; Machine Learning in Healthcare,The American Journal of Medicine,Nariman Noorbakhsh-Sabet; Ramin Zand; Vida Abedi; Yanfei Zhang,Biocom; Geisinger Health System; Geisinger Neuroscience Institute; St. Jude Children's Research Hospital; University of Tennessee Health Science Center; Virginia Tech,US
https://openalex.org/W2920166258,Artificial Intelligence: The Ambiguous Labor Market Impact of Automating Prediction,2019,article,601,12,"Big Data and Business Intelligence; Energy, Environment, and Transportation Policies; Forecasting Techniques and Applications",The Journal of Economic Perspectives,Ajay Agrawal; Avi Goldfarb; Joshua S. Gans,Artificial Intelligence in Medicine (Canada); National Bureau of Economic Research,CA; US
https://openalex.org/W2995678499,Technology acceptance theories and factors influencing artificial Intelligence-based intelligent products,2019,article,601,88,Digital Marketing and Social Media; Impact of AI and Big Data on Business and Society; Technology Adoption and User Behaviour,Telematics and Informatics,Kwonsang Sohn; Ohbyung Kwon,Kyung Hee University,KR
https://openalex.org/W2981296841,Introducing Artificial Intelligence Training in Medical Education,2019,article,596,61,Artificial Intelligence in Healthcare and Education; COVID-19 diagnosis using AI; Machine Learning in Healthcare,JMIR Medical Education,Josip Car; Ketan Paranjape; Michiel Schinkel; Prabath W.B. Nanayakkara; Rishi Panday,Amsterdam University Medical Centers; Nanyang Technological University; Vrije Universiteit Amsterdam,NL; SG
https://openalex.org/W2938814897,"Artificial intelligence-based fault detection and diagnosis methods for building energy systems: Advantages, challenges and the future",2019,article,575,207,Building Energy and Comfort Optimization; Energy Efficiency and Management; Energy Load and Power Forecasting,Renewable and Sustainable Energy Reviews,Chaobo Zhang; Tingting Li; Xuejun Zhang; Yang Zhao,Zhejiang University,CN
https://openalex.org/W2977797911,Efficient and Privacy-Enhanced Federated Learning for Industrial Artificial Intelligence,2019,article,563,44,Cryptography and Data Security; Mobile Crowdsensing and Crowdsourcing; Privacy-Preserving Technologies in Data,IEEE Transactions on Industrial Informatics,Guowen Xu; Haomiao Yang; Hongwei Li; Meng Hao; Sen Liu; Xizhao Luo,Peng Cheng Laboratory; Soochow University; University of Electronic Science and Technology of China,CN
https://openalex.org/W2963432517,Demystifying AI: What Digital Transformation Leaders Can Teach You about Realistic Artificial Intelligence,2019,article,556,0,Digital Transformation in Industry; Economic and Technological Innovation,California Management Review,Florian von Wangenheim; Jürgen Kai‐Uwe Brock,ETH Zurich; Fujitsu (Japan),CH; JP
https://openalex.org/W2972441196,Towards Explainable Artificial Intelligence,2019,book-chapter,553,117,Anomaly Detection Techniques and Applications; Explainable Artificial Intelligence (XAI); Machine Learning and Data Classification,Lecture notes in computer science,Klaus‐Robert Müller; Wojciech Samek,"Fraunhofer Institute for Telecommunications, Heinrich Hertz Institute; Korea University; Max Planck Institute for Informatics; Technische Universität Berlin",DE; KR
https://openalex.org/W4230775373,The wrong kind of AI? Artificial intelligence and the future of labour demand,2019,article,549,40,Digital Economy and Work Transformation; Economic Growth and Productivity; Labor market dynamics and wage inequality,Cambridge Journal of Regions Economy and Society,Daron Acemoğlu; Pascual Restrepo,IIT@MIT,US
https://openalex.org/W2995887567,Artificial Intelligence and Surgical Decision-making,2019,review,548,82,Artificial Intelligence in Healthcare and Education; Explainable Artificial Intelligence (XAI); Surgical Simulation and Training,JAMA Surgery,Alicia M. Mohr; Amanda C. Filiberto; Azra Bihorac; Gilbert R. Upchurch; Parisa Rashidi; Patrick Tighe; Philip A. Efron; Scott C. Brakenridge; Tyler J. Loftus,University of Florida; University of Florida Health,US
https://openalex.org/W2964167195,The Feeling Economy: Managing in the Next Generation of Artificial Intelligence (AI),2019,article,547,0,"Economic Development and Digital Transformation; Economic and Technological Developments in Russia; Innovation, Sustainability, Human-Machine Systems",California Management Review,Ming‐Hui Huang; Roland T. Rust; Vojislav Maksimovic,"National Taiwan University; University of Maryland, College Park",TW; US
https://openalex.org/W2948499084,Inkjet-printed unclonable quantum dot fluorescent anti-counterfeiting labels with artificial intelligence authentication,2019,article,541,58,Nanomaterials and Printing Technologies; Neuroscience and Neural Engineering; Physical Unclonable Functions (PUFs) and Hardware Security,Nature Communications,Baogui You; Fei Han; Fushan Li; Hailong Hu; Jianmin Yao; Lei Qian; Maosheng Chen; Pai Liu; Tailiang Guo; Wanzhen Lin; Xin Zheng; Yan Zhao; Yang Li; Yang Liu; Yuanhui Zheng; Zhongwei Xu,Fuzhou University; San’an Optoelectronics (China); TCL (China),CN
https://openalex.org/W4288269198,Proceedings of the Twenty-Eighth International Joint Conference on Artificial Intelligence,2019,preprint,538,59,Advanced Image and Video Retrieval Techniques; Domain Adaptation and Few-Shot Learning; Image Retrieval and Classification Techniques,,Heng Tao Shen; Jingkuan Song; Lianli Gao; Xiaosu Zhu; Zhou Zhao,University of Electronic Science and Technology of China; Zhejiang University,CN
https://openalex.org/W2917767525,DARPA's explainable artificial intelligence (XAI) program,2019,article,536,0,Explainable Artificial Intelligence (XAI),,David Gunning,Defense Advanced Research Projects Agency,US
https://openalex.org/W2980801934,Development and validation of an artificial intelligence anxiety scale: an initial application in predicting motivated learning behavior,2019,article,533,75,Cyberloafing and Workplace Behavior; Gender and Technology in Education; Motivation and Self-Concept in Sports,Interactive Learning Environments,Yi‐Shun Wang; Yuyin Wang,National Changhua University of Education; Providence University,TW
https://openalex.org/W2978294504,Application of Artificial Intelligence to Gastroenterology and Hepatology,2019,review,519,167,Colorectal Cancer Screening and Detection; Machine Learning in Healthcare; Pancreatic and Hepatic Oncology Research,Gastroenterology,Catherine Le Berre; Laure Fournier; Laurent Peyrin‐Biroulet; Malika Smaïl‐Tabbone; Marie‐Dominique Devignes; Sabeur Aridhi; Silvio Danese; William J. Sandborn,Assistance Publique – Hôpitaux de Paris; Centre Hospitalier Régional et Universitaire de Nancy; Centre Hospitalier Universitaire de Nantes; Délégation Paris 5; Humanitas University; Hôpital Européen Georges-Pompidou; Laboratoire Lorrain de Recherche en Informatique et ses Applications; Nutrition-Génétique et Exposition aux Risques Environnementaux; Paris Cardiovascular Research Center; Sorbonne Paris Cité; University of California San Diego; Université Paris Cité; Université de Lorraine,FR; IT; US
https://openalex.org/W2972432684,BlockIoTIntelligence: A Blockchain-enabled Intelligent IoT Architecture with Artificial Intelligence,2019,article,514,104,Blockchain Technology Applications and Security; IoT and Edge/Fog Computing; Retinal Imaging and Analysis,Future Generation Computer Systems,Jong Hyuk Park; Shailendra Rathore; Sushil Kumar Singh,Seoul National University of Science and Technology,KR
https://openalex.org/W2972320421,Artificial Intelligence in Anesthesiology,2019,review,512,97,"Artificial Intelligence in Healthcare and Education; Cardiac, Anesthesia and Surgical Outcomes; Hemodynamic Monitoring and Therapy",Anesthesiology,Daniel A. Hashimoto; Elan R. Witkowski; Guy Rosman; Lei Gao; Ozanan R. Meireles,Committee on Publication Ethics; Massachusetts General Hospital,GB; US
https://openalex.org/W2977181930,Artificial intelligence in healthcare: An essential guide for health leaders,2019,review,509,9,Artificial Intelligence in Healthcare; Artificial Intelligence in Healthcare and Education; COVID-19 diagnosis using AI,Healthcare Management Forum,Mei Chen; Michel Décary,McGill University,CA
https://openalex.org/W2946147212,A new era: artificial intelligence and machine learning in prostate cancer,2019,review,504,75,AI in cancer detection; Artificial Intelligence in Healthcare and Education; Radiomics and Machine Learning in Medical Imaging,Nature Reviews Urology,Guy Nir; S. Larry Goldenberg; Septimiu E. Salcudean,University of British Columbia,CA
https://openalex.org/W2963899699,Artificial intelligence and machine learning in clinical development: a translational perspective,2019,review,498,30,AI in cancer detection; Artificial Intelligence in Healthcare and Education; Machine Learning in Healthcare,npj Digital Medicine,Francis Kendall; Jason M. Laramie; Jianying Hu; Michael S. Ringel; Nicholas J. Schork; Pratik Shah; Ryan Goosen; Sean Khozin,Boston Consulting Group (United States); Massachusetts Institute of Technology; Novartis (United States); Translational Genomics Research Institute; United States Food and Drug Administration,US
https://openalex.org/W2990072080,Artificial intelligence and algorithmic bias: implications for health systems,2019,review,497,8,"Artificial Intelligence in Healthcare and Education; Clinical Reasoning and Diagnostic Skills; Healthcare cost, quality, practices",Journal of Global Health,Heather Mattie; Rifat Atun; Trishan Panch,Harvard Global Health Institute; Harvard University,US
https://openalex.org/W2982441053,GeoAI: spatially explicit artificial intelligence techniques for geographic knowledge discovery and beyond,2019,article,495,65,Data Management and Algorithms; Geographic Information Systems Studies; Human Mobility and Location-Based Analysis,International Journal of Geographical Information Systems,Budhendra Bhaduri; Grant McKenzie; Krzysztof Janowicz; Song Gao; Yingjie Hu,"McGill University; Oak Ridge National Laboratory; University at Buffalo, State University of New York; University of California, Santa Barbara; University of Wisconsin–Madison",CA; US
https://openalex.org/W2969715170,Artificial intelligence: Implications for the future of work,2019,review,492,94,Artificial Intelligence in Healthcare and Education; Big Data and Business Intelligence; Digital Transformation in Industry,American Journal of Industrial Medicine,John Howard,National Institute for Occupational Safety and Health; United States Department of Health and Human Services,US
https://openalex.org/W2974110037,"Transformative effects of IoT, Blockchain and Artificial Intelligence on cloud computing: Evolution, vision, trends and open challenges",2019,article,488,232,Blockchain Technology Applications and Security; Cloud Computing and Resource Management; IoT and Edge/Fog Computing,Internet of Things,Bhanu Sehgal; Daria Smirnova; Dominic Lindsay; Haris Pervaiz; Harshit Mehta; Inderpreet Singh; Karan Vijay Singh; Manmeet Singh; Minxian Xu; Mohammad Sadegh Aslanpour; Peter Garraghan; Sanjay Misra; Shikhar Tuli; Shreshth Tuli; Sukhpal Singh Gill; Sukhwinder Singh Kaila; Udit Jain; Vlado Stankovski,"Atilim University; Covenant University; DELL (United States); Indian Institute of Technology Bombay; Indian Institute of Technology Delhi; Indian Institute of Tropical Meteorology; Islamic Azad University, Jahrom Branch; Lancaster University; Queen Mary University of London; Shenzhen Institutes of Advanced Technology; Simon Fraser University; The University of Texas at Austin; University of Ljubljana; University of Waterloo; Walker (United States)",CA; CN; GB; IN; IR; NG; SI; TR; US
https://openalex.org/W2979279941,Potential Liability for Physicians Using Artificial Intelligence,2019,article,481,7,Artificial Intelligence in Healthcare and Education; Ethics in Clinical Research; Medical Malpractice and Liability Issues,JAMA,I. Glenn Cohen; Sara Gerke; W. Nicholson Price,Harvard University; University of Michigan–Ann Arbor,US
https://openalex.org/W2949358505,Artificial Intelligence and Personalized Medicine,2019,book-chapter,474,106,Bioinformatics and Genomic Networks; Cell Image Analysis Techniques; Computational Drug Discovery Methods,Cancer treatment and research,Nicholas J. Schork,Translational Genomics Research Institute,US
https://openalex.org/W2963709920,How and where is artificial intelligence in the public sector going? A literature review and research agenda,2019,review,470,141,Occupational Health and Safety Research; Regulation and Compliance Studies; Smart Cities and Technologies,Government Information Quarterly,Adalmir de Oliveira Gomes; Elis Regina Pereira de Melo; Paulo Henrique de Souza Bermejo; Rafael Araújo Sousa Farias; Weslei Gomes de Sousa,Universidade de Brasília,BR
https://openalex.org/W2957366757,Integrating Artificial Intelligence and Nanotechnology for Precision Cancer Medicine,2019,review,463,179,Advanced biosensing and bioanalysis techniques; Machine Learning in Materials Science; Nanoplatforms for cancer theranostics,Advanced Materials,Avi Schroeder; Gal Chen; Janna Shainsky‐Roitman; Jeny Shklover; Maria Poley; Nitzan Krinsky; Omer Adir; Sahar Froim; Twan Lammers,RWTH Aachen University; Technion – Israel Institute of Technology; Tel Aviv University; Universitätsklinikum Aachen,DE; IL
https://openalex.org/W2947746147,Artificial intelligence and big data in entrepreneurship: a new era has begun,2019,article,455,131,"Entrepreneurship Studies and Influences; FinTech, Crowdfunding, Digital Finance; Private Equity and Venture Capital",Small Business Economics,David B. Audretsch; Martin Obschonka,Indiana University Bloomington,US
https://openalex.org/W2921613140,Global Evolution of Research in Artificial Intelligence in Health and Medicine: A Bibliometric Study,2019,article,452,49,Artificial Intelligence in Healthcare and Education; COVID-19 diagnosis using AI; Radiomics and Machine Learning in Medical Imaging,Journal of Clinical Medicine,Bach Xuan Tran; Carl A. Latkin; Cyrus S. H. Ho; Giang Hai Ha; Giang Thu Vu; Hong‐Kong T. Nguyen; Huong Lan Thi Nguyen; Kien-Cuong P. Nghiem; Manh‐Toan Ho; Ngai‐Man Cheung; Quan‐Hoang Vuong; Roger Ho; Thu‐Trang Vuong; Tung Manh Ho; Viet‐Phuong La; Wilson Tam,Duy Tan University; Hanoi Medical University; Institut d'Etudes Politiques de Paris; Johns Hopkins University; Maison des Sciences sociales et des Humanités de Dijon; National University Hospital; National University of Singapore; Phenikaa University; Singapore University of Technology and Design; Trường ĐH Nguyễn Tất Thành; Viet Duc Hospital,FR; SG; US; VN
https://openalex.org/W2970154784,Age and Sex Estimation Using Artificial Intelligence From Standard 12-Lead ECGs,2019,article,448,19,Cardiac electrophysiology and arrhythmias; ECG Monitoring and Analysis; Healthcare Technology and Patient Monitoring,Circulation Arrhythmia and Electrophysiology,Christopher G. Scott; Dorothy J. Ladewig; Francisco López-Jiménez; Gaurav Satam; Patricia A. Pellikka; Paul A. Friedman; Peter A. Noseworthy; Rickey E. Carter; Samuel J. Asirvatham; Suraj Kapa; Thomas M. Munger; Zachi I. Attia,Anna Needs Neuroblastoma Answers; Jacksonville College; Mayo Clinic; Mayo Clinic in Arizona; Mayo Clinic in Florida,US
https://openalex.org/W2907891425,A review of the artificial intelligence methods in groundwater level modeling,2019,review,447,88,Flood Risk Assessment and Management; Groundwater and Watershed Analysis; Hydrological Forecasting Using AI,Journal of Hydrology,Hadi Ebrahimi; Taher Rajaee; Vahid Nourani,Near East University; University of Qom; University of Tabriz,CY; IR
https://openalex.org/W2990621239,Machine learning and artificial intelligence to aid climate change research and preparedness,2019,article,447,121,Atmospheric and Environmental Gas Dynamics; Climate variability and models; Meteorological Phenomena and Simulations,Environmental Research Letters,Chris Huntingford; Elizabeth S. Jeffers; Hannah M. Christensen; Hui Yang; Michael B. Bonsall; Thomas Lees,Peking University; UK Centre for Ecology & Hydrology; University of Oxford,CN; GB
https://openalex.org/W2917855746,"Art, Creativity, and the Potential of Artificial Intelligence",2019,article,445,3,AI in Service Interactions; Aesthetic Perception and Analysis; Virtual Reality Applications and Impacts,Arts,Ahmed Elgammal; Marian Mazzone,"College of Charleston; Rutgers, The State University of New Jersey",US
https://openalex.org/W2990290777,Artificial intelligence in clinical and genomic diagnostics,2019,review,443,100,AI in cancer detection; Cancer Genomics and Diagnostics; Genomics and Rare Diseases,Genome Medicine,Ali Torkamani; Raquel Dias,Scripps Research Institute,US
https://openalex.org/W2944277342,Artificial Intelligence: American Attitudes and Trends,2019,article,439,33,Ethics and Social Impacts of AI; Psychology of Moral and Emotional Judgment; Social and Intergroup Psychology,SSRN Electronic Journal,Allan Dafoe; Baobao Zhang,Centre for the Governance of AI; Institute on Governance; Syracuse University; University of Oxford,CA; GB; US
https://openalex.org/W2972497960,Big Data and Artificial Intelligence Modeling for Drug Discovery,2019,review,439,157,"Computational Drug Discovery Methods; Genetics, Bioinformatics, and Biomedical Research; Machine Learning in Materials Science",The Annual Review of Pharmacology and Toxicology,Hao Zhu,"Rutgers, The State University of New Jersey",US
https://openalex.org/W3123176014,"Artificial Intelligence, Automation, and Work",2019,book-chapter,435,30,Economic Growth and Productivity; Economic and Technological Innovation; Innovation Diffusion and Forecasting,,Daron Acemoğlu; Pascual Restrepo,,
https://openalex.org/W4232929704,Artificial Intelligence in Society,2019,book,429,106,Artificial Intelligence in Healthcare and Education; Ethics and Social Impacts of AI; Explainable Artificial Intelligence (XAI),OECD Publishing eBooks,OECD,,
https://openalex.org/W2991532994,The Impact of Artificial Intelligence on the Labor Market,2019,article,426,46,Digital Economy and Work Transformation; Firm Innovation and Growth; Labor market dynamics and wage inequality,SSRN Electronic Journal,Michael A. Webb,Stanford University,US
https://openalex.org/W2986617680,"Application of artificial intelligence to wastewater treatment: A bibliometric analysis and systematic review of technology, economy, management, and wastewater reuse",2019,article,424,124,Air Quality Monitoring and Forecasting; Water Quality Monitoring Technologies,Process Safety and Environmental Protection,Jianye Hao; Lin Zhao; Peizhe Sun; Tianjiao Dai; Yongkui Yang; Zhi Qiao,Boston University; Tianjin University,CN; US
https://openalex.org/W2981646383,"Artificial Intelligence, Responsibility Attribution, and a Relational Justification of Explainability",2019,article,420,45,Artificial Intelligence in Healthcare and Education; Ethics and Social Impacts of AI; Psychology of Moral and Emotional Judgment,Science and Engineering Ethics,Mark Coeckelbergh,University of Vienna,AT
https://openalex.org/W2947134462,"Artificial Intelligence, Machine Learning, Automation, Robotics, Future of Work and Future of Humanity",2019,article,419,51,Blockchain Technology Applications and Security; Ethics and Social Impacts of AI,Journal of Database Management,Keng Siau; Weiyu Wang,City University of Hong Kong; Missouri University of Science and Technology,HK; US
https://openalex.org/W2967464015,Applications of Artificial Intelligence in Agriculture: A Review,2019,review,416,66,Leaf Properties and Growth Measurement; Smart Agriculture and AI,Engineering Technology & Applied Science Research,Ngozi Clara Eli-Chukwu,"Alex Ekwueme Federal University, Ndufu-Alike",NG
https://openalex.org/W2907352650,Arming the public with artificial intelligence to counter social bots,2019,article,408,90,Advanced Malware Detection Techniques; Misinformation and Its Impacts; Spam and Phishing Detection,Human Behavior and Emerging Technologies,Alessandro Flammini; Clayton A. Davis; Emilio Ferrara; Filippo Menczer; Kai‐Cheng Yang; Onur Varol,Indiana University Bloomington; Northeastern University; University of Southern California,US
https://openalex.org/W2919491917,Review of Artificial Intelligence Adversarial Attack and Defense Technologies,2019,article,405,56,Advanced Malware Detection Techniques; Adversarial Robustness in Machine Learning; Anomaly Detection Techniques and Applications,Applied Sciences,Chunjiang Wu; Qihe Liu; Shijie Zhou; Shilin Qiu,University of Electronic Science and Technology of China,CN
https://openalex.org/W2954197146,Transparency you can trust: Transparency requirements for artificial intelligence between legal norms and contextual concerns,2019,article,404,80,"Ethics and Social Impacts of AI; Mobile Crowdsensing and Crowdsourcing; Privacy, Security, and Data Protection",Big Data & Society,Aurelia Tamò‐Larrieux; Christoph Lutz; Eduard Fosch‐Villaronga; Heike Felzmann,BI Norwegian Business School; Ollscoil na Gaillimhe – University of Galway; University of Zurich,CH; IE; NO
https://openalex.org/W2963377100,Emerging Technology and Business Model Innovation: The Case of Artificial Intelligence,2019,article,398,31,"AI in Service Interactions; Blockchain Technology Applications and Security; FinTech, Crowdfunding, Digital Finance",Journal of Open Innovation Technology Market and Complexity,Daniel Roy; Jaehun Lee; Melissa S. Baucus; Taewon Suh,Samsung (South Korea); Texas State University,KR; US
https://openalex.org/W2969615692,Economics of Artificial Intelligence: Implications for the Future of Work,2019,article,392,77,Economic Growth and Productivity; Firm Innovation and Growth; Labor market dynamics and wage inequality,IZA Journal of Labor Policy,Daniel Samaan; Ekkehard Ernst; Rossana Merola,International Labour Organization,CH
https://openalex.org/W2947151330,Artificial Intelligence and the Implementation Challenge,2019,article,384,57,Artificial Intelligence in Healthcare and Education; Explainable Artificial Intelligence (XAI); Machine Learning in Healthcare,Journal of Medical Internet Research,Avi Goldfarb; Frank Rudzicz; James Shaw; Trevor Jamieson,St. Michael's Hospital; University of Toronto; Women's College Hospital,CA
https://openalex.org/W2950834660,Artificial intelligence (AI) and its implications for market knowledge in B2B marketing,2019,article,384,50,AI in Service Interactions; Big Data and Business Intelligence; Digital Marketing and Social Media,Journal of Business and Industrial Marketing,Jan Kietzmann; Jeannette Paschen; Tim C. Kietzmann,KTH Royal Institute of Technology; MRC Cognition and Brain Sciences Unit; University of Cambridge; University of Victoria,CA; GB; SE
https://openalex.org/W2937037822,Artificial intelligence in medical education,2019,article,379,33,Artificial Intelligence in Healthcare and Education; Clinical Reasoning and Diagnostic Skills; Innovations in Medical Education,Medical Teacher,Ken Masters,Sultan Qaboos University,OM
https://openalex.org/W2910165844,Physician Confidence in Artificial Intelligence: An Online Mobile Survey,2019,article,372,43,Artificial Intelligence in Healthcare and Education; Electronic Health Records Systems; Machine Learning in Healthcare,Journal of Medical Internet Research,Hee Jeong Lee; Jae Heon Kim; Jungrak Hong; Songhee Oh; Soon Hyo Kwon; Sung-Woo Choi,New York Medical College; Soonchunhyang University Hospital Seoul,KR; US
https://openalex.org/W2971361125,Artificial Intelligence and Machine Learning in Pathology: The Present Landscape of Supervised Methods,2019,review,366,54,AI in cancer detection; Digital Imaging for Blood Diseases; Radiomics and Machine Learning in Medical Imaging,Academic Pathology,Elham Vali Betts; Hooman H. Rashidi; Lydia Pleotis Howell; Nam K. Tran; Ralph Green,"University of California, Davis",US
https://openalex.org/W2922512717,Artificial Intelligence in Higher Education: A Bibliometric Study on its Impact in the Scientific Literature,2019,article,364,26,Artificial Intelligence in Healthcare and Education; E-Learning and Knowledge Management; Online Learning and Analytics,Education Sciences,Francisco-Javier Hinojo-Lucena; Inmaculada Aznar Díaz; José María Romero Rodríguez; María Pilar Cáceres Reche,Universidad de Granada,ES
https://openalex.org/W2972246881,Artificial intelligence for diabetic retinopathy screening: a review,2019,review,361,36,Retinal Diseases and Treatments; Retinal Imaging and Analysis; Retinal and Optic Conditions,Eye,Andrzej Grzybowski; Daniel Shu Wei Ting; Gavin Siew Wei Tan; Gilbert Lim; Michael D. Abràmoff; Paisan Ruamviboonsuk; Piotr Brona,Duke-NUS Medical School; National University of Singapore; Rajavithi Hospital; Singapore Eye Research Institute; Singapore National Eye Center; University of Iowa; University of Warmia and Mazury in Olsztyn,PL; SG; TH; US
https://openalex.org/W2963852062,Artificial Intelligence Versus Clinicians in Disease Diagnosis: Systematic Review,2019,review,361,26,Artificial Intelligence in Healthcare and Education; COVID-19 diagnosis using AI; Radiomics and Machine Learning in Medical Imaging,JMIR Medical Informatics,Bangsheng Jiang; Casper J. P. Zhang; Jian Song; Jiayi Shen; Jiebin Chen; Po-Han Fang; Sum Yi Wong; Wai‐Kit Ming; Zherui Liu; Zonglin He,"Brigham and Women's Hospital; Harvard University; Jinan University; Sun Yat-sen University; The First Affiliated Hospital, Sun Yat-sen University; University of Hong Kong",CN; HK; US
https://openalex.org/W2971532241,Tackling environmental challenges in pollution controls using artificial intelligence: A review,2019,review,360,238,Air Quality Monitoring and Forecasting; Water Quality Monitoring Technologies; Water Quality Monitoring and Analysis,The Science of The Total Environment,Jiade Wang; Jiaqian Yang; Jining Jia; Na Zhong; Xin Tu; Zhiping Ye,University of Liverpool; Zhejiang University of Technology,CN; GB
https://openalex.org/W2924281192,The NOMAD laboratory: from data sharing to artificial intelligence,2019,article,353,28,Electron and X-Ray Spectroscopy Techniques; Machine Learning in Materials Science; X-ray Diffraction in Crystallography,Journal of Physics Materials,Claudia Draxl; Matthias Scheffler,Humboldt-Universität zu Berlin,DE
https://openalex.org/W2972588473,Superior skin cancer classification by the combination of human and artificial intelligence,2019,article,352,37,AI in cancer detection; Cutaneous Melanoma Detection and Management; Digital Imaging for Blood Diseases,European Journal of Cancer,Achim Hekler; Alexander Enk; Andreas Kerstan; Anja Gesierich; Ann-Christine Rosenthal; Anna Laetitia Messinger; Anna‐Sophie Erkens; Anne Gerlach; Anne‐Charlotte Niesert; Ann‐Sophie Bohne; Ante Karoglan; Axel Hauschild; Bastian Schilling; Benjamin Izar; Bianca Burba; Carola Berking; Cecilia Dietrich; Christian Holtorf; Christina Drusio; Christof von Kalle; Claudia Bär; Claus‐Detlev Klemke; Dagmar Presser; Daniela Hartmann; Diana Lill; Dirk Schadendorf; Elke Sattler; Eva Oppel; Franziska Winter; Friederike Egberts; Friederike Hoffmann; Georg Lodde; Hans Wolff; Hiba Asper; Hjalmar Kurzen; Ina Stolze; Jana Stemmermann; Jeannine Zader; Jennifer Haiduk; Jens Wallmichrath; Joachim Klode; Jochen Utikal; Judith Weber; Julia K. Winkler; Juliana Giraldo Velez; Jürgen C. Becker; Kaspar Torz; Katharina Drerup; Katharina Kilian; Katharina Kosova; Knut Schäkel; Laurenz Schmitt; Laurie Eicher; Luise Kraas; Malte Metzner; Mareike Alter; Maria Maagk; Maria Rita Gaiser; Marion Jost; Markus V. Heppt; Martin Salzmann; Matthias Dietrich; Merit Kaeding; Michael Weichenthal; Moritz Felcht; Patrick Schummer; Paul Bergenthal; Philipp Jansen; Philipp Schrüfer; Priscilla Wölbing; Raphael Reinhard; Rogina Motamedi; Roman C. Maron; S. Lischner; Salim Greven; Sarah K. Schäfer; Sebastian Haferkamp; Sebastian Krammer; Selma Ugurel; Sonja Senner; Sophia Deffaa; Sophie Kindermann; Stefan Fröhling; Stefanie Sammet; Thomas Leibing; Tim Holland‐Letz; Tina Giner; Titus J. Brinker; Ulrich Seidl; Valerie Glutsch; Verena Müller; Victoria Brown; Viola Harde; Wiebke K. Peitsch; Wiebke Sondermann,Dana-Farber Cancer Institute; Essen University Hospital; German Cancer Research Center; Heidelberg University; LMU Klinikum; Ludwig-Maximilians-Universität München; National Center for Tumor Diseases; University Hospital Heidelberg; University Hospital Regensburg; Universitätsklinikum Würzburg,DE; US
https://openalex.org/W2972165905,Radiomics with artificial intelligence: a practical guide for beginners,2019,review,349,63,AI in cancer detection; Colorectal Cancer Screening and Detection; Radiomics and Machine Learning in Medical Imaging,Diagnostic and Interventional Radiology,Burak Koçak; Ece Ates; Emine Şebnem Durmaz; Özgür Kılıçkesmez,Istanbul Eye Hospital; Mimar Sinan Güzel Sanatlar Üniversitesi,TR
https://openalex.org/W2966109107,Artificial Intelligence for Drug Toxicity and Safety,2019,review,346,122,Biosimilars and Bioanalytical Methods; Computational Drug Discovery Methods; Machine Learning in Healthcare,Trends in Pharmacological Sciences,Alexandre Yahi; Anna O. Basile; Nicholas P. Tatonetti,Columbia University Irving Medical Center,US
https://openalex.org/W2968511602,The EU Approach to Ethics Guidelines for Trustworthy Artificial Intelligence,2019,article,342,0,Adversarial Robustness in Machine Learning; Artificial Intelligence in Healthcare and Education; Ethics and Social Impacts of AI,Computer Law Review International,Nathalie A. Smuha,,
https://openalex.org/W4230792396,Artificial Intelligence and the Modern Productivity Paradox,2019,book-chapter,340,0,Economic Development and Digital Transformation; Economic and Technological Innovation,,Chad Syverson; Daniel Rock; Erik Brynjolfsson,,
https://openalex.org/W2923370583,Artificial Intelligence Approaches for Prediction of Compressive Strength of Geopolymer Concrete,2019,article,339,50,Concrete Properties and Behavior; Concrete and Cement Materials Research; Innovative concrete reinforcement materials,Materials,Binh Thai Pham; Dong Van Dao; Hai‐Bang Ly; Son Hoang Trinh; Tien-Thinh Le,University Of Transport Technology,VN
https://openalex.org/W2766005220,Viewpoint: Human-in-the-loop Artificial Intelligence,2019,article,338,29,Digital Economy and Work Transformation; Internet of Things and AI; Knowledge Management and Technology,Journal of Artificial Intelligence Research,Fabio Massimo Zanzotto,University of Rome Tor Vergata,IT
https://openalex.org/W2969117470,Emotional intelligence or artificial intelligence– an employee perspective,2019,article,336,118,Emotional Intelligence and Performance; Job Satisfaction and Organizational Behavior; Personality Traits and Psychology,Journal of Hospitality Marketing & Management,Catherine Prentice; Sérgio Dominique‐Ferreira; Xuequn Wang,Griffith University; Murdoch University; Polytechnic Institute of Cávado and Ave,AU; PT
https://openalex.org/W2912008038,Artificial intelligence and machine learning in spine research,2019,review,319,168,Artificial Intelligence in Healthcare and Education; Medical Imaging and Analysis; Spinal Fractures and Fixation Techniques,JOR Spine,Fabio Galbusera; Gloria Casaroli; Tito Bassani,Istituti di Ricovero e Cura a Carattere Scientifico; Istituto Ortopedico Galeazzi,IT
https://openalex.org/W2990082040,Artificial intelligence: Building blocks and an innovation typology,2019,article,316,43,Big Data and Business Intelligence; Economic and Technological Innovation; Innovation and Knowledge Management,Business Horizons,Christine Pitt; Jan Kietzmann; Ulrich Paschen,KTH Royal Institute of Technology; Luleå University of Technology; University of Victoria,CA; SE
https://openalex.org/W2910166370,Artificial Intelligence for Vehicle-to-Everything: A Survey,2019,article,315,135,Autonomous Vehicle Technology and Safety; Traffic Prediction and Management Techniques; Vehicular Ad Hoc Networks (VANETs),IEEE Access,Azhar Hussain; Sabita Maharjan; Tong Wang; Wang Xi Bo,Harbin Engineering University; Simula Metropolitan Center for Digital Engineering,CN; NO
https://openalex.org/W2969507301,Synthetic organic chemistry driven by artificial intelligence,2019,review,315,134,Computational Drug Discovery Methods; Innovative Microfluidic and Catalytic Techniques Innovation; Machine Learning in Materials Science,Nature Reviews Chemistry,A. Filipa Almeida; Rui Moreira; Tiago Rodrigues,University of Lisbon,PT
https://openalex.org/W2965997714,Artificial Intelligence and Journalism,2019,article,311,65,Ethics and Social Impacts of AI,Journalism & Mass Communication Quarterly,Andrea L. Guzman; Ching‐Hua Chuan; Meredith Broussard; Michel Dupagne; Nicholas Diakopoulos; Rediet Abebe,,
https://openalex.org/W2940900531,Physician perspectives on integration of artificial intelligence into diagnostic pathology,2019,article,299,32,AI in cancer detection; Artificial Intelligence in Healthcare and Education; Autopsy Techniques and Outcomes,npj Digital Medicine,Anglin Dent; Kevin Faust; Maxime Richer; Phedias Diamandis; Randy Van Ommeren; Shihab Sarwar; Ugljesa Djuric,Princess Margaret Cancer Centre; University Health Network; University of Toronto,CA
https://openalex.org/W2944812497,The significance of artificial intelligence in drug delivery system design,2019,review,291,415,Computational Drug Discovery Methods; Innovative Microfluidic and Catalytic Techniques Innovation; Machine Learning in Materials Science,Advanced Drug Delivery Reviews,Fatemeh Atyabi; Parichehr Hassanzadeh; Rassoul Dinarvand,Tehran University of Medical Sciences,IR
https://openalex.org/W2951696288,"Artificial Intelligence, Discretion, and Bureaucracy",2019,article,287,46,Corruption and Economic Development; Public Policy and Administration Research; Regulation and Compliance Studies,The American Review of Public Administration,Justin B. Bullock,Texas A&M University,US
https://openalex.org/W2967916686,How artificial intelligence is changing nursing,2019,review,286,6,Artificial Intelligence in Healthcare and Education; Cardiac Arrest and Resuscitation; Frailty in Older Adults,Nursing Management,Nancy J Robert,American Marketing Association; Creative Commons; Topcon (Netherlands),NL; US
https://openalex.org/W2921498258,Medical ethics considerations on artificial intelligence,2019,review,281,21,"Artificial Intelligence in Healthcare and Education; Ethics and Social Impacts of AI; Neuroethics, Human Enhancement, Biomedical Innovations",Journal of Clinical Neuroscience,Kadircan H. Keskinbora,Bahçeşehir University,TR
https://openalex.org/W2981092563,Artificial Intelligence in Medicine: Where Are We Now?,2019,review,279,65,AI in cancer detection; Cutaneous Melanoma Detection and Management; Retinal Imaging and Analysis,Academic Radiology,Ameer Khan; Mirza Shaheer Baig; Nuran Seneviratne; Sagar Kulkarni,Hospital of the University of Pennsylvania; Princess Alexandra Hospital NHS Trust,GB; US
https://openalex.org/W2804691590,Exploring the impact of artificial Intelligence: Prediction versus judgment,2019,article,278,17,"Energy, Environment, and Transportation Policies; Forecasting Techniques and Applications; Market Dynamics and Volatility",Information Economics and Policy,Ajay Agrawal; Avi Goldfarb; Joshua S. Gans,University of Toronto,CA
https://openalex.org/W2922512202,Artificial intelligence in breast imaging,2019,review,275,107,AI in cancer detection; Digital Radiography and Breast Imaging; Radiomics and Machine Learning in Medical Imaging,Clinical Radiology,Elizabeth Le; Fiona J. Gilbert; Sarah Hickman; Yanzhong Wang; Yuan Huang,Engineering and Physical Sciences Research Council; University of Cambridge,GB
https://openalex.org/W2937781457,Application of artificial intelligence in gastroenterology,2019,review,272,72,AI in cancer detection; Colorectal Cancer Screening and Detection; Radiomics and Machine Learning in Medical Imaging,World Journal of Gastroenterology,Chang Seok Bang; Young Joo Yang,Hallym Polytechnic University; Hallym University,KR
https://openalex.org/W2996485613,Artificial intelligence in medical imaging,2019,editorial,266,16,AI in cancer detection; Medical Imaging and Analysis; Radiomics and Machine Learning in Medical Imaging,Magnetic Resonance Imaging,John C. Gore,Vanderbilt University,US
https://openalex.org/W2950738594,Marketing and Artificial Intelligence,2019,article,257,14,Consumer Behavior in Brand Consumption and Identification; Consumer Retail Behavior Studies; Digital Marketing and Social Media,Central European Business Review,Grzegorz Mazurek; Krystyna Jarek,Kozminski University,PL
https://openalex.org/W2914473038,Artificial intelligence in medical imaging of the liver,2019,review,255,63,AI in cancer detection; COVID-19 diagnosis using AI; Radiomics and Machine Learning in Medical Imaging,World Journal of Gastroenterology,Christoph F. Dietrich; Ge-Ge Wu; Jia‐Yu Wang; Liqiang Zhou; Qi Wei; Song-Yuan Yu; Xinglong Wu; Xin‐Wu Cui; Youbin Deng,Huazhong University of Science and Technology; Tongji Hospital; Wuhan University of Technology,CN
https://openalex.org/W4244751360,The Promise of Artificial Intelligence,2019,book,254,0,Ethics and Social Impacts of AI,The MIT Press eBooks,Brian Cantwell Smith,,
https://openalex.org/W2943505205,Artificial intelligence: opportunities and risks for public health,2019,article,253,9,"Cardiovascular Health and Risk Factors; Global Public Health Policies and Epidemiology; Health, Environment, Cognitive Aging",The Lancet Digital Health,Felix Greaves; Jonathan Pearson‐Stuttard; Rifat Atun; Trishan Panch,Harvard University; Imperial College London,GB; US
https://openalex.org/W2989808997,Artificial intelligence for precision medicine in neurodevelopmental disorders,2019,review,242,134,Congenital heart defects research; Genomics and Rare Diseases; Single-cell and spatial transcriptomics,npj Digital Medicine,Marc Woodbury‐Smith; Mohammed Uddin; Yujiang Wang,Hospital for Sick Children; Mohammed Bin Rashid University of Medicine and Health Sciences; Newcastle University; SickKids Foundation,AE; CA; GB
https://openalex.org/W2991574913,Ethical considerations in artificial intelligence,2019,review,234,18,Artificial Intelligence in Healthcare and Education; Radiology practices and education; Radiomics and Machine Learning in Medical Imaging,European Journal of Radiology,Carolyn C. Meltzer; John D. Banja; Nabile Safdar,Emory University,US
https://openalex.org/W2938738219,Artificial Intelligence and Machine Learning in Anesthesiology,2019,review,232,94,"Artificial Intelligence in Healthcare and Education; Cardiac, Anesthesia and Surgical Outcomes; Hemodynamic Monitoring and Therapy",Anesthesiology,Christopher W. Connor,Brigham and Women's Hospital,US
https://openalex.org/W3038002524,Artificial Intelligence in Education,2019,book-chapter,230,39,Engineering Education and Technology; Intelligent Tutoring Systems and Adaptive Learning; Online Learning and Analytics,Encyclopedia of Education and Information Technologies,W. Holmes,The Open University,GB
https://openalex.org/W2936815201,Artificial intelligence in reproductive medicine,2019,review,230,137,AI in cancer detection; Artificial Intelligence in Healthcare and Education,Reproduction,Chun Gao; Ding Ma; Gang Chen; Hui Wang; Lei Jin; Renjie Wang; Shujie Liao; Wei Pan; Yudi Geng; Yuehan Li,Hubei University; Tongji Hospital; Wuhan Business University; Wuhan University,CN
https://openalex.org/W2996400058,Artificial intelligence in orthodontics,2019,article,218,42,Artificial Intelligence in Healthcare and Education; Dental Radiography and Imaging; Dental Research and COVID-19,Journal of Orofacial Orthopedics / Fortschritte der Kieferorthopädie,Angelika Stellzig‐Eisenhauer; Felix Kunz; Florian Zeman; Julian Boldt,Poliklinik für Zahnärztliche Prothetik; University Hospital Regensburg; Universitätsklinikum Würzburg,DE
https://openalex.org/W2941382599,A is for Artificial Intelligence,2019,article,211,17,Child Development and Digital Technology; Child and Animal Learning Development; Social Robot Interaction and HRI,,Cynthia Breazeal; Hae Won Park; Randi Williams,Massachusetts Institute of Technology,US
https://openalex.org/W3017131514,Artificial Intelligence in Education: A Review,2020,review,3341,43,AI in Service Interactions; Intelligent Tutoring Systems and Adaptive Learning; Online Learning and Analytics,IEEE Access,Lijia Chen; Pingping Chen; Zhijian Lin,Fuzhou University; Yango University,CN
https://openalex.org/W3000603264,The role of artificial intelligence in achieving the Sustainable Development Goals,2020,review,2864,74,"Energy, Environment, and Transportation Policies; Ethics and Social Impacts of AI; Smart Cities and Technologies",Nature Communications,Anna Felländer; Francesco Fuso Nerini; Hossein Azizpour; Iolanda Leite; Madeline Balaam; Max Tegmark; Ricardo Vinuesa; Sami Domisch; Simone D. Langhans; Virginia Dignum,Basque Centre for Climate Change; KTH Royal Institute of Technology; Leibniz Institute of Freshwater Ecology and Inland Fisheries; Massachusetts Institute of Technology; Swedish e-Science Research Centre; Umeå University; University of Otago,DE; ES; NZ; SE; US
https://openalex.org/W3013998503,Human Trust in Artificial Intelligence: Review of Empirical Research,2020,article,2122,158,AI in Service Interactions; Blockchain Technology Applications and Security; Ethics and Social Impacts of AI,Academy of Management Annals,Anita Williams Woolley; Ella Glikson,Bar-Ilan University; Carnegie Mellon University,IL; US
https://openalex.org/W2958089299,A Survey on Explainable Artificial Intelligence (XAI): Toward Medical XAI,2020,article,2107,247,Artificial Intelligence in Healthcare and Education; Explainable Artificial Intelligence (XAI); Machine Learning in Healthcare,IEEE Transactions on Neural Networks and Learning Systems,Cuntai Guan; Erico Tjoa,Alibaba Group (China); Nanyang Technological University,CN; SG
https://openalex.org/W3011149445,Using Artificial Intelligence to Detect COVID-19 and Community-acquired Pneumonia Based on Pulmonary CT: Evaluation of the Diagnostic Accuracy,2020,article,2015,20,COVID-19 Clinical Research Studies; COVID-19 diagnosis using AI; Radiomics and Machine Learning in Medical Imaging,Radiology,Bin Kong; Daliang Liu; Guisheng Wang; Juan Xia; Jun Xia; Junjie Bai; Kunlin Cao; Lin Li; Lixin Qin; Qi Song; Qizhong Xu; Shiqin Zhang; Xin Wang; Xisheng Fang; Yi Lu; Youbing Yin; Zeguo Xu; Zhenghan Fang,Chinese PLA General Hospital; Jianghan University; Liaocheng People's Hospital; Shenzhen Second People's Hospital; Shenzhen University Health Science Center; Wuhan No.1 Hospital; Wuhan Pulmonary Hospital,CN
https://openalex.org/W3109650690,Explainability for artificial intelligence in healthcare: a multidisciplinary perspective,2020,article,1761,49,Artificial Intelligence in Healthcare and Education; Ethics and Social Impacts of AI; Explainable Artificial Intelligence (XAI),BMC Medical Informatics and Decision Making,Alessandro Blasimme; Dietmar Frey; Effy Vayena; Julia Amann; Vince I. Madai,Birmingham City University; Charité - Universitätsmedizin Berlin; ETH Zurich,CH; DE; GB
https://openalex.org/W3094492244,Artificial intelligence in drug discovery and development,2020,review,1509,147,Artificial Intelligence in Healthcare and Education; Computational Drug Discovery Methods,Drug Discovery Today,Debleena Paul; Dnyaneshwar Kalyane; Gaurav Sanap; Kiran Kalia; Rakesh Kumar Tekade; Snehal Shenoy,Government of India; National Institute of Pharmaceutical Education and Research (NIPER) - Ahmedabad,IN
https://openalex.org/W3017117984,Artificial Intelligence (AI) applications for COVID-19 pandemic,2020,review,1507,26,COVID-19 diagnosis using AI; Internet of Things and AI; Smart Systems and Machine Learning,Diabetes & Metabolic Syndrome Clinical Research & Reviews,Abid Haleem; Ibrahim Haleem Khan; Mohd Javaid; Raju Vaishya,Indraprastha Apollo Hospitals; Jamia Hamdard; Jamia Millia Islamia; Northeastern University,IN; US
https://openalex.org/W3094793347,A strategic framework for artificial intelligence in marketing,2020,article,1482,104,AI in Service Interactions; Consumer Behavior in Brand Consumption and Identification; Digital Marketing and Social Media,Journal of the Academy of Marketing Science,Ming‐Hui Huang; Roland T. Rust,"National Taiwan University; University of Maryland, College Park",TW; US
https://openalex.org/W3038004684,The rise of artificial intelligence in healthcare applications,2020,book-chapter,1383,65,Artificial Intelligence in Healthcare; COVID-19 diagnosis using AI; Machine Learning in Healthcare,Elsevier eBooks,Adam Bohr; Kaveh Memarzadeh,,
https://openalex.org/W3013294478,Checklist for Artificial Intelligence in Medical Imaging (CLAIM): A Guide for Authors and Reviewers,2020,editorial,1199,34,AI in cancer detection; Artificial Intelligence in Healthcare and Education; Radiomics and Machine Learning in Medical Imaging,Radiology Artificial Intelligence,Charles E. Kahn; John Mongan; Linda Moy,"New York University; University of California, San Francisco; University of Pennsylvania",US
https://openalex.org/W3084021717,"Vision, challenges, roles and research issues of Artificial Intelligence in Education",2020,article,1198,52,Explainable Artificial Intelligence (XAI); Intelligent Tutoring Systems and Adaptive Learning; Online Learning and Analytics,Computers and Education Artificial Intelligence,Benjamin W. Wah; Dragan Gašević; Gwo‐Jen Hwang; Haoran Xie,Chinese University of Hong Kong; Monash University; National Taiwan University of Science and Technology,AU; CN; TW
https://openalex.org/W3016417837,Artificial Intelligence in Dentistry: Chances and Challenges,2020,review,1174,26,Advanced X-ray and CT Imaging; Artificial Intelligence in Healthcare and Education; Dental Radiography and Imaging,Journal of Dental Research,Falk Schwendicke; Joachim Krois; Wojciech Samek,"Charité - Universitätsmedizin Berlin; Fraunhofer Institute for Telecommunications, Heinrich Hertz Institute",DE
https://openalex.org/W3013160799,"Human-Centered Artificial Intelligence: Reliable, Safe &amp; Trustworthy",2020,article,1152,52,Healthcare Technology and Patient Monitoring; Human-Automation Interaction and Safety; Occupational Health and Safety Research,International Journal of Human-Computer Interaction,Ben Shneiderman,"University of Maryland, College Park",US
https://openalex.org/W3086667591,The state of artificial intelligence-based FDA-approved medical devices and algorithms: an online database,2020,article,1113,24,"Artificial Intelligence in Healthcare and Education; Biomedical and Engineering Education; Health Systems, Economic Evaluations, Quality of Life",npj Digital Medicine,Bertalan Meskó; Pranavsingh Dhunnoo; Stan Benjamens,Semmelweis University; University Medical Center Groningen; University of Groningen,HU; NL
https://openalex.org/W3025637241,Influence of artificial intelligence (AI) on firm performance: the business value of AI-based transformation projects,2020,article,1104,86,Big Data and Business Intelligence; Blockchain Technology Applications and Security; Digital Transformation in Industry,Business Process Management Journal,Chris Emmanuel Tchatchouang Wanko; Jean Robert Kala Kamdjoug; Samuel Fosso Wamba; Serge-Lopez Wamba-Taguimdje,Catholic University of Central Africa; TBS Education,CM; FR
https://openalex.org/W3025948831,Artificial intelligence–enabled rapid diagnosis of patients with COVID-19,2020,article,1086,35,Artificial Intelligence in Healthcare and Education; COVID-19 Clinical Research Studies; COVID-19 diagnosis using AI,Nature Medicine,Adam Bernheim; Adam Jacobi; Bin Lin; Brent P. Little; Chenyu Liu; Claudia Calcagno; Fang Liu; Hao-Chih Lee; Hong Shan; Jian Lv; Junli Xia; Kaiyue Diao; Kunwei Li; Marta Łuksza; Michael Chung; Mingqian Huang; Philip M. Robson; Qihua Long; Shaolin Li; Sharon Steinberger; Timothy Deyer; Tongtong Zhao; Venkatesh Mani; Xueyan Mei; Yang Yang; Yixuan Ma; Zahi A. Fayad; Zongyu Xie,Bozhou People's Hospital; Cornell University; Fifth Affiliated Hospital of Sun Yat-sen University; First Affiliated Hospital of Bengbu Medical College; Fuyang Second People's Hospital; Icahn School of Medicine at Mount Sinai; Mass General Brigham; Massachusetts General Hospital; Renmin Hospital of Wuhan University; Riverview Medical Center; Second Affiliated Hospital of Zhejiang University; Sichuan University; Sun Yat-sen University; Weill Cornell Medicine; West China Hospital of Sichuan University; Wuhan University,CN; US
https://openalex.org/W3020807179,"Artificial intelligence for sustainability: Challenges, opportunities, and a research agenda",2020,article,1079,196,Environmental Education and Sustainability; Smart Cities and Technologies; Sustainable Building Design and Assessment,International Journal of Information Management,Jacqueline Corbett; Mike Kennedy; Rohit Nishant,University of British Columbia; Université Laval,CA
https://openalex.org/W3113152109,Roles of artificial intelligence in construction engineering and management: A critical review and future trends,2020,review,1073,271,3D Surveying and Cultural Heritage; BIM and Construction Integration; Infrastructure Maintenance and Monitoring,Automation in Construction,Limao Zhang; Yue Pan,Nanyang Technological University,SG
https://openalex.org/W2971544482,Edge Intelligence: The Confluence of Edge Computing and Artificial Intelligence,2020,article,1044,106,Advanced Neural Network Applications; Blockchain Technology Applications and Security; IoT and Edge/Fog Computing,IEEE Internet of Things Journal,Albert Y. Zomaya; Hailiang Zhao; Jianwei Yin; Schahram Dustdar; Shuiguang Deng; Weijia Fang,First Affiliated Hospital Zhejiang University; TU Wien; The University of Sydney; Zhejiang University of Science and Technology,AT; AU; CN
https://openalex.org/W3013681994,"Artificial intelligence versus clinicians: systematic review of design, reporting standards, and claims of deep learning studies",2020,review,1028,40,AI in cancer detection; Artificial Intelligence in Healthcare and Education; COVID-19 diagnosis using AI,BMJ,Anthony Gordon; Christopher A. Lovejoy; Eric J. Topol; Gary S. Collins; Hugh Harvey; John P. A. Ioannidis; Mahiben Maruthappu; Matthieu Komorowski; Myura Nagendran; Yang Chen,Imperial College Healthcare NHS Trust; Imperial College London; Oxford BioMedica (United Kingdom); Oxford University Hospitals NHS Trust; Protein Metrics (United States); Scripps Research Institute; Stanford University; University College London; University of Oxford,GB; US
https://openalex.org/W3085940513,Artificial intelligence and business models in the sustainable development goals perspective: A systematic literature review,2020,article,1016,127,Big Data and Business Intelligence; Business and Economic Development; Economic and Technological Innovation,Journal of Business Research,Assunta Di Vaio; Octavio Escobar; Rohail Hassan; Rosa Palladino,EM Normandie Business School; Métis-Lab; Northern University of Malaysia; Parthenope University of Naples,FR; IT; MY
https://openalex.org/W3014725478,"Review of Artificial Intelligence Techniques in Imaging Data Acquisition, Segmentation, and Diagnosis for COVID-19",2020,article,1003,76,COVID-19 diagnosis using AI; Medical Imaging and Analysis; Radiomics and Machine Learning in Medical Imaging,IEEE Reviews in Biomedical Engineering,Dinggang Shen; Feng Shi; Jun Shi; Jun Wang; Kelei He; Qian Wang; Yinghuan Shi; Zhenyu Tang; Ziyan Wu,Beihang University; Beijing Advanced Sciences and Innovation Center; Nanjing Medical University; Nanjing University; Shanghai Jiao Tong University; Shanghai University; United Imaging Healthcare (China),CN
https://openalex.org/W3107308400,Inference in artificial intelligence with deep optics and photonics,2020,review,990,122,Neural Networks and Reservoir Computing; Optical Network Technologies; Photonic and Optical Devices,Nature,Aydogan Özcan; Cornelia Denz; David A. B. Miller; Demetri Psaltis; Dirk Englund; Gordon Wetzstein; Marin Soljačić; Shanhui Fan; Sylvain Gigan,"Centre National de la Recherche Scientifique; Collège de France; Laboratoire Kastler Brossel; Massachusetts Institute of Technology; Sorbonne Université; Stanford University; University of California, Los Angeles; University of Münster; École Polytechnique Fédérale de Lausanne",CH; DE; FR; US
https://openalex.org/W3136552952,Reporting guidelines for clinical trial reports for interventions involving artificial intelligence: the CONSORT-AI extension,2020,review,986,60,"Artificial Intelligence in Healthcare and Education; Health Systems, Economic Evaluations, Quality of Life; Meta-analysis and systematic reviews",Nature Medicine,Aaron Lee; Adrian Jonas; Alastair K. Denniston; An-Wen Chan; Andre Esteva; Andrew L. Beam; Ara Darzi; Cecilia S. Lee; Charlotte Haug; Christopher Holmes; Christopher Kelly; Christopher Yau; Cynthia D. Mulrow; Cyrus Espinoza; David Moher; Dina N. Paltoo; Elaine Manna; Gary Price; Gary S. Collins; Hugh Harvey; Hutan Ashrafian; James Matcham; John Fletcher; Jonathan J Deeks; João Monteiro; Lavinia Ferrante di Ruffano; Livia Faes; Luke Oakden‐Rayner; M. Khair ElZarrad; Maria Beatrice Panico; Melanie Calvert; Melissa D. McCradden; Pearse A. Keane; Richard S. Savage; Robert Golub; Rupa Sarkar; SPIRIT-AI and CONSORT-AI Consensus Group; SPIRIT-AI and CONSORT-AI Steering Group; Samantha Cruz Rivera; Samuel Rowley; Sebastian J. Vollmer; The SPIRIT-AI and CONSORT-AI Working Group; Xiaoxuan Liu,American Medical Association; AstraZeneca (United Kingdom); Australian Centre for Robotic Vision; Birmingham Community Healthcare NHS Trust; Bridgepoint (United Kingdom); British Medical Association; Google (United Kingdom); Harvard University; Health Data Research UK; Hospital for Sick Children; Imperial College London; Medical Research Council; Moorfields Eye Hospital; Moorfields Eye Hospital NHS Foundation Trust; NIHR Birmingham Biomedical Research Centre; NIHR Imperial Biomedical Research Centre; NIHR Research Delivery Network; NIHR Surgical Reconstruction and Microbiology Research Centre; National Institute for Health Research; National Institute for Health and Care Excellence; National Institutes of Health; Ottawa Hospital; Ottawa Hospital Research Institute; Salesforce (United States); The Alan Turing Institute; The Nature Conservancy; The Patients Association; United States Food and Drug Administration; University College London; University Hospitals Birmingham NHS Foundation Trust; University of Birmingham; University of Lucerne; University of Manchester; University of Ottawa; University of Oxford; University of Toronto; University of Warwick; University of Washington; Women's College Hospital,AU; CA; CH; GB; US
https://openalex.org/W3081261125,Consumers and Artificial Intelligence: An Experiential Perspective,2020,article,978,117,Consumer Behavior in Brand Consumption and Identification; Consumer Retail Behavior Studies; Digital Marketing and Social Media,Journal of Marketing,Markus Giesler; Rebecca Walker Reczek; Simona Botti; Stefano Puntoni,,
https://openalex.org/W3004493409,Bias in data‐driven artificial intelligence systems—An introductory survey,2020,article,973,105,Artificial Intelligence in Healthcare and Education; Ethics and Social Impacts of AI; Explainable Artificial Intelligence (XAI),Wiley Interdisciplinary Reviews Data Mining and Knowledge Discovery,Bettina Berendt; Christian Heinze; Claudia Wagner; Eirini Ntoutsi; Emmanouil Krasanakis; Fariba Karimi; Franco Turini; Gjergji Kasneci; Harith Alani; Ioannis Kompatsiaris; Katharina Kinder‐Kurlanda; Klaus Broelemann; María-Esther Vidal; Miriam Fernández; Pavlos Fafalios; Salvatore Ruggieri; Steffen Staab; Symeon Papadopoulos; Thanassis Tiropanis; Tina Kruegel; Ujwal Gadiraju; Vasileios Iosifidis; Wolfgang Nejdl,Arbeitsgemeinschaft Gynäkologische Onkologie Studiengruppe; Centre for Research and Technology Hellas; Foundation for Research and Technology Hellas; GESIS - Leibniz-Institute for the Social Sciences; Information Technologies Institute; KU Leuven; L3S Research Center; Leibniz University Hannover; Leibniz University of Applied Sciences; Open Knowledge (United Kingdom); Technische Informationsbibliothek (TIB); Technische Universität Berlin; The Open University; University of Pisa; University of Southampton; University of Stuttgart,BE; DE; GB; GR; IT
https://openalex.org/W3011742849,Artificial intelligence with multi-functional machine learning platform development for better healthcare and precision medicine,2020,article,972,291,Artificial Intelligence in Healthcare; Artificial Intelligence in Healthcare and Education; Machine Learning in Healthcare,Database,Khalid Gaffer Mohamed; Saman Zeeshan; XinQi Dong; Zeeshan Ahmed,"Jackson Laboratory; Johnson University; Rutgers Health; Rutgers, The State University of New Jersey; UConn Health; University of Connecticut",US
https://openalex.org/W3035901421,History of artificial intelligence in medicine,2020,review,971,49,AI in cancer detection; Colorectal Cancer Screening and Detection; Radiomics and Machine Learning in Medical Imaging,Gastrointestinal Endoscopy,Sarah Enslin; Seth A. Gross; Vivek Kaul,NYU Langone Health; University of Rochester Medical Center,US
https://openalex.org/W3035286874,Ethical and legal challenges of artificial intelligence-driven healthcare,2020,book-chapter,937,50,Artificial Intelligence in Healthcare and Education; Ethics and Social Impacts of AI; Ethics in Clinical Research,Elsevier eBooks,Glenn Cohen; Sara Gerke; Timo Minssen,Harvard University; Harvard University Press; University of Copenhagen,DK; US
https://openalex.org/W3093821457,"Artificial intelligence and innovation management: A review, framework, and research agenda✰",2020,article,929,90,"Big Data and Business Intelligence; Digital Transformation in Industry; Innovation, Sustainability, Human-Machine Systems",Technological Forecasting and Social Change,Joakim Wincent; Naomi Haefner; Oliver Gassmann; Vinit Parida,Hanken School of Economics; Luleå University of Technology; University of South-Eastern Norway; University of St.Gallen; University of Vaasa,CH; FI; NO; SE
https://openalex.org/W2999331643,Principled Artificial Intelligence: Mapping Consensus in Ethical and Rights-Based Approaches to Principles for AI,2020,article,927,0,Ethics and Social Impacts of AI,SSRN Electronic Journal,Hannah Hilligoss; Jessica Fjeld; Madhulika Srikumar; Nele Achten; Ádám Nagy,Harvard University Press; Internet Society; University of Exeter,GB; US
https://openalex.org/W2997468044,In AI we trust? Perceptions about automated decision-making by artificial intelligence,2020,article,922,54,Artificial Intelligence in Healthcare and Education; Ethics and Social Impacts of AI; Psychology of Moral and Emotional Judgment,AI & Society,Claes H. de Vreese; Natali Helberger; Sanne Kruikemeier; Theo Araujo,University of Amsterdam,NL
https://openalex.org/W3089252064,Artificial intelligence in supply chain management: A systematic literature review,2020,article,890,196,Advanced Manufacturing and Logistics Optimization; Digital Transformation in Industry; Quality and Supply Management,Journal of Business Research,Ali Nazarpour; Maria Fischl; Pejvak Oghazi; Reza Toorajipour; Vahid Sohrabpour,"Copenhagen Business School; Ideon Innovation (Sweden); Ideon Science Park; Mälardalen University; National University of Ireland, Maynooth; Siemens (Germany); Södertörn University",DE; DK; IE; SE
https://openalex.org/W3006615433,A review of research into automation in tourism: Launching the Annals of Tourism Research Curated Collection on Artificial Intelligence and Robotics in Tourism,2020,review,879,137,AI in Service Interactions; Digital Marketing and Social Media; Sharing Economy and Platforms,Annals of Tourism Research,Iis Tussyadiah,University of Surrey,GB
https://openalex.org/W3084223432,Application and theory gaps during the rise of Artificial Intelligence in Education,2020,article,878,188,Online Learning and Analytics,Computers and Education Artificial Intelligence,Di Zou; Gwo‐Jen Hwang; Haoran Xie; Xieling Chen,Education University of Hong Kong; National Taiwan University of Science and Technology,HK; TW
https://openalex.org/W3037163353,Applications of machine learning and artificial intelligence for Covid-19 (SARS-CoV-2) pandemic: A review,2020,review,869,45,COVID-19 Digital Contact Tracing; COVID-19 diagnosis using AI; COVID-19 epidemiological studies,Chaos Solitons & Fractals,Jamal Hussain; Lalrinfela Chhakchhuak; Samuel Lalmuanawma,Mizoram University; University of York,GB; IN
https://openalex.org/W3019464069,Implementation of artificial intelligence in agriculture for optimisation of irrigation and application of pesticides and herbicides,2020,article,862,164,Remote Sensing in Agriculture; Smart Agriculture and AI; Water Quality Monitoring Technologies,Artificial Intelligence in Agriculture,Dhara Shah; Hiteshri Yagnik; Manan Shah; Nivedita Patel; Tanha Talaviya,Indus University; Nirma University; Pandit Deendayal Petroleum University,IN
https://openalex.org/W3023997891,Artificial intelligence and the future of global health,2020,review,857,70,Artificial Intelligence in Healthcare; Artificial Intelligence in Healthcare and Education; COVID-19 diagnosis using AI,The Lancet,Brian Wahl; Nina Schwalbe,Johns Hopkins University,US
https://openalex.org/W3033928040,An Overview of Artificial Intelligence Applications for Power Electronics,2020,article,827,176,Multilevel Inverters and Converters; Photovoltaic System Optimization Techniques; Silicon Carbide Semiconductor Technologies,IEEE Transactions on Power Electronics,Frede Blaabjerg; Huai Wang; Shuai Zhao,Aalborg University,DK
https://openalex.org/W3032628389,"IoT, Big Data, and Artificial Intelligence in Agriculture and Food Industry",2020,article,827,81,Food Supply Chain Traceability; Smart Agriculture and AI; Spectroscopy and Chemometric Analyses,IEEE Internet of Things Journal,Ahmad Al-Mallahi; Alex Martynenko; Manreet Bhullar; N.N. Misra; Rohit Upadhyay; Yash Dixit,AgResearch; Dalhousie University; Kansas State University; Nestlé (India),CA; IN; NZ; US
https://openalex.org/W3097839885,"Role of institutional pressures and resources in the adoption of big data analytics powered artificial intelligence, sustainable manufacturing practices and circular economy capabilities",2020,article,810,155,Big Data and Business Intelligence; Digital Transformation in Industry; Sustainable Supply Chain Management,Technological Forecasting and Social Change,J.H.C. Pretorius; Shivam Gupta; Surajit Bag; Yogesh K. Dwivedi,NEOMA Business School; Swansea University; University of Johannesburg,FR; GB; ZA
https://openalex.org/W3036458852,Artificial Intelligence and Human Trust in Healthcare: Focus on Clinicians,2020,article,766,42,Artificial Intelligence in Healthcare and Education; Clinical Reasoning and Diagnostic Skills; Patient-Provider Communication in Healthcare,Journal of Medical Internet Research,Alparslan Emrah Bayrak; Avishek Choudhury; Onur Asan,Stevens Institute of Technology,US
https://openalex.org/W3011186445,Innovation and Design in the Age of Artificial Intelligence,2020,article,741,45,Design Education and Practice; Innovative Human-Technology Interaction; Service and Product Innovation,Journal of Product Innovation Management,Luca Vendraminelli; Marco Iansiti; Roberto Verganti,Stockholm School of Economics,SE
https://openalex.org/W3046238651,"The role of explainability in creating trustworthy artificial intelligence for health care: A comprehensive survey of the terminology, design choices, and evaluation strategies",2020,review,736,144,Artificial Intelligence in Healthcare and Education; Explainable Artificial Intelligence (XAI); Machine Learning in Healthcare,Journal of Biomedical Informatics,Aniek F. Markus; Jan A. Kors; Peter R. Rijnbeek,Erasmus MC,NL
https://openalex.org/W3009311085,Applications of Artificial Intelligence and Machine learning in smart cities,2020,article,729,177,Human Mobility and Location-Based Analysis; Smart Cities and Technologies; Traffic Prediction and Management Techniques,Computer Communications,Fadi Al‐Turjman; Leonardo Mostarda; Roberto Gagliardi; Zaib Ullah,Near East University; Università di Camerino,CY; IT
https://openalex.org/W3109340983,"Empowering Things With Intelligence: A Survey of the Progress, Challenges, and Opportunities in Artificial Intelligence of Things",2020,article,719,317,Anomaly Detection Techniques and Applications; Context-Aware Activity Recognition Systems; IoT and Edge/Fog Computing,IEEE Internet of Things Journal,Dacheng Tao; Jing Zhang,The University of Sydney,AU
https://openalex.org/W3082622239,Customer experiences in the age of artificial intelligence,2020,article,715,133,Consumer Retail Behavior Studies; Customer Service Quality and Loyalty; Technology Adoption and User Behaviour,Computers in Human Behavior,Alexander Reppel; Ali Tarhini; Amitabh Anand; Nisreen Ameen,"Groupe de Recherche en Droit, Économie, Gestion; Royal Holloway University of London; SKEMA Business School; Sultan Qaboos University",FR; GB; OM
https://openalex.org/W3011055781,Review of Bridge Structural Health Monitoring Aided by Big Data and Artificial Intelligence: From Condition Assessment to Damage Detection,2020,article,701,183,Concrete Corrosion and Durability; Infrastructure Maintenance and Monitoring; Structural Health Monitoring Techniques,Journal of Structural Engineering,Limin Sun; Satish Nagarajaiah; Sutanu Bhowmick; Ye Xia; Zhiqiang Shang,ORCID; Rice University; Tongji University,CN; US
https://openalex.org/W3097693500,Artificial Intelligence in Utilitarian vs. Hedonic Contexts: The “Word-of-Machine” Effect,2020,article,697,42,Decision-Making and Behavioral Economics; Ethics and Social Impacts of AI; Psychology of Moral and Emotional Judgment,Journal of Marketing,Chiara Longoni; Luca Cian,,
https://openalex.org/W3041968715,Decolonial AI: Decolonial Theory as Sociotechnical Foresight in Artificial Intelligence,2020,article,694,180,"Digital Education and Society; Ethics and Social Impacts of AI; Neuroethics, Human Enhancement, Biomedical Innovations",Philosophy & Technology,Marie-Thérèse Png; Shakir Mohamed; William Isaac,Google DeepMind (United Kingdom); University of Oxford,GB
https://openalex.org/W3085480867,The strategic use of artificial intelligence in the digital era: Systematic literature review and future research directions,2020,article,682,191,Big Data and Business Intelligence; Blockchain Technology Applications and Security; Digital Transformation in Industry,International Journal of Information Management,Aline F.S. Borges; CLAUDIA APARECIDA MATTOS; Fernando J.B. Laurindo; Mauro de Mesquita Spínola; Rodrigo Franco Gonçalves,Fundação Padre Albino; Universidade Paulista; Universidade de São Paulo,BR
https://openalex.org/W3001077607,"Machine Learning and Artificial Intelligence: Definitions, Applications, and Future Directions",2020,review,676,25,Artificial Intelligence in Healthcare and Education; Machine Learning in Healthcare; Medical Imaging and Analysis,Current Reviews in Musculoskeletal Medicine,Andrew I. Spitzer; Andrew Swiergosz; Heather S. Haeberle; J. Matthew Helm; Jaret M. Karnuta; Jonathan L. Schaffer; Prem N. Ramkumar; Viktor E. Krebs,Baylor College of Medicine; Cedars-Sinai Medical Center; Cleveland Clinic,US
https://openalex.org/W2992584342,"Artificial Intelligence and Machine Learning Applications in Smart Production: Progress, Trends, and Directions",2020,article,676,37,Advanced Statistical Process Monitoring; Digital Transformation in Industry; Industrial Vision Systems and Defect Detection,Sustainability,Antonella Petrillo; Fabio De Felice; Giuseppina Piscitelli; Marta Travaglioni; Raffaele Cioffi,Parthenope University of Naples; Università degli studi di Cassino e del Lazio Meridionale,IT
https://openalex.org/W3005335661,Artificial Intelligence in Medicine: Today and Tomorrow,2020,article,662,55,Artificial Intelligence in Healthcare and Education; COVID-19 diagnosis using AI; Radiomics and Machine Learning in Medical Imaging,Frontiers in Medicine,Giovanni Briganti; Olivier Le Moine,Erasmus Hospital; Université Libre de Bruxelles,BE
https://openalex.org/W3081258743,Rising with the machines: A sociotechnical framework for bringing artificial intelligence into the organization,2020,article,652,114,"Big Data and Business Intelligence; Ethics and Social Impacts of AI; Innovation, Sustainability, Human-Machine Systems",Journal of Business Research,Alexa K. Fox; Debmalya Mukherjee; Erin E. Makarius; Joseph D. Fox,University of Akron,US
https://openalex.org/W3111221273,"Industrial Artificial Intelligence in Industry 4.0 - Systematic Review, Challenges and Outlook",2020,article,642,118,Digital Transformation in Industry; Flexible and Reconfigurable Manufacturing Systems; Industrial Vision Systems and Defect Detection,IEEE Access,Armando Walter Colombo; Jay Lee; José Barata; Keyi Sun; Ricardo Silva Peres; Xiaodong Jia,Foxconn (United States); Uninova; Universidade Nova de Lisboa; University of Applied Sciences Emden Leer; University of Cincinnati; University of Lisbon,DE; PT; US
https://openalex.org/W2999277653,Deep learning and artificial intelligence methods for Raman and surface-enhanced Raman scattering,2020,article,640,109,Advanced Chemical Sensor Technologies; Spectroscopy Techniques in Biomedical and Chemical Research; Spectroscopy and Chemometric Analyses,TrAC Trends in Analytical Chemistry,Benjamin Charron; Félix Lussier; Gregory Q. Wallace; Jean‐François Masson; Vincent Thibault,Heidelberg University; Max Planck Institute for Medical Research; Regroupement Québécois sur les Matériaux de Pointe; Université de Montréal,CA; DE
https://openalex.org/W3087156149,Artificial intelligence in COVID-19 drug repurposing,2020,review,636,104,COVID-19 Clinical Research Studies; Computational Drug Discovery Methods; SARS-CoV-2 and COVID-19 Research,The Lancet Digital Health,Fei Wang; Feixiong Cheng; Jian Tang; Ruth Nussinov; Yadi Zhou,Case Western Reserve University; Cleveland Clinic Lerner College of Medicine; Cornell University; Frederick National Laboratory for Cancer Research; HEC Montréal; Leidos (United States); Mila - Quebec Artificial Intelligence Institute; National Cancer Institute; Tel Aviv University,CA; IL; US
https://openalex.org/W3036911563,Data governance: Organizing data for trustworthy Artificial Intelligence,2020,article,636,33,Big Data and Business Intelligence; Data Quality and Management; Privacy-Preserving Technologies in Data,Government Information Quarterly,Elsa Estévez; Lu­ís Soares Barbosa; Marijn Janssen; Paul Brous; Tomasz Janowski,Consejo Nacional de Investigaciones Científicas y Técnicas; Delft University of Technology; Gdańsk University of Technology; Silesian University of Technology; United Nations University; Universidad Nacional del Sur; University of Minho; Universität für Weiterbildung Krems,AR; AT; NL; PL; PT
https://openalex.org/W3113317199,Artificial intelligence and machine learning in design of mechanical materials,2020,review,635,169,Advanced machining processes and optimization; Injection Molding Process and Properties; Machine Learning in Materials Science,Materials Horizons,Chi‐Hua Yu; Kai Guo; Markus J. Buehler; Zhenze Yang,Massachusetts Institute of Technology; National Cheng Kung University,TW; US
https://openalex.org/W3043303465,Progress in wearable electronics/photonics—Moving toward the era of artificial intelligence and internet of things,2020,article,635,304,Advanced Sensor and Energy Harvesting Materials; Conducting polymers and applications; Tactile and Sensory Interactions,InfoMat,Bowei Dong; Chengkuo Lee; Jianxiong Zhu; Qiongfeng Shi; Tianyiyi He; Zhongda Sun; Zixuan Zhang,Dongfeng Motor Group (China); National University of Singapore; Suzhou Research Institute,CN; SG
https://openalex.org/W3006671182,A survey on river water quality modelling using artificial intelligence models: 2000–2020,2020,article,635,414,Hydrological Forecasting Using AI; Water Quality Monitoring Technologies; Water Quality and Pollution Assessment,Journal of Hydrology,Tiyasha Tiyasha; Tran Minh Tung; Zaher Mundher Yaseen‬‬‬‬‬‬‬‬‬‬‬‬‬‬‬‬,Ton Duc Thang University,VN
https://openalex.org/W3013758358,Artificial intelligence and machine learning to fight COVID-19,2020,editorial,632,13,COVID-19 Clinical Research Studies; COVID-19 diagnosis using AI,Physiological Genomics,Ahmad Alimadadi; Bina Joe; Ishan Manandhar; Patricia B. Munroe; Sachin Aryal; Xi Cheng,Queen Mary University of London; University of Toledo; William Harvey Research Institute,GB; US
https://openalex.org/W3036506385,Influence of artificial intelligence on technological innovation: Evidence from the panel data of china's manufacturing sectors,2020,article,626,92,"Energy, Environment, Economic Growth; Firm Innovation and Growth; Innovation Policy and R&D",Technological Forecasting and Social Change,Baohua Yang; Huihong Chang; Jeffrey Yi‐Lin Forrest; Liu Jun,Jiangsu Normal University; Nanjing University of Information Science and Technology; Slippery Rock University,CN; US
https://openalex.org/W3028447429,Initial validation of the general attitudes towards Artificial Intelligence Scale,2020,article,620,32,"Ethics and Social Impacts of AI; Neuroethics, Human Enhancement, Biomedical Innovations; Psychology of Moral and Emotional Judgment",Computers in Human Behavior Reports,Astrid Schepman; Paul Rodway,University of Chester,GB
https://openalex.org/W3083027974,"Digital technology, tele-medicine and artificial intelligence in ophthalmology: A global perspective",2020,review,610,371,Retinal Diseases and Treatments; Retinal Imaging and Analysis; Retinal and Optic Conditions,Progress in Retinal and Eye Research,Anat Loewenstein; Daniel Shu Wei Ting; Darren Shu Jeng Ting; Dawn A. Sim; Dennis S.C. Lam; Hanruo Liu; Haotian Lin; Ji-Peng Olivia Li; Judy E. Kim; Linda A. Lam; Louis R. Pasquale; Peter Thomas; R.V. Paul Chan; Sohee Jeon; Taiji Sakomoto; Tien Yin Wong; Youxin Chen,"Beijing Institute of Neurosurgery; Beijing Tongren Hospital; Capital Medical University; Capital University; Chinese Academy of Medical Sciences & Peking Union Medical College; Chinese University of Hong Kong, Shenzhen; Duke-NUS Medical School; Hong Kong Eye Hospital; Icahn School of Medicine at Mount Sinai; Institute of Ophthalmology; Kagoshima University; Medical College of Wisconsin; Moorfields Eye Hospital; Moorfields Eye Hospital NHS Foundation Trust; Nune Eye Hospital; Peking Union Medical College Hospital; SingHealth; SingHealth Duke-NUS Academic Medical Centre; Singapore National Eye Center; Southern California Eye Institute; State Key Laboratory of Ophthalmology; Tongren Hospital; University College London; University of Illinois Chicago; University of Nottingham; University of Southern California",CN; GB; JP; KR; MX; SG; US
https://openalex.org/W3034272367,Artificial intelligence and machine learning approaches to energy demand-side response: A systematic review,2020,review,609,486,Electric Vehicles and Infrastructure; Energy Efficiency and Management; Smart Grid Energy Management,Renewable and Sustainable Energy Reviews,Aristides Kiprakis; Benoit Couraud; David Flynn; Desen Kırlı; Ioannis Antonopoulos; Sergio Elizondo-Gonzalez; Sonam Norbu; Steve Wattam; Valentin Robu,Heriot-Watt University; Office of Gas and Electricity Markets; University of Edinburgh,GB
https://openalex.org/W2999399991,"Artificial intelligence for diagnosis and grading of prostate cancer in biopsies: a population-based, diagnostic study",2020,article,609,35,AI in cancer detection; Autopsy Techniques and Outcomes; Prostate Cancer Diagnosis and Treatment,The Lancet Oncology,Andrew Evans; Brett Delahunt; Carolina Wählby; Cecilia Lindskog; Chin-Chen Pan; Daniel M. Berney; David G. Bostwick; David J. Grignon; Glen Kristiansen; Hemamali Samaratunga; Henrik Grönberg; Henrik Olsson; Hiroyuki Takahashi; James G. Kench; Jesse K. McKenney; Johan Lindberg; John R. Srigley; Jon Oxley; Kenneth A. Iczkowski; Kimmo Kartasalo; Kátia Ramos Moreira Leite; Lars Egevad; Leslie Solorzano; Martin Eklund; Mattias Rantalainen; Ming Zhou; Murali Varma; Pekka Ruusuvuori; Peter A. Humphrey; Peter Ström; Theodorus van der Kwast; Toyonori Tsuzuki,Aichi Medical University; Bostwick Laboratories; Cleveland Clinic; Indiana University School of Medicine; Indiana University – Purdue University Indianapolis; Jikei University School of Medicine; Karolinska Institutet; Medical College of Wisconsin; Queen Mary University of London; Royal Prince Alfred Hospital; Saint Göran Hospital; Science for Life Laboratory; Southmead Hospital; Southwestern Medical Center; Taipei Veterans General Hospital; Tampere University; The University of Texas Southwestern Medical Center; Toronto General Hospital; Universidade de São Paulo; University Health Network; University Hospital Bonn; University Hospital of Wales; University of Otago; University of Queensland; University of Sydney; University of Toronto; Uppsala University; Yale University,AU; BR; CA; DE; FI; GB; JP; NZ; SE; TW; US
https://openalex.org/W3012481664,Artificial intelligence applications in the development of autonomous vehicles: a survey,2020,article,603,92,Autonomous Vehicle Technology and Safety; Smart Parking Systems Research; Transportation and Mobility Innovations,IEEE/CAA Journal of Automatica Sinica,Hong Yang; Lin Yang; Yifang Ma; Zhenyu Wang,Decision Sciences (United States); Huazhong Agricultural University; Old Dominion University,CN; US
https://openalex.org/W3040455124,"Developments, application, and performance of artificial intelligence in dentistry – A systematic review",2020,review,603,68,Artificial Intelligence in Healthcare and Education; Dental Radiography and Imaging; Dental Research and COVID-19,Journal of Dental Sciences,Ali Al-Ehaideb; Hosam Ali Baeshen; Prabhadevi C. Maganur; Sachin C. Sarode; Sanjeev B. Khanagar; Satish Vishwanathaiah; Shankargouda Patil; Shilpa Bhandi,"Dr D Y Patil Dental College & Hospital; Dr. D.Y. Patil Vidyapeeth, Pune; Jazan University; King Abdulaziz Medical City; King Abdulaziz University; King Abdullah International Medical Research Center; King Saud bin Abdulaziz University for Health Sciences; National Guard Health Affairs",IN; SA
https://openalex.org/W3002093512,"Artificial Intelligence, Values, and Alignment",2020,article,598,85,Artificial Intelligence in Healthcare and Education; Ethics and Social Impacts of AI; Explainable Artificial Intelligence (XAI),Minds and Machines,Iason Gabriel,Google DeepMind (United Kingdom),GB
https://openalex.org/W3049757379,Artificial intelligence for the detection of COVID-19 pneumonia on chest CT using multinational datasets,2020,article,596,32,COVID-19 diagnosis using AI; Lung Cancer Diagnosis and Treatment; Radiomics and Machine Learning in Medical Imaging,Nature Communications,Amel Amalou; Andriy Myronenko; Anna Maria Ierardi; Ashkan A. Malayeri; Barış Türkbey; Bradford J. Wood; Cristiano Girlando; Daguang Xu; Dilara J. Long; Dima A. Hammoud; Dominic LaBella; Dong Yang; Elizabeth C. Jones; Elvira Stellato; Evrim Türkbey; Francesca Patella; Gianpaolo Carrafiello; Giovanni Irmici; Giuseppe Franceschelli; Guido Giovanni Plensich; Hirofumi Obinata; Hitoshi Mori; Holger R. Roth; Kaku Tamura; Maurizio Cariati; Maxime Blain; Michael Kassin; Mona G. Flores; Nicole Varble; Peng An; Peter L. Choyke; Ronald M. Summers; Sheng Xu; Stephanie A. Harmon; Stephanie M. Walker; Thomas Sanford; Ulaş Bağcı; Victoria Anderson; Ziyue Xu,Azienda Socio Sanitaria Territoriale Santi Paolo e Carlo; Center for Cancer Research; Fondazione IRCCS Ca' Granda Ospedale Maggiore Policlinico; Frederick National Laboratory for Cancer Research; Hubei University of Medicine; National Cancer Institute; National Institutes of Health; National Institutes of Health Clinical Center; Nvidia (United States); Ospedale San Paolo; Philips (United States); SUNY Upstate Medical University; Self-Defense Forces Central Hospital; University of Central Florida; University of Milan,CN; IT; JP; US
https://openalex.org/W3091468319,COVID-19 Artificial Intelligence Diagnosis Using Only Cough Recordings,2020,article,595,48,COVID-19 diagnosis using AI; Infant Health and Development; Phonocardiography and Auscultation Techniques,IEEE Open Journal of Engineering in Medicine and Biology,Brian Subirana; Ferran Hueto; Jordi Laguarta,Harvard University Press; IIT@MIT,US
https://openalex.org/W3093424417,Challenges and Future Directions of Big Data and Artificial Intelligence in Education,2020,review,586,107,Explainable Artificial Intelligence (XAI); Online Learning and Analytics; Software System Performance and Reliability,Frontiers in Psychology,Chin‐Chung Tsai; Hiroaki Ogata; Hollis Lai; Hui Luan; Jacky Baltes; Janice D. Gobert; Peter Géczy; Ping Li; Rodrigo da Silva Guerra; Stephen J.H. Yang,"Hong Kong Polytechnic University; Kyoto College of Graduate Studies for Informatics; Kyoto University; National Central University; National Institute of Advanced Industrial Science and Technology; National Taiwan Normal University; Rutgers, The State University of New Jersey; Universidade Federal de Santa Maria; University of Alberta",BR; CA; HK; JP; TW; US
https://openalex.org/W3014502523,Adoption of artificial intelligence in higher education: a quantitative analysis using structural equation modelling,2020,article,586,74,Online Learning and Analytics; Organizational and Employee Performance; Technology Adoption and User Behaviour,Education and Information Technologies,Kalyan Kumar Bhattacharjee; Sheshadri Chatterjee,Indian Institute of Technology Delhi,IN
https://openalex.org/W3136960503,Guidelines for clinical trial protocols for interventions involving artificial intelligence: the SPIRIT-AI extension,2020,review,578,49,Artificial Intelligence in Healthcare and Education; Meta-analysis and systematic reviews; Radiomics and Machine Learning in Medical Imaging,Nature Medicine,Aaron Lee; Adrian Jonas; Alastair K. Denniston; Andre Esteva; Andrew L. Beam; An‐Wen Chan; Ara Darzi; Cecilia S. Lee; Charlotte Haug; Christophe J. Kelly; Christopher Holmes; Christopher Yau; Cynthia D. Mulrow; Cyrus Espinoza; David Moher; Dina N. Paltoo; Elaine Manna; Gary Price; Gary S. Collins; Hugh Harvey; Hutan Ashrafian; James Matcham; John Fletcher; Jonathan J Deeks; João Monteiro; Lavinia Ferrante di Ruffano; Livia Faes; Luke Oakden‐Rayner; M. Khair ElZarrad; Maria Beatrice Panico; Melanie Calvert; Melissa D. McCradden; Pearse A. Keane; Richard S. Savage; Robert Golub; Rupa Sarkar; SPIRIT-AI and CONSORT-AI Consensus Group; SPIRIT-AI and CONSORT-AI Steering Group; Samantha Cruz Rivera; Samuel Rowley; Sebastian J. Vollmer; The SPIRIT-AI and CONSORT-AI Working Group; Xiaoxuan Liu,American Medical Association; AstraZeneca (United Kingdom); Australian Centre for Robotic Vision; Birmingham Community Healthcare NHS Trust; Bridgepoint (United Kingdom); British Medical Association; Google (United Kingdom); Harvard University; Health Data Research UK; Hospital for Sick Children; Imperial College London; Medical Research Council; Moorfields Eye Hospital; Moorfields Eye Hospital NHS Foundation Trust; NIHR Birmingham Biomedical Research Centre; NIHR Imperial Biomedical Research Centre; NIHR Research Delivery Network; NIHR Surgical Reconstruction and Microbiology Research Centre; National Institute for Health Research; National Institute for Health and Care Excellence; National Institutes of Health; Ottawa Hospital; Ottawa Hospital Research Institute; Salesforce (United States); The Alan Turing Institute; The Nature Conservancy; The Patients Association; United States Food and Drug Administration; University College London; University Hospitals Birmingham NHS Foundation Trust; University of Birmingham; University of Lucerne; University of Manchester; University of Ottawa; University of Oxford; University of Warwick; University of Washington; Women's College Hospital,AU; CA; CH; GB; US
https://openalex.org/W3027201985,Change Detection Based on Artificial Intelligence: State-of-the-Art and Challenges,2020,article,570,246,Land Use and Ecosystem Services; Remote Sensing and Land Use; Remote-Sensing Image Classification,Remote Sensing,Min Zhang; Rui Zhang; Shanxiong Chen; Wenzhong Shi; Zhao Zhan,China University of Mining and Technology; Hong Kong Polytechnic University; Wuhan University,CN; HK
https://openalex.org/W3023126697,Structure-Based Virtual Screening: From Classical to Artificial Intelligence,2020,review,567,149,Computational Drug Discovery Methods; Microbial Metabolic Engineering and Bioproduction; Protein Structure and Dynamics,Frontiers in Chemistry,Alex Gutterres Taranto; Alisson Marques da Silva; Eduardo Habib Bechelane Maia; Letícia C. Assis; Tiago Alves de Oliveira,Federal Center for Technological Education of Minas Gerais; Federal University of São João del-Rei,BR
https://openalex.org/W3094019951,Artificial-Intelligence-Enabled Intelligent 6G Networks,2020,article,565,17,Advanced MIMO Systems Optimization; Advanced Wireless Communication Technologies; Satellite Communication Systems,IEEE Network,Arokiaswami Alphones; Dusit Niyato; Helin Yang; Jun Zhao; Kaishun Wu; Zehui Xiong,Nanyang Technological University; Shenzhen University,CN; SG
https://openalex.org/W3083992516,Reporting guidelines for clinical trial reports for interventions involving artificial intelligence: the CONSORT-AI Extension,2020,article,560,63,"Artificial Intelligence in Healthcare and Education; Health Systems, Economic Evaluations, Quality of Life; Meta-analysis and systematic reviews",BMJ,Alastair K. Denniston; David Moher; Melanie Calvert; Samantha Cruz Rivera; Xiaoxuan Liu,Health Data Research UK; Moorfields Eye Hospital; Moorfields Eye Hospital NHS Foundation Trust; NIHR Birmingham Biomedical Research Centre; NIHR Surgical Reconstruction and Microbiology Research Centre; National Institute for Health Research; Ottawa Hospital; Ottawa Hospital Research Institute; University College London; University Hospitals Birmingham NHS Foundation Trust; University of Birmingham; University of Ottawa,CA; GB
https://openalex.org/W2999075180,Artificial intelligence in the AEC industry: Scientometric analysis and visualization of research activities,2020,article,557,95,3D Surveying and Cultural Heritage; BIM and Construction Integration; Infrastructure Maintenance and Monitoring,Automation in Construction,Albert P.C. Chan; Amos Darko; David J. Edwards; Ernest Effah Ameyaw; M. Reza Hosseini; Michael Atafo Adabre,Birmingham City University; Deakin University; Hong Kong Polytechnic University; Northumbria University,AU; GB; HK
https://openalex.org/W3083804794,Minimum information about clinical artificial intelligence modeling: the MI-CLAIM checklist,2020,article,555,23,Artificial Intelligence in Healthcare and Education; Biomedical Text Mining and Ontologies; Machine Learning in Healthcare,Nature Medicine,Ali Torkamani; Atul J. Butte; Beau Norgeot; Bin Yu; Brett K. Beaulieu‐Jones; Eric J. Topol; Giorgio Quer; Isaac S. Kohane; Milena Gianfrancesco; Raquel Dias; Rima Arnaout; Suchi Saria; Ziad Obermeyer,"Berkeley Public Health Division; Boston Biomedical (United States); Johns Hopkins University; Scripps Research Institute; University of California, Berkeley; University of California, San Francisco",US
https://openalex.org/W3000309212,The Ethical Implications of Using Artificial Intelligence in Auditing,2020,article,552,75,Artificial Intelligence in Healthcare and Education; Ethics and Social Impacts of AI; Imbalanced Data Classification Techniques,Journal of Business Ethics,Helen L. Brown‐Liburd; Ivy Munoko; Miklos A. Vasarhelyi,"Rutgers, The State University of New Jersey",US
https://openalex.org/W3028484854,The Effectiveness of Artificial Intelligence Conversational Agents in Health Care: Systematic Review,2020,review,551,59,AI in Service Interactions; Artificial Intelligence in Healthcare and Education; Digital Mental Health Interventions,Journal of Medical Internet Research,Caroline de Cock; Eduardo Normando; Edward Meinert; Ernest Lim; Guy Mole; Madison Milne‐Ives; Melissa Harper Shehadeh; Nick de Pennington,Imperial College Healthcare NHS Trust; Imperial College London; Oxford Research Group; Oxford University Hospitals NHS Trust; University of Geneva; University of Oxford; University of Plymouth,CH; GB
https://openalex.org/W3034560014,Artificial Intelligence and COVID-19: Deep Learning Approaches for Diagnosis and Treatment,2020,article,550,99,Anomaly Detection Techniques and Applications; COVID-19 diagnosis using AI; Machine Learning and ELM,IEEE Access,Ali Lalbakhsh; Alireza Jamshidi; Asal Sabet; Bahare Mohamadzade; Farimah Hadjilooei; Hamed Hashemi‐Dezaki; Jakub Talla; Luigi La Spada; Mirhamed Mirmozafari; Mohammad Jamshidi; Mojgan Dehghani; Morteza Jamshidi; Nima Bayat-Makou; Pedram Lalbakhsh; Saeed Roshani; Sara Kiani; Sobhan Roshani; Wahab Mohyuddin; Zahra Malek; Zdeněk Peroutka,Astronomy and Space; Babol University of Medical Sciences; Edinburgh Napier University; Islamic Azad University Kerman; Islamic Azad University Medical Branch of Tehran; Islamic Azad University of Kermanshah; Kermanshah University of Medical Sciences; Louisiana State University; MWT Materials (United States); Macquarie University; National University of Sciences and Technology; Peking University; Razi University; Rogers (United States); Tehran University of Medical Sciences; Texas A&M University – Kingsville; University of Toronto; University of West Bohemia in Pilsen; University of Wisconsin–Madison; Zabol University of Medical Sciences,AU; CA; CN; CZ; GB; IR; PK; US
https://openalex.org/W2997569720,Artificial Intelligence in Healthcare: Review and Prediction Case Studies,2020,article,541,137,Brain Tumor Detection and Classification; EEG and Brain-Computer Interfaces; Machine Learning in Healthcare,Engineering,Arnaldo Mendez; Bo Zhao; Elie Bou Assi; Guoguang Rong; Mohamad Sawan,Polytechnique Montréal; Westlake University; Zhejiang University,CA; CN
https://openalex.org/W2921123283,"Artificial Intelligence, Algorithmic Pricing, and Collusion",2020,article,540,31,Auction Theory and Applications; Economic theories and models; Game Theory and Applications,American Economic Review,Emilio Calvano; Giacomo Calzolari; Sergio Pastorello; Vincenzo Denicolò,European University Institute; GNA University; Toulouse School of Economics,FR; IN; IT
https://openalex.org/W3090323843,Artificial intelligence innovation in education: A twenty-year data-driven historical analysis,2020,article,540,116,Online Learning and Analytics,International Journal of Innovation Studies,Chong Guan; Jian Mou; Zhiying Jiang,Pusan National University; Singapore University of Social Sciences,KR; SG
https://openalex.org/W3033094275,"In AI We Trust: Ethics, Artificial Intelligence, and Reliability",2020,article,534,51,"Artificial Intelligence in Healthcare and Education; Ethics and Social Impacts of AI; Neuroethics, Human Enhancement, Biomedical Innovations",Science and Engineering Ethics,Mark Ryan,KTH Royal Institute of Technology,SE
https://openalex.org/W3090117266,Trustworthy artificial intelligence,2020,article,527,101,Blockchain Technology Applications and Security; Ethics and Social Impacts of AI; IoT and Edge/Fog Computing,Electronic Markets,Ali Sunyaev; Scott Thiebes; Sebastian Lins,Karlsruhe Institute of Technology,DE
https://openalex.org/W3029881688,Sex and gender differences and biases in artificial intelligence for biomedicine and healthcare,2020,review,516,139,"Diversity and Career in Medicine; Science, Research, and Medicine; Sex and Gender in Healthcare",npj Digital Medicine,Alfonso Valencia; Annalisa Gigante; Antonella Santuccione Chadha; Czuee Morey; Davide Cirillo; Emre Güney; Laia Subirats; María José Rementeria; Nikolaos Mavridis; Silvina Catuara‐Solarz; Simona Mellino,Allgemeine Gewerbeschule Basel; Barcelona Biomedical Research Park; Barcelona Supercomputing Center; Centre Tecnologic de Telecomunicacions de Catalunya; Institució Catalana de Recerca i Estudis Avançats; Telefonica Research and Development; Universitat Oberta de Catalunya; Universitat Politècnica de Catalunya; Universitat Pompeu Fabra; Women's Brain Project,CH; ES
https://openalex.org/W3045742910,Industry 4.0 in Finance: The Impact of Artificial Intelligence (AI) on Digital Financial Inclusion,2020,article,514,54,"COVID-19 Pandemic Impacts; FinTech, Crowdfunding, Digital Finance; Microfinance and Financial Inclusion",International Journal of Financial Studies,David Mhlanga,University of Johannesburg,ZA
https://openalex.org/W3043941844,Artificial Intelligence in Advanced Manufacturing: Current Status and Future Outlook,2020,article,513,196,Fault Detection and Control Systems; Industrial Vision Systems and Defect Detection; Manufacturing Process and Optimization,Journal of Manufacturing Science and Engineering,Chengying Xu; Jianjing Zhang; Jorge Arinez; Qing Chang; Robert X. Gao,Case Western Reserve University; Materials Systems (United States); North Carolina State University; University of Virginia,US
https://openalex.org/W3011648816,Contributions and Risks of Artificial Intelligence (AI) in Building Smarter Cities: Insights from a Systematic Review of the Literature,2020,review,505,193,Human Mobility and Location-Based Analysis; Smart Cities and Technologies; Traffic Prediction and Management Techniques,Energies,Farnoosh Roozkhosh; Kevin C. Desouza; Luke Butler; Tan Yiğitcanlar,Queensland University of Technology; University of Guilan,AU; IR
https://openalex.org/W2988293491,"The Chinese approach to artificial intelligence: an analysis of policy, ethics, and regulation",2020,article,504,75,China's Socioeconomic Reforms and Governance; Ethics and Social Impacts of AI,AI & Society,Huw Roberts; Jessica Morley; Josh Cowls; Luciano Floridi; Mariarosaria Taddeo; Vincent Wang,British Library; Turing Institute; University of Oxford,GB
https://openalex.org/W3100936220,Artificial intelligence in business: State of the art and future research agenda,2020,article,504,249,AI in Service Interactions; Blockchain Technology Applications and Security; Ethics and Social Impacts of AI,Journal of Business Research,Iis Tussyadiah; João Guerreiro; Sandra María Correia Loureiro,Iscte – Instituto Universitário de Lisboa; University of Surrey,GB; PT
https://openalex.org/W3096690806,"Artificial intelligence in marketing: Topic modeling, scientometric analysis, and research agenda",2020,article,501,94,AI in Service Interactions; Consumer Behavior in Brand Consumption and Identification; Digital Marketing and Social Media,Journal of Business Research,Jochen Wirtz; Joni Salminen; Loïc Plé; Mekhail Mustak,Centre National de la Recherche Scientifique; Institut d'Economie Scientifique Et de Gestion; National University of Singapore; Université Catholique de Lille,FR; SG
https://openalex.org/W3103319283,Towards Transparency by Design for Artificial Intelligence,2020,review,498,131,Blockchain Technology Applications and Security; Ethics and Social Impacts of AI; Privacy-Preserving Technologies in Data,Science and Engineering Ethics,Aurelia Tamò‐Larrieux; Christoph Lutz; Eduard Fosch‐Villaronga; Heike Felzmann,BI Norwegian Business School; Leiden University; Ollscoil na Gaillimhe – University of Galway; University of St.Gallen,CH; IE; NL; NO
https://openalex.org/W3036453007,Opportunities and Challenges in Explainable Artificial Intelligence (XAI): A Survey,2020,preprint,496,122,Artificial Intelligence in Healthcare and Education; Explainable Artificial Intelligence (XAI); Machine Learning in Healthcare,arXiv (Cornell University),Arun Das; Paul Rad,The University of Texas at San Antonio,US
https://openalex.org/W3039940949,Convergence of blockchain and artificial intelligence in IoT network for the sustainable smart city,2020,article,493,131,Advanced Data and IoT Technologies; Blockchain Technology Applications and Security; IoT and Edge/Fog Computing,Sustainable Cities and Society,Byungun Yoon; Gihwan Cho; In-Ho Ra; Mohammad Shojafar; Pradip Kumar Sharma; Saurabh Singh,Dongguk University; Jeonbuk National University; Kunsan National University; University of Aberdeen; University of Surrey,GB; KR
https://openalex.org/W3091940685,Development and evaluation of an artificial intelligence system for COVID-19 diagnosis,2020,article,490,49,Artificial Intelligence in Healthcare and Education; COVID-19 diagnosis using AI; Radiomics and Machine Learning in Medical Imaging,Nature Communications,Cheng Jin; Chuansheng Zheng; Heshui Shi; Jianjiang Feng; Jie Zhou; Lei Deng; Weixiang Chen; Xin Zhang; Yukun Cao; Zhanwei Xu; Zimeng Tan,Huazhong University of Science and Technology; State Key Laboratory of Information Engineering in Surveying Mapping and Remote Sensing; Tsinghua University; Union Hospital,CN
https://openalex.org/W3008058947,Transparency and reproducibility in artificial intelligence,2020,letter,489,18,AI in cancer detection; Artificial Intelligence in Healthcare and Education; Radiomics and Machine Learning in Medical Imaging,Nature,Ahmed Hosny; Alvis Brāzma; Anna Goldenberg; Anshul Kundaje; Benjamin Haibe‐Kains; Bo Wang; Casey S. Greene; Cesare Furlanello; Chris McIntosh; Christopher E. Mason; Farnoosh Khodakarami; George Alexandru Adam; Hugo J.W.L. Aerts; Jeffrey T. Leek; Joaquı́n Dopazo; John P. A. Ioannidis; John Quackenbush; Joëlle Pineau; Keegan Korthauer; Levi Waldron; Massive Analysis Quality Control (MAQC) Society Board of Directors; Michael M. Hoffman; Rebecca Kusko; Robert Tibshirani; Russ Wolfinger; Susanna‐Assunta Sansone; Tamara Broderick; Thakkar Shraddha; Trevor Hastie; Weida Tong; Wendell Jones; Wolfgang Huber,"Alex's Lemonade Stand Foundation; BC Children's Hospital; Brigham and Women's Hospital; Canadian Institute for Advanced Research; Cornell University; Dana-Farber Brigham Cancer Center; Dana-Farber Cancer Institute; European Bioinformatics Institute; European Molecular Biology Laboratory; Fondazione Bruno Kessler; Harvard University; Hospital Universitario Virgen del Rocío; Immuneering (United States); Johns Hopkins University; Maastricht University; Massachusetts General Hospital; Massachusetts Institute of Technology; McGill University; National Center for Toxicological Research; Ontario Institute for Cancer Research; Princess Margaret Cancer Centre; Protein Metrics (United States); Q2 Solutions (United States); SAS Institute (United States); Science Oxford; SickKids Foundation; Stanford University; The Graduate Center, CUNY; Translational Therapeutics (United States); United States Food and Drug Administration; University Health Network; University of British Columbia; University of Oxford; University of Pennsylvania; University of Toronto; Vector Institute; Weill Cornell Medicine",CA; DE; ES; GB; IT; NL; US
https://openalex.org/W3028964554,A critical review on computer vision and artificial intelligence in food industry,2020,review,488,115,Food Supply Chain Traceability; Smart Agriculture and AI; Spectroscopy and Chemometric Analyses,Journal of Agriculture and Food Research,Basivi Praveen Kumar; Hakil Kim; Van Huan Nguyen; Vijay Kakani; Visweswara Rao Pasupuleti,Inha University; Sri Venkateswara University; Ton Duc Thang University; Universitas Abdurrab; Universiti of Malaysia Sabah,ID; IN; KR; MY; VN
https://openalex.org/W3038025196,Performance of artificial intelligence in colonoscopy for adenoma and polyp detection: a systematic review and meta-analysis,2020,review,488,26,AI in cancer detection; COVID-19 diagnosis using AI; Colorectal Cancer Screening and Detection,Gastrointestinal Endoscopy,Alessandro Repici; Andrea Iannone; Cesare Hassan; Douglas K. Rex; Giulio Antonelli; Honggang Yu; Manol Jovani; Marco Spadaccini; Michael B. Wallace; Miguel Areia; Mário Dinis‐Ribeiro; Pradeep Bhandari; Prateek Sharma; Roberta Maselli; Thomas Rösch; Viveksandeep Thoguluva Chandrasekar,Decision Sciences (United States); Harvard University; Humanitas University; Indiana University School of Medicine; Indiana University – Purdue University Indianapolis; Instituto Português de Oncologia Francisco Gentil; Istituti di Ricovero e Cura a Carattere Scientifico; Jacksonville College; Johns Hopkins Hospital; Kansas City VA Medical Center; Massachusetts General Hospital; Mayo Clinic in Florida; Ospedale Regina Margherita; Queen Alexandra Hospital; Renmin Hospital of Wuhan University; University Medical Center Hamburg-Eppendorf; University of Bari Aldo Moro; Universität Hamburg; Wuhan University,CN; DE; GB; IT; PT; US
https://openalex.org/W3099865851,Urban water resource management for sustainable environment planning using artificial intelligence techniques,2020,article,484,36,Hydrological Forecasting Using AI; Water resources management and optimization; Wetland Management and Conservation,Environmental Impact Assessment Review,Osamah Ibrahim Khalaf; Qiong Li; Shahnawaz Khan; Xiaojun Xiang,Huazhong University of Science and Technology; Hubei Polytechnic University; Nahrain University; University College of Bahrain; University of Bahrain,BH; CN; IQ
https://openalex.org/W3048650942,The carbon impact of artificial intelligence,2020,article,483,0,Air Quality Monitoring and Forecasting,Nature Machine Intelligence,Payal Dhar,,
https://openalex.org/W3012668909,Attitudes and perceptions of UK medical students towards artificial intelligence and radiology: a multicentre survey,2020,article,483,13,Artificial Intelligence in Healthcare and Education; Radiology practices and education; Radiomics and Machine Learning in Medical Imaging,Insights into Imaging,Aishah Azam; Ashik Amlani; Cherry Sit; Daniel Poon; Keerthini Muthuswamy; Leo Monzon; Rohit Srinivasan,Guy's and St Thomas' NHS Foundation Trust; King's College London; King's College School,GB
https://openalex.org/W3026150618,"Survey on IoT security: Challenges and solution using machine learning, artificial intelligence and blockchain technology",2020,article,482,195,Blockchain Technology Applications and Security; Internet of Things and AI; IoT and Edge/Fog Computing,Internet of Things,Bhabendu Kumar Mohanta; Debasish Jena; Srikanta Patnaik; Utkalika Satapathy,International Institute of Information Technology; Siksha O Anusandhan University,IN
https://openalex.org/W3024048126,Artificial intelligence applications in solid waste management: A systematic research review,2020,review,476,134,Air Quality Monitoring and Forecasting; Healthcare and Environmental Waste Management; Municipal Solid Waste Management,Waste Management,Bayan Mahfood; Hadeer Abdalla; Manar Abu Talib; Mohamed Abdallah; Qassim Nasir; Sainab Feroz,University of Sharjah,AE
https://openalex.org/W3082636531,Paradoxes of artificial intelligence in consumer markets: Ethical challenges and opportunities,2020,article,474,104,Ethics and Social Impacts of AI; Ethics in Business and Education; Psychology of Moral and Emotional Judgment,Journal of Business Research,Chunyan Xie; Shuili Du,University of New Hampshire; Western Norway University of Applied Sciences,NO; US
https://openalex.org/W3010455538,The Role of Artificial Intelligence and Data Network Effects for Creating User Value,2020,article,473,106,Digital Marketing and Social Media; Digital Platforms and Economics; Technology Adoption and User Behaviour,Academy of Management Review,Evgeny Káganer; Harris Kyriakou; Ola Henfridsson; Robert Wayne Gregory,IESE Business School; Skolkovo Moscow School of Management; University of Miami; University of Virginia; École Supérieure des Sciences Économiques et Commerciales,ES; FR; RU; US
https://openalex.org/W3049338919,Accountable Artificial Intelligence: Holding Algorithms to Account,2020,article,465,52,Artificial Intelligence in Healthcare and Education; Ethics and Social Impacts of AI; Explainable Artificial Intelligence (XAI),Public Administration Review,Madalina Busuioc,Leiden University,NL
https://openalex.org/W3011403448,"Machine learning and artificial intelligence research for patient benefit: 20 critical questions on transparency, replicability, ethics, and effectiveness",2020,article,465,73,Artificial Intelligence in Healthcare and Education; Explainable Artificial Intelligence (XAI); Machine Learning in Healthcare,BMJ,Adrian Jonas; Bilal A. Mateen; Chris Holmes; David Grainger; Franz J. Király; Gary S. Collins; Gergő Bohner; Harry Hemingway; John P. A. Ioannidis; Karel G.M. Moons; Katherine McAllister; Mark Birse; Puja Myles; Páll Jónsson; Rayid Ghani; Richard D. Branson; Sarah Cumbers; Sebastian J. Vollmer,Clinical Practice Research Datalink; Health Data Research UK; King's College Hospital; National Institute for Health Research; National Institute for Health and Care Excellence; Office for National Statistics; Stanford University; Turing Institute; University College London; University Medical Center Utrecht; University of Chicago; University of Illinois Chicago; University of London; University of Oxford; University of Warwick; Utrecht University,GB; NL; US
https://openalex.org/W3006630858,Artificial Intelligence (AI) Ethics,2020,article,460,21,Adversarial Robustness in Machine Learning; Artificial Intelligence in Healthcare and Education; Ethics and Social Impacts of AI,Journal of Database Management,Keng Siau; Weiyu Wang,Missouri University of Science and Technology,US
https://openalex.org/W3097197838,Application of Artificial Intelligence in Dentistry,2020,review,459,57,AI in cancer detection; Artificial Intelligence in Healthcare and Education; Dental Radiography and Imaging,Journal of Dental Research,Franklin R. Tay; Lisha Gu; Tiantian Shan,"Augusta University; Hospital of Stomatology, Sun Yat-sen University; Stomatology Hospital; Sun Yat-sen University",CN; US
https://openalex.org/W3029137193,On the Interpretability of Artificial Intelligence in Radiology: Challenges and Opportunities,2020,review,458,26,Artificial Intelligence in Healthcare and Education; Explainable Artificial Intelligence (XAI); Radiomics and Machine Learning in Medical Imaging,Radiology Artificial Intelligence,Carlos A. Silva; Fried-Michael Dahlweid; Hendrik von Tengg‐Kobligk; Mauricio Reyes; Raphael Meier; Roland Wiest; Ronald M. Summers; Sérgio Pereira,National Institutes of Health Clinical Center; University Hospital of Bern; University of Bern; University of Minho,CH; PT; US
https://openalex.org/W3006837908,Artificial intelligence for education: Knowledge and its assessment in AI-enabled learning ecologies,2020,article,455,77,Innovative Teaching and Learning Methods; Intelligent Tutoring Systems and Adaptive Learning; Online Learning and Analytics,Educational Philosophy and Theory,Bill Cope; Duane Searsmith; Mary Kalantzis,University of Illinois Urbana-Champaign,US
https://openalex.org/W3014289208,Towards an Artificial Intelligence Framework for Data-Driven Prediction of Coronavirus Clinical Severity,2020,article,455,16,COVID-19 Clinical Research Studies; COVID-19 diagnosis using AI; Machine Learning in Healthcare,"Computers, materials & continua/Computers, materials & continua (Print)",Anasse Bari; Guiqing He; Jianping Huang; Jianyi Dai; Jichan Shi; Jing Cai; Junzhang Wang; Megan Coffee; Tianxiao Zhang; Xiangao Jiang; Xinyue Jiang; Yitong Huang; Zhengxing Wu,People's Hospital of Cangzhou,CN
https://openalex.org/W3043037022,Artificial Intelligence and Entrepreneurship: Implications for Venture Creation in the Fourth Industrial Revolution,2020,article,454,151,"Entrepreneurship Studies and Influences; FinTech, Crowdfunding, Digital Finance; Private Equity and Venture Capital",Entrepreneurship Theory and Practice,Dominic Chalmers; Niall MacKenzie; Sara Carter,Adam Smith Institute; University of Glasgow,GB
https://openalex.org/W3035700103,Can artificial intelligence transform higher education?,2020,article,450,13,Online Learning and Analytics,International Journal of Educational Technology in Higher Education,Cristóbal Cobo; Olga Mariño; Steve Wheeler; Tony Bates,"Health Sciences North; Ministry of Energy, Northern Development and Mines; Toronto Metropolitan University; Universidad de Los Andes; World Bank",CA; CO; US
https://openalex.org/W3037880470,Artificial Intelligence and Marketing: Pitfalls and Opportunities,2020,article,448,106,Explainable Artificial Intelligence (XAI); Forecasting Techniques and Applications; Stock Market Forecasting Methods,Journal of Interactive Marketing,Arnaud De Bruyn; Florian von Wangenheim; Jürgen Kai‐Uwe Brock; Vijay Viswanathan; Yean Shan Beh,ETH Zurich; Fujitsu (Japan); Northwestern University; University of Auckland; Xiamen University Malaysia; École Supérieure des Sciences Économiques et Commerciales,CH; FR; JP; MY; NZ; US
https://openalex.org/W3009926465,Artificial intelligence as the next step towards precision pathology,2020,review,443,121,AI in cancer detection; Artificial Intelligence in Healthcare and Education; Radiomics and Machine Learning in Medical Imaging,Journal of Internal Medicine,Balázs Ács; Johan Hartman; Mattias Rantalainen,Karolinska Institutet,SE
https://openalex.org/W3025370095,Artificial Intelligence in Health Care: Bibliometric Analysis,2020,article,439,42,Advanced Technologies in Various Fields; Artificial Intelligence in Healthcare and Education; Machine Learning in Healthcare,Journal of Medical Internet Research,Fan Yang; Jiaqi Gong; Shichong Zhao; Yuqi Guo; Zhichao Hao,"Dongbei University of Finance and Economics; University of Alabama; University of Maryland, Baltimore; University of North Carolina at Charlotte",CN; US
https://openalex.org/W3046761449,Explainable artificial intelligence model to predict acute critical illness from electronic health records,2020,article,436,77,Artificial Intelligence in Healthcare; Explainable Artificial Intelligence (XAI); Machine Learning in Healthcare,Nature Communications,Bo Thiesson; Jeppe Lange; Katrine Meyer Lauritsen; Mads Ruben Burgdorff Kristensen; Marianne Johansson Jørgensen; Mathias Vassard Olsen; Morten Skaarup Larsen; Simon Meyer Lauritsen,Aalborg University; Aarhus University; Aarhus University Hospital; Regional Hospital Horsens,DK
https://openalex.org/W3014834477,"Artificial Intelligence, Transport and the Smart City: Definitions and Dimensions of a New Mobility Era",2020,article,433,140,Human Mobility and Location-Based Analysis; Smart Cities and Technologies; Transportation and Mobility Innovations,Sustainability,Alexandros Nikitas; Dimitris Karampatzakis; Eric Tchouamou Njoya; Kalliopi Michalakopoulou,International Hellenic University; University of Huddersfield,GB; GR
https://openalex.org/W3040427204,Applications of artificial intelligence for disaster management,2020,article,430,658,Disaster Management and Resilience; Flood Risk Assessment and Management; Infrastructure Resilience and Vulnerability Analysis,Natural Hazards,Brian D. Davison; Paolo Bocchini; Wenjuan Sun,Lehigh University,US
https://openalex.org/W3092075612,The potential of remote sensing and artificial intelligence as tools to improve the resilience of agriculture production systems,2020,review,429,80,Genetic Mapping and Diversity in Plants and Animals; Remote Sensing in Agriculture; Smart Agriculture and AI,Current Opinion in Biotechnology,Akash Ashapure; Anjin Chang; Jinha Jung; Juan Landivar-Bowles; Mahendra Bhandari; Murilo Maeda,Texas A&M University – Corpus Christi,US
https://openalex.org/W3015357052,Emerging role of deep learning‐based artificial intelligence in tumor pathology,2020,review,426,92,AI in cancer detection; Artificial Intelligence in Healthcare and Education; Radiomics and Machine Learning in Medical Imaging,Cancer Communications,Meng Yang; Shuhao Wang; Xiangchun Li; Yahui Jiang; Yan Sun,Tianjin Medical University; Tianjin Medical University Cancer Institute and Hospital; Tsinghua University,CN
https://openalex.org/W3008401431,COVID-19 and artificial intelligence: protecting health-care workers and curbing the spread,2020,article,419,0,COVID-19 Pandemic Impacts; COVID-19 diagnosis using AI; COVID-19 epidemiological studies,The Lancet Digital Health,Becky McCall,,
https://openalex.org/W3097904695,Artificial intelligence in recommender systems,2020,article,418,226,Advanced Bandit Algorithms Research; Data Stream Mining Techniques; Recommender Systems and Techniques,Complex & Intelligent Systems,Jie Lü; Qian Zhang; Yaochu Jin,University of Surrey; University of Technology Sydney,AU; GB
https://openalex.org/W3015977534,Transparency in artificial intelligence,2020,article,415,66,Ethics and Social Impacts of AI,Internet Policy Review,Fredrik Heintz; Stefan Larsson,Linköping University; Lund University,SE
https://openalex.org/W3097337942,Artificial intelligence-based image classification methods for diagnosis of skin cancer: Challenges and opportunities,2020,review,415,89,AI in cancer detection; Cutaneous Melanoma Detection and Management; Nonmelanoma Skin Cancer Studies,Computers in Biology and Medicine,Manu Goyal; Saeed Hassanpour; Shaofeng Yan; Thomas Knackstedt,Case Western Reserve University; Dartmouth College; Dartmouth–Hitchcock Medical Center; MetroHealth Medical Center,US
https://openalex.org/W4206908526,Proceedings of the Twenty-Ninth International Joint Conference on Artificial Intelligence,2020,paratext,412,22,Ethics and Social Impacts of AI; Game Theory and Voting Systems; Optimization and Search Problems,,,,
https://openalex.org/W3009692632,Evaluation of Combined Artificial Intelligence and Radiologist Assessment to Interpret Screening Mammograms,2020,article,409,34,AI in cancer detection; Artificial Intelligence in Healthcare and Education; COVID-19 diagnosis using AI,JAMA Network Open,A. Gregory Sorensen; Alberto Albiol; Andrew D. Trister; Antonio Jimeno Yepes; Berkman Sahiner; Bibo Shi; Bruce Hoff; Can Son Khoo; Christoph I. Lee; Christoph M. Friedrich; Clinton Fookes; Daniel L. Rubin; Darvin Yi; David Cox; Dezső Ribli; Diana S.M. Buist; Dimitri Perrin; Eduardo Castro; Elias Chaibub Neto; Ethan Goan; F. Albiol; Felix Nensa; Fredrik Strand; Gaurav Pandey; Gerard Cardoso Negrie; Gustavo Stolovitzky; Hao Du; Hari Trivedi; Hwejin Jung; Hyoeun Kim; Imane Nedjar; Jae Ho Sohn; Jaime S. Cardoso; Jiashi Feng; Joseph H. Rothstein; Joseph Y. Lo; José Costa Pereira; Joyce Cahoon; Justin Guinney; Karl Trygve Kalleberg; Krzysztof J. Geras; Kyunghyun Cho; L. Caballero; Laurie R. Margolies; Lester Mackey; Li Shen; Ljubomir Buturović; Mehmet Eren Ahsen; Mengling Feng; Michael Kawczynski; Obioma Pelka; Pavitra Krishnaswamy; Peter Lindholm; Rami Ben‐Ari; Russell B. McBride; Shivanthan A.C. Yohanandan; Sijia Wang; Simona Rabinovici‐Cohen; Stefan Harrer; Stephen Friend; Stephen Morrell; Sven Koitka; Thea Norman; Thomas Schaffter; Thomas Yu; Umar Asif; Weiva Sieh; William Lotter; Yaroslav Nikulin; Yiqiu Shen; Yuanfang Guan; Zbigniew Wojna; Zequn Jie,"Advanced Imaging Research (United States); Agency for Integrated Care; Agency for Science, Technology and Research; Bill & Melinda Gates Foundation; Center for Devices and Radiological Health; Center for Information Technology; Dortmund University of Applied Sciences and Arts; Duke University; Emory University; Essen University Hospital; Eötvös Loránd University; Fred Hutch Cancer Center; IBM (United States); IBM Research - Australia; IBM Research - Haifa; IBM Research - Thomas J. Watson Research Center; INESC TEC; Icahn School of Medicine at Mount Sinai; Institute for Infocomm Research; Instituto de Física Corpuscular; Kaiser Permanente Washington Health Research Institute; Karolinska Institutet; Karolinska University Hospital; Korea University; Michigan Medicine; Microsoft (United States); National University Health System; National University of Singapore; New England Research (United States); New York University; North Carolina State University; Palo Alto Institute; Queensland University of Technology; Sage Bionetworks; Stanford University; Tencent (China); Universitat Politècnica de València; Universitat de València; University College London; University of Abou Bekr Belkaïd; University of California, San Francisco; University of Haifa; University of Illinois Urbana-Champaign; University of Washington",AU; CN; DE; DZ; ES; GB; HU; IL; KR; PT; SE; SG; US
https://openalex.org/W3084438218,Guidelines for clinical trial protocols for interventions involving artificial intelligence: the SPIRIT-AI extension,2020,review,409,50,"Artificial Intelligence in Healthcare and Education; Ethics in Clinical Research; Health Systems, Economic Evaluations, Quality of Life",The Lancet Digital Health,Aaron Lee; Adrian Jonas; Alastair K. Denniston; Andre Esteva; Andrew L. Beam; An‐Wen Chan; Ara Darzi; Cecilia S. Lee; Charlotte Haug; Christopher Holmes; Christopher Kelly; Christopher Yau; Cynthia D. Mulrow; Cyrus Espinoza; David Moher; Dina N. Paltoo; Elaine Manna; Gary Price; Gary S. Collins; Hugh Harvey; Hutan Ashrafian; James Matcham; John Fletcher; Jonathan J Deeks; João Monteiro; Lavinia Ferrante di Ruffano; Livia Faes; Luke Oakden‐Rayner; M. Khair ElZarrad; Maria Beatrice Panico; Melanie Calvert; Melissa D. McCradden; Pearse A. Keane; Richard S. Savage; Robert Golub; Rupa Sarkar; Samantha Cruz Rivera; Samuel Rowley; Sebastian J. Vollmer; Xiaoxuan Liu,Health Data Research UK; Moorfields Eye Hospital; Moorfields Eye Hospital NHS Foundation Trust; NIHR Birmingham Biomedical Research Centre; National Institute for Health Research; University College London; University Hospitals Birmingham NHS Foundation Trust; University of Birmingham; University of Toronto; Women's College Hospital,CA; GB
https://openalex.org/W3017157646,Artificial intelligence and education in China,2020,article,401,16,Advanced Technologies in Various Fields; China's Socioeconomic Reforms and Governance; Online Learning and Analytics,Learning Media and Technology,Jeremy Knox,University of Edinburgh,GB
https://openalex.org/W3090363550,Design of online intelligent English teaching platform based on artificial intelligence techniques,2020,article,398,29,AI and Big Data Applications; Advanced Technologies and Applied Computing; Educational Technology and Pedagogy,Computational Intelligence,Deepak Kumar; M. Anbarasan; Zhuomin Sun,Harbin Engineering University; Harbin University; Hindustan Institute of Technology and Science; SRM Institute of Science and Technology,CN; IN
https://openalex.org/W3044626901,Role of Artificial Intelligence in Patient Safety Outcomes: Systematic Literature Review,2020,review,398,118,Artificial Intelligence in Healthcare and Education; Electronic Health Records Systems; Healthcare Technology and Patient Monitoring,JMIR Medical Informatics,Avishek Choudhury; Onur Asan,Stevens Institute of Technology,US
https://openalex.org/W3093987005,Attachment and trust in artificial intelligence,2020,article,396,95,Attachment and Relationship Dynamics; Death Anxiety and Social Exclusion; Evolutionary Psychology and Human Behavior,Computers in Human Behavior,Michael S. Branicky; Omri Gillath; Robert B. Davison; Ryan Spaulding; Shawn Keshmiri; Ting Ai,Colorado State University; University of Kansas,US
https://openalex.org/W3087776590,A short guide for medical professionals in the era of artificial intelligence,2020,article,396,23,Artificial Intelligence in Healthcare and Education; COVID-19 diagnosis using AI; Machine Learning in Healthcare,npj Digital Medicine,Bertalan Meskó; Márton Görög,Semmelweis University,HU
https://openalex.org/W3081423662,Artificial intelligence in radiation oncology,2020,review,393,171,Advanced X-ray and CT Imaging; Medical Imaging Techniques and Applications; Radiomics and Machine Learning in Medical Imaging,Nature Reviews Clinical Oncology,Ahmed Hosny; Benjamin H. Kann; Christian V. Guthier; Danielle S. Bitterman; Daphne A. Haas‐Kogan; Elizabeth Huynh; Hugo J.W.L. Aerts; Raymond H. Mak; Steven Petit,Artificial Intelligence in Medicine (Canada); Boston Children's Hospital; Brigham and Women's Hospital; Dana-Farber Brigham Cancer Center; Dana-Farber Cancer Institute; Erasmus MC Cancer Institute; Harvard University; Maastricht University,CA; NL; US
https://openalex.org/W3009785512,Artificial intelligence in oncology,2020,review,386,71,AI in cancer detection; Artificial Intelligence in Healthcare and Education; Radiomics and Machine Learning in Medical Imaging,Cancer Science,Hideyuki Shimizu; Keiichi I. Nakayama,Kyushu University,JP
https://openalex.org/W3041706899,Sustainable Curriculum Planning for Artificial Intelligence Education: A Self-Determination Theory Perspective,2020,article,386,35,Motivation and Self-Concept in Sports; Online Learning and Analytics,Sustainability,Ching Sing Chai; Thomas K. F. Chiu,Chinese University of Hong Kong,CN
https://openalex.org/W3085537935,Transparency and trust in artificial intelligence systems,2020,article,384,51,Ethics and Social Impacts of AI; Explainable Artificial Intelligence (XAI); Human-Automation Interaction and Safety,Journal of Decision System,Felix Bießmann; Philipp Schmidt; Timm Teubner,Amazon (Germany); Berliner Hochschule für Technik; Einstein Center Digital Future; Technische Universität Berlin,DE
https://openalex.org/W3048811287,Artificial intelligence and internet of things in small and medium-sized enterprises: A survey,2020,article,384,128,Big Data and Business Intelligence; Digital Transformation in Industry; Industrial Vision Systems and Defect Detection,Journal of Manufacturing Systems,Emil Blixt Hansen; Simon Bøgh,Aalborg University; University College of Northern Denmark,DK
https://openalex.org/W3036985664,Why general artificial intelligence will not be realized,2020,article,382,42,"Big Data and Digital Economy; Computability, Logic, AI Algorithms; Fractal and DNA sequence analysis",Humanities and Social Sciences Communications,Ragnar Fjelland,University of Bergen,NO
https://openalex.org/W3020514163,"Artificial intelligence vs COVID-19: limitations, constraints and pitfalls",2020,article,380,25,Artificial Intelligence in Healthcare and Education; COVID-19 Digital Contact Tracing; COVID-19 diagnosis using AI,AI & Society,Wim Naudé,RWTH Aachen University,DE
https://openalex.org/W3082078093,Artificial intelligence (AI) and big data in cancer and precision oncology,2020,review,380,113,AI in cancer detection; Cancer Genomics and Diagnostics; Radiomics and Machine Learning in Medical Imaging,Computational and Structural Biotechnology Journal,Flavia Zita Francies; Rahaba Marima; Rodney Hull; Zodwa Dlamini,South African Medical Research Council; University of Pretoria,ZA
https://openalex.org/W3039593752,Artificial intelligence biosensors: Challenges and prospects,2020,review,378,160,Advanced Sensor and Energy Harvesting Materials; Biosensors and Analytical Detection; Electrochemical sensors and biosensors,Biosensors and Bioelectronics,Conghui Liu; Lei Su; Tailin Xu; Xiaofeng Jin; Xueji Zhang,Shenzhen University,CN
https://openalex.org/W3136907493,Reporting guidelines for clinical trial reports for interventions involving artificial intelligence: the CONSORT-AI extension,2020,review,377,64,"Artificial Intelligence in Healthcare and Education; Health Systems, Economic Evaluations, Quality of Life; Meta-analysis and systematic reviews",The Lancet Digital Health,Aaron Lee; Adrian Jonas; Alastair K. Denniston; An-Wen Chan; Andre Esteva; Andrew L. Beam; Ara DarziJonathan J Deeks; Cecilia S Lee; Charlotte Haug; Christopher Holmes; Christopher Kelly; Christopher Yau; Cynthia D. Mulrow; Cyrus Espinoza; David Moher; Dina N. Paltoo; Elaine Manna; Gary Price; Gary S. Collins; Hugh Harvey; Hutan Ashrafian; James Matcham; John Fletcher; João Monteiro; Lavinia Ferrante di Ruffano; Livia Faes; Luke Oakden‐Rayner; M. Khair ElZarrad; Maria Beatrice Panico; Melanie Calvert; Melissa D. McCradden; Pearse A. Keane; Richard S. Savage; Robert Golub; Rupa Sarkar; Samantha Cruz Rivera; Samuel Rowley; Sebastian J. Vollmer; Xiaoxuan Liu,Health Data Research UK; Moorfields Eye Hospital; Moorfields Eye Hospital NHS Foundation Trust; NIHR Birmingham Biomedical Research Centre; National Institute for Health Research; Ottawa Hospital; Ottawa Hospital Research Institute; University College London; University Hospitals Birmingham NHS Foundation Trust; University of Birmingham; University of Ottawa,CA; GB
https://openalex.org/W3010600010,Role of artificial intelligence in operations environment: a review and bibliometric analysis,2020,review,375,112,Big Data and Business Intelligence; Digital Transformation in Industry,The TQM Journal,Pavitra Dhamija; Surajit Bag,University of Johannesburg,ZA
https://openalex.org/W3089968098,Human-Centered Artificial Intelligence: Three Fresh Ideas,2020,article,375,19,AI in Service Interactions; Ethics and Social Impacts of AI; Human-Automation Interaction and Safety,AIS Transactions on Human-Computer Interaction,Ben Shneiderman,,
https://openalex.org/W3090589984,Dimensions of artificial intelligence anxiety based on the integrated fear acquisition theory,2020,article,371,98,Behavioral Health and Interventions; Digital Mental Health Interventions; Mental Health Research Topics,Technology in Society,Jian Li; Jinsong Huang,Beihang University,CN
https://openalex.org/W3111875263,"Explainable Artificial Intelligence: Objectives, Stakeholders, and Future Research Opportunities",2020,article,369,89,Artificial Intelligence in Healthcare and Education; Ethics and Social Impacts of AI; Explainable Artificial Intelligence (XAI),Information Systems Management,Christian Meske; Enrico Bunde; Johannes Schneider; Martin Gersch,Einstein Center Digital Future; Freie Universität Berlin; University of Liechtenstein,DE; LI
https://openalex.org/W3082757774,Artificial Intelligence as Augmenting Automation: Implications for Employment,2020,article,368,24,AI and HR Technologies; Engineering Education and Technology,Academy of Management Perspectives,Esteve Almirall; Feichin Tschang,Singapore Management University; Universitat Ramon Llull,ES; SG
https://openalex.org/W3194464763,Artificial Intelligence: A Guide for Thinking Humans,2020,article,365,6,Artificial Intelligence Applications; Artificial Intelligence in Healthcare and Education; Ethics and Social Impacts of AI,ORDO,Salvatore Genovese,CEVRO Institute,CZ
https://openalex.org/W3017000889,Artificial Intelligence: The Future for Diabetes Care,2020,review,363,45,Artificial Intelligence in Healthcare; Diabetes Management and Research; Machine Learning in Healthcare,The American Journal of Medicine,Samer Ellahham,Cleveland Clinic,US
https://openalex.org/W3093718041,A historical perspective of explainable Artificial Intelligence,2020,article,361,120,Explainable Artificial Intelligence (XAI); Machine Learning in Healthcare; Topic Modeling,Wiley Interdisciplinary Reviews Data Mining and Knowledge Discovery,B.J. Wagner; Ludovik Çoba; Roberto Confalonieri; Tarek R. Besold,"City, University of London; Free University of Bozen-Bolzano; NeuroComp Systems (United States)",GB; IT; US
https://openalex.org/W3014675721,Fundamentals of Artificial Intelligence,2020,book,361,23,"Computability, Logic, AI Algorithms",,K. R. Chowdhary,Indian Institute of Technology Jodhpur,IN
https://openalex.org/W3046399757,"A Research Agenda for Hybrid Intelligence: Augmenting Human Intellect With Collaborative, Adaptive, Responsible, and Explainable Artificial Intelligence",2020,article,361,24,Artificial Intelligence in Healthcare and Education; Ethics and Social Impacts of AI; Explainable Artificial Intelligence (XAI),Computer,Aimee van Wynsberghe; Antske Fokkens; Bart Verheij; Catholijn M. Jonker; Christof Monz; Dan Balliet; Davide Grossi; Frank Dignum; Frank van Harmelen; Frans A. Oliehoek; Guszti Eiben; Hayley Hung; Henry Prakken; Herke van Hoof; Holger H. Hoos; Koen V. Hindriks; Linda van der Gaag; M. Birna van Riemsdijk; Maarten de Rijke; Mark A. Neerincx; Max Welling; Piek Vossen; Rineke Verbrugge; Stefan Schlobach; Virginia Dignum; Zeynep Akata,Artificial Intelligence in Medicine (Canada); Dalle Molle Institute for Artificial Intelligence Research; Delft University of Technology; German Research Centre for Artificial Intelligence; Leiden University; Umeå University; University of Amsterdam; University of Groningen; University of Twente; University of Tübingen; Utrecht University; Vrije Universiteit Amsterdam,CA; CH; DE; NL; SE
https://openalex.org/W3015487562,Artificial Intelligence to Detect Papilledema from Ocular Fundus Photographs,2020,article,357,38,Ocular Diseases and Behçet’s Syndrome; Ophthalmology and Visual Health Research; Retinal Imaging and Analysis,New England Journal of Medicine,Ambika Selvakumar; C. Clermont-Vignal; Carol Y. Cheung; Caroline Vasseneix; Chiara La Morgia; Ching‐Yu Cheng; Christophe Chiquet; Clare L. Fraser; Dan Miléa; Daniel Ting; Hui Yang; J. B. Jonas; John J. Chen; Kavin Vanikieti; Luis J. Mejico; Marie‐Bénédicte Rougier; Masoud Aghsaei Fard; Nancy J. Newman; Neil R. Miller; Nicolae Sanda; Patrick Yu‐Wai‐Man; Pedro Fonseca; Philippe Gohier; Raymond P. Najjar; Richard C. Kho; Shweta Singhal; Steffen Hamann; Thi Hà Châu Tran; Tien Yin Wong; Valérie Biousse; Wolf A. Lagrèze; Xinxing Xu; Yong Liu; Zhubo Jiang,"Addenbrooke's Hospital; Agency for Science, Technology and Research; Centre Hospitalier Universitaire de Bordeaux; Centre Hospitalier Universitaire de Grenoble; Chinese University of Hong Kong; Duke-NUS Medical School; Emory University; Eye Center; Farabi Hospital; Fondation de Rothschild; Geneva College; Glostrup Hospital; Heidelberg University; Hôpital Pellegrin; Inserm; Institute of High Performance Computing; Institute of Ophthalmology; Istituto delle Scienze Neurologiche di Bologna; Johns Hopkins Medicine; Johns Hopkins University; MRC Mitochondrial Biology Unit; Mahidol University; Mayo Clinic in Arizona; Medical Research Council; Moorfields Eye Hospital NHS Foundation Trust; National University of Singapore; Ramathibodi Hospital; Rigshospitalet; SUNY Upstate Medical University; Sankara Nethralaya; Singapore Eye Research Institute; Singapore National Eye Center; Sun Yat-sen University; The University of Sydney; University College London; University Medical Center Freiburg; University of Bologna; University of Cambridge; University of Coimbra; University of Copenhagen; University of Freiburg; University of Tehran; Université Catholique de Lille; Université Grenoble Alpes; Université d'Angers",AU; CN; DE; DK; FR; GB; HK; IN; IR; IT; MX; PT; SA; SG; TH; US
https://openalex.org/W3101230421,Artificial Intelligence for Intraoperative Guidance,2020,article,355,32,Artificial Intelligence in Healthcare and Education; Minimally Invasive Surgical Techniques; Surgical Simulation and Training,Annals of Surgery,Adnan Alseidi; Allan Okrainec; Allison Navarrete-Welton; Amin Madani; Angela María Rivera; Babak Namazi; Daniel A. Hashimoto; Ganesh Sankaranarayanan; L. Michael Brunt; Maria S. Altieri; Philip H. Pucher,"Baylor University Medical Center; East Carolina University; Imperial College London; Massachusetts General Hospital; University Health Network; University of California, San Francisco; Washington University in St. Louis",CA; GB; US
https://openalex.org/W3004368638,The unreasonable effectiveness of deep learning in artificial intelligence,2020,article,353,50,"Cognitive Science and Education Research; Computability, Logic, AI Algorithms; Neural Networks and Applications",Proceedings of the National Academy of Sciences,Terrence J. Sejnowski,Salk Institute for Biological Studies; University of California San Diego,US
https://openalex.org/W3090433062,Artificial Intelligence Chatbot Behavior Change Model for Designing Artificial Intelligence Chatbots to Promote Physical Activity and a Healthy Diet: Viewpoint,2020,article,348,98,AI in Service Interactions; Digital Mental Health Interventions; Mobile Health and mHealth Applications,Journal of Medical Internet Research,Jingwen Zhang; Patrick Lange; Yoo Jung Oh; Yoshimi Fukuoka; Zhou Yu,"University of California, Davis; University of California, San Francisco",US
https://openalex.org/W3013772641,Mapping the landscape of Artificial Intelligence applications against COVID-19,2020,article,336,81,Artificial Intelligence in Healthcare and Education; COVID-19 diagnosis using AI; COVID-19 epidemiological studies,Journal of Artificial Intelligence Research,Alexandra Luccioni; Cynthia Sin Nga Lam; Joseph Bullock; Katherine Hoffman Pham; Miguel Luengo-Oroz,Durham University; Mila - Quebec Artificial Intelligence Institute; United Nations; Université de Montréal; World Health Organization,CA; CH; GB; US
https://openalex.org/W3093263377,3D-printed multifunctional materials enabled by artificial-intelligence-assisted fabrication technologies,2020,review,335,202,3D Printing in Biomedical Research; Additive Manufacturing and 3D Printing Technologies; Anatomy and Medical Technology,Nature Reviews Materials,Daniel Wai Hou Ng; Hyun Soo Park; Michael C. McAlpine; Zhijie Zhu,University of Minnesota,US
https://openalex.org/W3001446745,What is AI? Applications of artificial intelligence to dermatology,2020,review,334,31,AI in cancer detection; Cutaneous Melanoma Detection and Management; Nonmelanoma Skin Cancer Studies,British Journal of Dermatology,Fiona M. Watt; Magnus Lynch; Nicholas M. Luscombe; Xinyi Du-Harpur,Guy's Hospital; King's College London; Okinawa Institute of Science and Technology Graduate University; The Francis Crick Institute,GB; JP
https://openalex.org/W3092938312,The adoption of artificial intelligence and robotics in the hotel industry: prospects and challenges,2020,article,334,76,AI in Service Interactions; Halal products and consumer behavior; Organizational and Employee Performance,Electronic Markets,Abdelkader Daghfous; Christopher S. Dutt; Ki-Chan Nam; M. Sajid Khan; Prakash K. Chathoth,American University of Sharjah; Emirates Academy of Hospitality Management,AE
https://openalex.org/W3034698100,The Impact of Artificial Intelligence and Blockchain on the Accounting Profession,2020,article,329,60,"Blockchain Technology Applications and Security; FinTech, Crowdfunding, Digital Finance; Robotic Process Automation Applications",IEEE Access,Feng Xiong; GU Hai-feng; Xuan Fan; Yi Xie; Yingying Zhang,Donghua University; Xiamen University,CN
https://openalex.org/W3016094225,Artificial Intelligence (AI) or Intelligence Augmentation (IA): What Is the Future?,2020,article,325,58,Artificial Intelligence in Healthcare and Education; Ethics and Social Impacts of AI; Explainable Artificial Intelligence (XAI),AI,Emmanuel Sirimal Silva; Hossein Hassani; Maedeh TajMazinani; Stephane Unger; Stephen Mac Feely,Saint Anselm College; University of Tehran; University of the Arts London,GB; IR; US
https://openalex.org/W3036785826,State-of-the-Art Artificial Intelligence Techniques for Distributed Smart Grids: A Review,2020,review,324,135,Blockchain Technology Applications and Security; Smart Grid Energy Management; Smart Grid Security and Resilience,Electronics,Bong Jun Choi; Syed Saqib Ali,Soongsil University,KR
https://openalex.org/W3113873473,Water Quality Prediction Using Artificial Intelligence Algorithms,2020,article,322,42,Hydrological Forecasting Using AI; Water Quality Monitoring Technologies; Water Quality and Pollution Assessment,Applied Bionics and Biomechanics,Hasan Alkahtani; Mashael Maashi; Mohammed Al‐Yaari; Theyazn H. H. Aldhyani,King Faisal University; King Saud University,SA
https://openalex.org/W3118271039,Artificial Intelligence in Organizations: Current State and Future Opportunities,2020,article,318,0,Big Data and Business Intelligence; Digital Transformation in Industry,SSRN Electronic Journal,Hind Benbya; Stella Pachidi; Thomas H. Davenport,Babson College; Deakin University; Internet Society; University of Oxford,AU; GB; US
https://openalex.org/W3118109004,Artificial Intelligence Forecasting of Covid-19 in China,2020,article,315,8,COVID-19 diagnosis using AI; COVID-19 epidemiological studies; Data-Driven Disease Surveillance,International Journal of Educational Excellence,Momiao Xiong; Qiyang Ge; Shudi Li; Zixin Hu,Fudan University; The University of Texas Health Science Center at Houston,CN; US
https://openalex.org/W3092728304,Artificial Intelligence Coaches for Sales Agents: Caveats and Solutions,2020,article,304,39,"Auction Theory and Applications; Experimental Behavioral Economics Studies; Law, Economics, and Judicial Systems",Journal of Marketing,Marco Shaojun Qin; Xueming Luo; Zhe Qu; Zheng Fang,,
https://openalex.org/W3001275383,Harnessing Artificial Intelligence Capabilities to Improve Cybersecurity,2020,article,303,184,Advanced Malware Detection Techniques; Internet Traffic Analysis and Secure E-voting; Network Security and Intrusion Detection,IEEE Access,Erwin Adi; Imran Ali Khan; Sherali Zeadally; Zubair Baig,Deakin University; UNSW Sydney; University of Kentucky,AU; US
https://openalex.org/W3048335295,Out of the laboratory and into the classroom: the future of artificial intelligence in education,2020,article,303,128,Intelligent Tutoring Systems and Adaptive Learning; Online Learning and Analytics; Online and Blended Learning,AI & Society,Daniel Schiff,Georgia Institute of Technology,US
https://openalex.org/W2121260740,What Is Artificial Intelligence?,2020,other,301,12,Ethics and Social Impacts of AI,,,,
https://openalex.org/W2999804519,Enchanted Determinism: Power without Responsibility in Artificial Intelligence,2020,article,299,46,Adversarial Robustness in Machine Learning; Ethics and Social Impacts of AI; Explainable Artificial Intelligence (XAI),Engaging Science Technology and Society,Alexander Campolo; Kate Crawford,Microsoft (United States); New York University; University of Chicago,US
https://openalex.org/W3014924729,Artificial intelligence in health care: accountability and safety,2020,article,295,25,Artificial Intelligence in Healthcare and Education; Clinical Reasoning and Diagnostic Skills; Disaster Response and Management,Bulletin of the World Health Organization,Ibrahim Habli; Tom Lawton; Zoë Porter,University of York,GB
https://openalex.org/W3011363941,"Artificial intelligence, transparency, and public decision-making",2020,article,285,61,"Epistemology, Ethics, and Metaphysics; Ethics and Social Impacts of AI; Free Will and Agency",AI & Society,Jenny de Fine Licht; Karl de Fine Licht,Chalmers University of Technology; University of Gothenburg,SE
https://openalex.org/W3101712992,Artificial Intelligence for Surgical Safety,2020,article,281,47,Gallbladder and Bile Duct Disorders; Pancreatic and Hepatic Oncology Research; Surgical Simulation and Training,Annals of Surgery,Armine Vardazaryan; Bernard Dallemagne; Claudio Fiorillo; Deepak Alapatt; Didier Mutter; Guido Costamagna; Jacques Marescaux; Nicolas Padoy; Patrick Pessaux; Pietro Mascagni; Taha Emre; Takeshi Urade,Agostino Gemelli University Polyclinic; American College of Surgeons; Centre National de la Recherche Scientifique; Directorate-General for Interpretation; Institut de Chirurgie Guidée par l'Image; Institut de Recherche contre les Cancers de l’Appareil Digestif; Istituti di Ricovero e Cura a Carattere Scientifico; Université de Strasbourg,BE; FR; IT; US
https://openalex.org/W3005778784,Artificial Intelligence and Management: The Automation-Augmentation Paradox,2020,article,274,0,Digital Transformation in Industry,Academy of Management Review,Sebastian Krakowski; Sebastian Raisch,University of Geneva,CH
https://openalex.org/W3046496872,Urban Artificial Intelligence: From Automation to Autonomy in the Smart City,2020,article,272,112,Blockchain Technology Applications and Security; Human Mobility and Location-Based Analysis; Smart Cities and Technologies,Frontiers in Sustainable Cities,Federico Cugurullo,Trinity College Dublin,IE
https://openalex.org/W3049028910,The impact of artificial intelligence on human society and bioethics,2020,review,271,3,AI in Service Interactions; Artificial Intelligence in Healthcare and Education; Ethics and Social Impacts of AI,Tzu Chi Medical Journal,Michael Cheng-tek Tai,Chung Shan Medical University,TW
https://openalex.org/W3023933473,Artificial Intelligence in Cardiology: Present and Future,2020,review,268,111,Artificial Intelligence in Healthcare; Artificial Intelligence in Healthcare and Education; Machine Learning in Healthcare,Mayo Clinic Proceedings,Adelaide M. Arruda‐Olson; Amir Lerman; Christina Luong; Conor Senecal; Francisco López-Jiménez; Gurpreet S. Sandhu; Hayan Jouni; José R. Medina‐Inojosa; Margaret M. Redfield; Panithaya Chareonthaitawee; Patricia A. Pellikka; Paul A. Friedman; Peter A. Noseworthy; Rickey E. Carter; Suraj Kapa; Véronique L. Roger; Zachi I. Attia,Mayo Clinic; Mayo Clinic in Arizona; Mayo Clinic in Florida,US
https://openalex.org/W3035639004,Towards a new generation of artificial intelligence in China,2020,article,267,25,Artificial Intelligence in Healthcare and Education,Nature Machine Intelligence,Cewu Lu; Fei Wu; Hao Chen; Jun Zhu; Kai Yu; Lei Li; Ming Li; Mingjie Zhu; Qianfeng Chen; Xi Li; Xudong Cao; Yueting Zhuang; Yunhe Pan; Zheng-Jun Zha; Zhongyuan Wang,Hong Kong University of Science and Technology; Meizu (China); Nanjing University; Shanghai Jiao Tong University; Tsinghua University; University of Science and Technology of China; Zhejiang Lab; Zhejiang University,CN; HK
https://openalex.org/W3110356609,Artificial Intelligence and Acute Stroke Imaging,2020,article,254,62,Acute Ischemic Stroke Management; Artificial Intelligence in Healthcare and Education; Intracerebral and Subarachnoid Hemorrhage Research,American Journal of Neuroradiology,C.G. Filippi; D.S. Chow; J.E. Soun; M. Nagamine; P.D. Chang; R.S. Takhtawala; W. Yu,"Lenox Hill Hospital; Neurology, Inc; S.P.E.C.I.E.S.; University of California, Irvine",US
https://openalex.org/W3094459042,Artificial Intelligence,2020,book-chapter,249,7,"Computability, Logic, AI Algorithms",,Stuart Russell,,
https://openalex.org/W3013387448,Artificial Intelligence in Dermatology: A Primer,2020,review,232,71,AI in cancer detection; Cutaneous Melanoma Detection and Management; Nonmelanoma Skin Cancer Studies,Journal of Investigative Dermatology,Albert T. Young; Jacob Pfau; Maria L. Wei; Michael J. Keiser; Mulin Xiong,"Michigan State University; San Francisco VA Medical Center; UCSF Helen Diller Family Comprehensive Cancer Center; University of California, San Francisco",US
https://openalex.org/W3003161132,Artificial intelligence: Who is responsible for the diagnosis?,2020,editorial,232,19,Artificial Intelligence in Healthcare and Education; Autopsy Techniques and Outcomes,La radiologia medica,Corrado Bibbolino; Emanuele Neri; Francesca Coppola; Roberto Grassi; Vittorio Miele,"Azienda Ospedaliero-Universitaria Careggi; IRCCS Azienda Ospedliero-Universitaria di Bologna Policlinico di Sant'Orsola; University of Campania ""Luigi Vanvitelli""; University of Pisa",IT
https://openalex.org/W3004889343,Artificial Intelligence and Orthopaedics,2020,review,230,37,Artificial Intelligence in Healthcare and Education; Hip and Femur Fractures; Medical Imaging and Analysis,Journal of Bone and Joint Surgery,Benjamin F. Ricciardi; Constantinos Ketonis; Jens Kipper; Kenneth L. Urish; Prem N. Ramkumar; Thomas G. Myers,Cleveland Clinic; Magee-Womens Hospital; University of Pittsburgh Medical Center; University of Rochester; University of Rochester Medical Center,US
https://openalex.org/W3171541559,Artificial Intelligence in Education and Schools,2020,article,229,29,Scientific Research and Technology,Research on Education and Media,Ahmet Göçen; Fatih Aydemir,Harran University; Mi̇lli̇ Eği̇ti̇m Bakanliği,TR
https://openalex.org/W3089021530,Brief History of Artificial Intelligence,2020,review,212,30,Artificial Intelligence in Healthcare and Education; Machine Learning in Healthcare,Neuroimaging Clinics of North America,Behzad Forghani; Caroline Reinhold; Farhad Maleki; Katie Ovens; Nikesh Muthukrishnan; Reza Forghani,Jewish General Hospital; McGill University; McGill University Health Centre; Royal Victoria Hospital; Royal Victoria Regional Health Centre; University of Saskatchewan,CA
https://openalex.org/W2964121744,,2021,preprint,50208,0,Advanced Optimization Algorithms Research; Machine Learning and ELM; Stochastic Gradient Optimization Techniques,DROPS (Schloss Dagstuhl – Leibniz Center for Informatics),"Chen, Kuan-Lin; Schulman, Rebecca",,
https://openalex.org/W4247155454,Artificial Intelligence and Management: The Automation–Augmentation Paradox,2021,article,1726,93,Blockchain Technology Applications and Security; Digital Transformation in Industry; Ethics and Social Impacts of AI,Academy of Management Review,Sebastian Krakowski; Sebastian Raisch,Stockholm School of Economics; University of Geneva,CH; SE
https://openalex.org/W3096230432,Photonics for artificial intelligence and neuromorphic computing,2021,article,1567,134,Advanced Memory and Neural Computing; Neural Networks and Reservoir Computing; Photonic and Optical Devices,Nature Photonics,Alexander N. Tait; Bhavin J. Shastri; C. D. Wright; Harish Bhaskaran; Paul R. Prucnal; T. Ferreira de Lima; Wolfram H. P. Pernice,National Institute of Standards and Technology; Princeton University; Queen's University; University of Exeter; University of Münster; University of Oxford,CA; DE; GB; US
https://openalex.org/W3210165781,Artificial intelligence: A powerful paradigm for scientific research,2021,review,1553,241,COVID-19 diagnosis using AI; Explainable Artificial Intelligence (XAI); Machine Learning in Materials Science,The Innovation,Bin Zhang; Changping Huang; Chenguang Fu; Cheng‐Wei Qiu; Chuan Lü; Enke Liu; Fei Wang; Fengliang Dong; Fredrick Orori Kengara; Huiyu Xu; James M. Tiedje; James P. Lewis; Ji Dai; Jiabao Zhang; Jialiang Yang; Jian Wu; Junjun Qiu; Keqin Hua; Liang Lan; Libo Zhang; Lifu Zhang; Marko Virta; Miao Liu; Ming Luo; Qi Wang; Ronald Roepman; Sabine Dietmann; Sen Qian; Shan Cong; Tao An; Tao Huang; Taolan Zhao; Wang Fang; Wei Zhang; Wentao Su; Xiao He; Xiaohong Liu; Xin Cao; Xin Liu; Xingchen Liu; Yanjun Wu; Yong Han; Yongjun Xu; Ze Zhang; Zhaofeng Liu; Zhigang Yin; Zhipeng Cai; Zhulin An,"Aberystwyth University; Academy of Mathematics and Systems Science; Aerospace Information Research Institute; Beijing Botanical Garden; Bomet University College; Chinese Academy of Sciences; Chongqing Institute of Green and Intelligent Technology; Cipher Gene (China); Dalian Polytechnic University; Fudan University; Fujian Institute of Research on the Structure of Matter; Georgia State University; Hong Kong Baptist University; Institute of Coal Chemistry; Institute of Computing Technology; Institute of Genetics and Developmental Biology; Institute of High Energy Physics; Institute of Physics; Institute of Software; Institute of Soil Science; Michigan State University; National Center for Nanoscience and Technology; National University of Singapore; Obstetrics and Gynecology Hospital of Fudan University; Peking University; Peking University Third Hospital; Radboud University Nijmegen; Second Affiliated Hospital of Zhejiang University; Shanghai Astronomical Observatory; Shanghai Institute of Nutrition and Health; Shenzhen Institutes of Advanced Technology; Shihezi University; Songshan Lake Materials Laboratory; South China Botanical Garden; Sun Yat-sen University; Suzhou Institute of Nano-tech and Nano-bionics; The First Affiliated Hospital, Sun Yat-sen University; University of Chinese Academy of Sciences; University of Helsinki; Washington University in St. Louis; Zhejiang Lab; Zhejiang Provincial People's Hospital; Zhejiang University; Zhongshan Hospital",CN; FI; GB; HK; KE; NL; SG; US
https://openalex.org/W3186209406,Artificial intelligence in healthcare: transforming the practice of medicine,2021,article,1529,33,Artificial Intelligence in Healthcare; Artificial Intelligence in Healthcare and Education; COVID-19 diagnosis using AI,Future Healthcare Journal,Aditya Nori; Bryan Williams; Junaid Bajwa; Usman Munir,Lowestoft Hospital; Microsoft Research (United Kingdom); UCL Biomedical Research Centre; University College London,GB
https://openalex.org/W3153418506,Artificial intelligence to deep learning: machine intelligence approach for drug discovery,2021,review,1381,512,"Computational Drug Discovery Methods; Genetics, Bioinformatics, and Biomedical Research; Machine Learning in Materials Science",Molecular Diversity,Devesh Srivastava; Mehar Sahu; Pravir Kumar; Rashmi K. Ambasta; Rohan Gupta; Swati Tiwari,Delhi Technological University,IN
https://openalex.org/W3209901185,The false hope of current approaches to explainable artificial intelligence in health care,2021,review,1288,87,Artificial Intelligence in Healthcare and Education; Explainable Artificial Intelligence (XAI); Machine Learning in Healthcare,The Lancet Digital Health,Andrew L. Beam; Luke Oakden‐Rayner; Marzyeh Ghassemi,Australian Centre for Robotic Vision; Harvard University; Massachusetts Institute of Technology; University of Adelaide; Vector Institute,AU; CA; US
https://openalex.org/W3124957586,"Artificial intelligence capability: Conceptualization, measurement calibration, and empirical study on its impact on organizational creativity and firm performance",2021,article,1265,168,"Big Data and Business Intelligence; Innovation and Knowledge Management; Innovation, Sustainability, Human-Machine Systems",Information & Management,Manjul Gupta; Patrick Mikalef,Florida International University; Norwegian University of Science and Technology,NO; US
https://openalex.org/W3199189488,Artificial intelligence in education: Addressing ethical challenges in K-12 settings,2021,review,1155,43,Adversarial Robustness in Machine Learning; Ethics and Social Impacts of AI; Online Learning and Analytics,AI and Ethics,Christine Greenhow; Selin Akgün,Michigan State University,US
https://openalex.org/W3118831975,"Artificial intelligence in sustainable energy industry: Status Quo, challenges and opportunities",2021,article,1153,227,Energy Load and Power Forecasting; Market Dynamics and Volatility; Smart Grid Energy Management,Journal of Cleaner Production,Chao Huang; Dongdong Zhang; Hongcai Zhang; Huanxin Chen; Ningyi Dai; Tanveer Ahmad; Yonghua Song,Beijing Normal University - Hong Kong Baptist University United International College; City University of Macau; Guangxi University; Huazhong University of Science and Technology; Jinan University; Tsinghua University; University of Science and Technology Beijing,CN; MO
https://openalex.org/W3156614709,A Review of Artificial Intelligence (AI) in Education from 2010 to 2020,2021,review,1103,121,Online Learning and Analytics,Complexity,Andreja Istenič Starčič; Ching Sing Chai; Jia‐Bao Liu; Michael Spector; Morris Siu–Yung Jong; Xiaoyan Chu; Xuesong Zhai; Yan Li; Yuan Jing,"Anhui Jianzhu University; Anhui Xinhua University; Chinese University of Hong Kong; Czech Academy of Sciences, Institute of Psychology; Geodetic Institute of Slovenia; Kazan Federal University; University of Ljubljana; University of North Texas; University of Primorska; Zhejiang University",CN; CZ; HK; RU; SI; US
https://openalex.org/W3148271110,The role of artificial intelligence in healthcare: a structured literature review,2021,article,1007,95,Artificial Intelligence in Healthcare; Artificial Intelligence in Healthcare and Education; Machine Learning in Healthcare,BMC Medical Informatics and Decision Making,Aurelio Secinaro; Davide Calandra; Paolo Biancone; Silvana Secinaro; Vivek Muthurangu,Bambino Gesù Children's Hospital; University College London; University of Turin,GB; IT
https://openalex.org/W3161970973,Study on artificial intelligence: The state of the art and future prospects,2021,article,1003,166,Anomaly Detection Techniques and Applications; Blockchain Technology Applications and Security; COVID-19 diagnosis using AI,Journal of Industrial Information Integration,Caiming Zhang; Yang Lu,China University of Labor Relations; University of Central Oklahoma,CN; US
https://openalex.org/W3113541070,Application of Artificial Intelligence-Based Technologies in the Healthcare Industry: Opportunities and Challenges,2021,review,959,45,Artificial Intelligence in Healthcare; Artificial Intelligence in Healthcare and Education; COVID-19 diagnosis using AI,International Journal of Environmental Research and Public Health,DonHee Lee; Seong No Yoon,Edward Waters University; Inha University,KR; US
https://openalex.org/W3130894836,"Artificial intelligence, robotics, advanced technologies and human resource management: a systematic review",2021,review,955,94,AI and HR Technologies; AI in Service Interactions; Digital Economy and Work Transformation,The International Journal of Human Resource Management,Anna Makrides; Demetris Vrontis; Eleni Trichina; Michael Christofi; Shlomo Y. Tarba; Vijay Pereira,NEOMA Business School; University of Birmingham; University of Nicosia,CY; FR; GB
https://openalex.org/W3200759624,Privacy and artificial intelligence: challenges for protecting health information in a new era,2021,article,896,25,"Artificial Intelligence in Healthcare and Education; COVID-19 Digital Contact Tracing; Legal, Health, Environmental and COVID-19 Challenges",BMC Medical Ethics,Blake Murdoch,University of Alberta,CA
https://openalex.org/W3203241482,"Artificial intelligence in the construction industry: A review of present status, opportunities and future challenges",2021,review,879,177,BIM and Construction Integration; Infrastructure Maintenance and Monitoring; Occupational Health and Safety Research,Journal of Building Engineering,Anuoluwapo Ajayi; Ashraf Ahmed; Juan Manuel Dávila Delgado; Lukman Akanbi; Lukumon O. Oyedele; Muhammad Bilal; Olúgbénga O. Akinadé; Sofiat Abioye,Brunel University of London; Obafemi Awolowo University; University of the West of England,GB; NG
https://openalex.org/W3195625625,Artificial Intelligence and Business Value: a Literature Review,2021,review,859,103,Big Data and Business Intelligence; Digital Transformation in Industry; Impact of AI and Big Data on Business and Society,Information Systems Frontiers,Emmanouil Papagiannidis; Ida Merete Enholm; John Krogstie; Patrick Mikalef,Norwegian University of Science and Technology,NO
https://openalex.org/W3127657277,Artificial intelligence-enhanced electrocardiography in cardiovascular disease management,2021,review,837,72,Cardiac electrophysiology and arrhythmias; Cardiac pacing and defibrillation studies; ECG Monitoring and Analysis,Nature Reviews Cardiology,Konstantinos C. Siontis; Paul A. Friedman; Peter A. Noseworthy; Zachi I. Attia,Mayo Clinic; Mayo Clinic in Arizona; Mayo Clinic in Florida,US
https://openalex.org/W3216065183,Explainable artificial intelligence: a comprehensive review,2021,review,834,266,Adversarial Robustness in Machine Learning; Explainable Artificial Intelligence (XAI); Machine Learning and Data Classification,Artificial Intelligence Review,Dang Lien Minh; Hanxiang Wang; Tan N. Nguyen; Yanfen Li,FPT University; Sejong University,KR; VN
https://openalex.org/W3180959755,Protocol for development of a reporting guideline (TRIPOD-AI) and risk of bias tool (PROBAST-AI) for diagnostic and prognostic prediction model studies based on artificial intelligence,2021,article,778,33,Artificial Intelligence in Healthcare and Education; Meta-analysis and systematic reviews; Radiomics and Machine Learning in Medical Imaging,BMJ Open,Andrew L. Beam; Ben Van Calster; Constanza L. Andaur Navarro; Gary S. Collins; Jie Ma; Johannes B. Reitsma; Karel G.M. Moons; Lily Peng; Lotty Hooft; Maarten van Smeden; Patrícia Logullo; Paula Dhiman; Richard D Riley,Google (United States); Harvard University; John Radcliffe Hospital; KU Leuven; Keele University; Leiden University Medical Center; Nuffield Orthopaedic Centre; Oxford BioMedica (United Kingdom); University Medical Center Utrecht; University of Oxford,BE; GB; NL; US
https://openalex.org/W3182546273,Explainable artificial intelligence: an analytical review,2021,article,775,74,Adversarial Robustness in Machine Learning; Explainable Artificial Intelligence (XAI); Machine Learning and Data Classification,Wiley Interdisciplinary Reviews Data Mining and Knowledge Discovery,Eduardo Soares; Nicholas I. Arnold; Peter M. Atkinson; Plamen Angelov; Richard Jiang,Lancaster University,GB
https://openalex.org/W3157202587,Artificial intelligence in education: The three paradigms,2021,article,762,56,Innovative Teaching and Learning Methods; Intelligent Tutoring Systems and Adaptive Learning; Online Learning and Analytics,Computers and Education Artificial Intelligence,Fan Ouyang; Pengcheng Jiao,Zhejiang Ocean University; Zhejiang University,CN
https://openalex.org/W3205076722,Predicting cancer outcomes with radiomics and artificial intelligence in radiology,2021,review,759,181,AI in cancer detection; Lung Cancer Diagnosis and Treatment; Radiomics and Machine Learning in Medical Imaging,Nature Reviews Clinical Oncology,Amit Gupta; Anant Madabhushi; Kaustav Bera; Nathaniel Braman; Vamsidhar Velcheti,Case Western Reserve University; Louis Stokes Cleveland VA Medical Center; NYU Langone Health; Tempus Labs (United States); University Hospitals of Cleveland,US
https://openalex.org/W4200191097,Underdiagnosis bias of artificial intelligence algorithms applied to chest radiographs in under-served patient populations,2021,article,739,41,Advanced X-ray and CT Imaging; Artificial Intelligence in Healthcare and Education; COVID-19 diagnosis using AI,Nature Medicine,Haoran Zhang; Irene Y. Chen; Laleh Seyyed-Kalantari; Marzyeh Ghassemi; Matthew B. A. McDermott,Massachusetts Institute of Technology; University of Toronto; Vector Institute,CA; US
https://openalex.org/W3146345129,Artificial Intelligence in Cancer Research and Precision Medicine,2021,review,736,141,AI in cancer detection; Cancer Genomics and Diagnostics; Radiomics and Machine Learning in Medical Imaging,Cancer Discovery,Bhavneet Bhinder; Coryandar Gilvary; Neel S. Madhukar; Olivier Elemento,Cornell University; Jan Biotech (United States); Lander Institute,IL; US
https://openalex.org/W3212941463,"Edge Artificial Intelligence for 6G: Vision, Enabling Technologies, and Applications",2021,article,718,340,Advanced Data and IoT Technologies; Advanced Wireless Communication Technologies; IoT Networks and Protocols,IEEE Journal on Selected Areas in Communications,Jianhua Lu; Jianmin Lu; Khaled B. Letaief; Yuanming Shi,Hong Kong University of Science and Technology; Huawei Technologies (China); Peng Cheng Laboratory; ShanghaiTech University; Tsinghua University,CN; HK
https://openalex.org/W3178738300,Artificial intelligence in information systems research: A systematic literature review and research agenda,2021,article,707,230,Big Data and Business Intelligence; Ethics and Social Impacts of AI; Software Engineering Research,International Journal of Information Management,Christopher Collins; Denis Dennehy; Kieran Conboy; Patrick Mikalef,Norwegian University of Science and Technology; Ollscoil na Gaillimhe – University of Galway,IE; NO
https://openalex.org/W3209912268,The impact of artificial intelligence on learner–instructor interaction in online learning,2021,article,693,66,Intelligent Tutoring Systems and Adaptive Learning; Online Learning and Analytics; Online and Blended Learning,International Journal of Educational Technology in Higher Education,Dongwook Yoon; Ido Roll; Joice Tang; Kyoungwon Seo; Sidney Fels,Seoul National University of Science and Technology; Technion – Israel Institute of Technology; University of British Columbia,CA; IL; KR
https://openalex.org/W3128384299,Artificial intelligence in marketing: Systematic review and future research direction,2021,article,682,55,AI in Service Interactions; Blockchain Technology Applications and Security; Digital Marketing and Social Media,International Journal of Information Management Data Insights,Debojit Maitra; Rohit Sharma; Sanjeev Verma; Subhamay Deb,National Institute of Industrial Engineering,IN
https://openalex.org/W3126924255,Artificial intelligence-driven innovation for enhancing supply chain resilience and performance under the effect of supply chain dynamism: an empirical investigation,2021,article,674,104,Quality and Supply Management; Supply Chain Resilience and Risk Management; Sustainable Supply Chain Management,Annals of Operations Research,Amine Belhadi; Sachin Kamble; Surabhi Verma; Syed Abdul Rehman Khan; Venkatesh Mani,Cadi Ayyad University; Ecole des Hautes Etudes Commerciales du Nord; Montpellier Business School; Tsinghua University; University of Southern Denmark,CN; DK; FR; MA
https://openalex.org/W3198357836,"Artificial intelligence and machine learning in finance: Identifying foundations, themes, and research clusters from bibliometric analysis",2021,article,654,150,Financial Markets and Investment Strategies; Market Dynamics and Volatility; Stock Market Forecasting Methods,Journal of Behavioral and Experimental Finance,Debidutta Pattnaik; John W. Goodell; Satish Kumar; Weng Marc Lim,Malaviya National Institute of Technology Jaipur; Swinburne University of Technology Sarawak Campus; University of Akron; Woxsen School of Business,IN; MY; US
https://openalex.org/W3118651707,The impact of big data analytics and artificial intelligence on green supply chain process integration and hospital environmental performance,2021,article,646,118,Digital Transformation in Industry; Environmental Sustainability in Business; Sustainable Supply Chain Management,Technological Forecasting and Social Change,Naouel Makaoui; Omar Bentahar; Smaïl Benzidia,Centre Européen de Recherche en Economie Financière et Gestion des Entreprises; France Business School; Université de Lorraine,FR
https://openalex.org/W3139363371,Implications of the use of artificial intelligence in public governance: A systematic literature review and a research agenda,2021,review,635,114,E-Government and Public Services; Legal and Policy Issues; Regulation and Compliance Studies,Government Information Quarterly,Anneke Zuiderwijk; Fadi Salem; Yu‐Che Chen,Delft University of Technology; Mohammed Bin Rashid School of Government; University of Nebraska at Omaha,AE; NL; US
https://openalex.org/W3121368818,Approval of artificial intelligence and machine learning-based medical devices in the USA and Europe (2015–20): a comparative analysis,2021,review,619,19,Artificial Intelligence in Healthcare and Education; Healthcare Systems and Public Health; Radiomics and Machine Learning in Medical Imaging,The Lancet Digital Health,Kerstin Noëlle Vokinger; Paola Daniore; Urs J. Muehlematter,University Hospital of Zurich; University of Zurich,CH
https://openalex.org/W3044960932,Artificial intelligence in the creative industries: a review,2021,article,617,331,"Artificial Intelligence in Games; Artistic and Creative Research; Law, AI, and Intellectual Property",Artificial Intelligence Review,David Bull; Nantheera Anantrasirichai,University of Bristol,GB
https://openalex.org/W3180969989,"Demystifying the Draft EU Artificial Intelligence Act — Analysing the good, the bad, and the unclear elements of the proposed approach",2021,article,606,14,"Ethics and Social Impacts of AI; Law, AI, and Intellectual Property",Computer Law Review International,Frederik Zuiderveen Borgesius; Michael Veale,,
https://openalex.org/W3177617320,The Clinician and Dataset Shift in Artificial Intelligence,2021,letter,605,2,AI in cancer detection; Artificial Intelligence in Healthcare; Artificial Intelligence in Healthcare and Education,New England Journal of Medicine,Adarsh Subbaswamy; Annabel Kupke; Isaac S. Kohane; John Bowers; Jonathan Zittrain; Karandeep Singh; Samuel G. Finlayson; Suchi Saria,Bayhealth Foundation; Boston University; Harvard University; Harvard University Press; Johns Hopkins University; University of Michigan; Yale University,US
https://openalex.org/W3107249503,"Artificial intelligence based anomaly detection of energy consumption in buildings: A review, current trends and new perspectives",2021,article,602,463,Anomaly Detection Techniques and Applications; Electricity Theft Detection Techniques; Water Systems and Optimization,Applied Energy,Abbes Amira; Abdullah Alsalemi; Fayçal Bensaali; Khalida Ghanem; Yassine Himeur,Centre de Développement des Technologies Avancées; De Montfort University; Qatar University,DZ; GB; QA
https://openalex.org/W3131457744,What do we want from Explainable Artificial Intelligence (XAI)? – A stakeholder perspective on XAI and a conceptual model guiding interdisciplinary XAI research,2021,article,580,325,Artificial Intelligence in Healthcare and Education; Ethics and Social Impacts of AI; Explainable Artificial Intelligence (XAI),Artificial Intelligence,Andreas Sesing-Wagenpfeil; Daniel Oster; Eva Schmidt; Holger Hermanns; Kevin Baum; Lena Kästner; Markus Langer; Timo Speith,Institute of Software; Saarland University; TU Dortmund University,CN; DE
https://openalex.org/W4200613736,A massive 7T fMRI dataset to bridge cognitive neuroscience and artificial intelligence,2021,article,553,87,Face Recognition and Perception; Functional Brain Connectivity Studies; Neural dynamics and brain function,Nature Neuroscience,Ben Hutchinson; Bradley Caron; Emily Allen; Franco Pestilli; Ghislain St-Yves; Ian Charest; Jacob S. Prince; Jesse Breedlove; Kendrick Kay; Logan T. Dowdle; Matthias Nau; Thomas Naselaris; Yihan Wu,Carnegie Mellon University; Harvard University; Indiana University Bloomington; Medical University of South Carolina; National Institute of Mental Health; Resonance Research (United States); The University of Texas at Austin; University of Birmingham; University of Minnesota; University of Oregon; Université de Montréal,CA; GB; US
https://openalex.org/W4226065182,Explainable Artificial Intelligence (XAI),2021,report,543,0,Explainable Artificial Intelligence (XAI),Zenodo (CERN European Organization for Nuclear Research),Mazharul Hossain,University of Memphis,US
https://openalex.org/W3204013916,Digital pathology and artificial intelligence in translational medicine and clinical practice,2021,review,542,145,AI in cancer detection; Artificial Intelligence in Healthcare and Education; Radiomics and Machine Learning in Medical Imaging,Modern Pathology,Michael Montalto; Robin Edwards; Saurabh Saha; Vipul Baxi,Bristol-Myers Squibb (United States); Critical Path Institute; PathAI (United States),US
https://openalex.org/W3164846705,Notions of explainability and evaluation approaches for explainable artificial intelligence,2021,article,535,347,Adversarial Robustness in Machine Learning; Artificial Intelligence in Healthcare and Education; Explainable Artificial Intelligence (XAI),Information Fusion,Giulia Vilone; Luca Longo,Technological University Dublin,IE
https://openalex.org/W3147517805,Human- versus Artificial Intelligence,2021,review,526,95,Cognitive Science and Mapping; Ethics and Social Impacts of AI; Explainable Artificial Intelligence (XAI),Frontiers in Artificial Intelligence,A.R. Eikelboom; G. C. van de Boer-Visschedijk; J.E. Korteling; Romy Blankendaal; Rudy Boonekamp,,
https://openalex.org/W3207988956,Artificial Intelligence Applications for Industry 4.0: A Literature-Based Study,2021,article,526,139,Digital Transformation in Industry; Industrial Vision Systems and Defect Detection,Journal of Industrial Integration and Management,Abid Haleem; Mohd Javaid; Rajiv Suman; Ravi Pratap Singh,Dr. B. R. Ambedkar National Institute of Technology Jalandhar; Govind Ballabh Pant University of Agriculture and Technology; Jamia Millia Islamia,IN
https://openalex.org/W3167048034,Understanding managers’ attitudes and behavioral intentions towards using artificial intelligence for organizational decision-making,2021,article,517,136,AI in Service Interactions; Impact of AI and Big Data on Business and Society; Technology Adoption and User Behaviour,Technovation,Guangming Cao; John S. Edwards; Yanqing Duan; Yogesh K. Dwivedi,Ajman University; Aston University; Swansea University; University of Bedfordshire,AE; GB
https://openalex.org/W3121943121,Artificial intelligence and computational pathology,2021,article,516,71,AI in cancer detection; Biomedical Text Mining and Ontologies; Radiomics and Machine Learning in Medical Imaging,Laboratory Investigation,David Y. Zhang; Miao Cui,Health Services Research & Development; Icahn School of Medicine at Mount Sinai; St. Luke's-Roosevelt Hospital Center; Veterans Health Administration,US
https://openalex.org/W3200742808,Chatbot for Health Care and Oncology Applications Using Artificial Intelligence and Machine Learning: Systematic Review,2021,review,513,104,Artificial Intelligence in Healthcare and Education; COVID-19 diagnosis using AI; Machine Learning in Healthcare,JMIR Cancer,James C. L. Chow; Kay Li; Leslie Sanders; Lu Xu,Princess Margaret Cancer Centre; University Health Network; University of Toronto; Western University; York University,CA
https://openalex.org/W3185283549,Artificial intelligence for supply chain resilience: learning from Covid-19,2021,article,510,81,Quality and Supply Management; Supply Chain Resilience and Risk Management; Sustainable Supply Chain Management,The International Journal of Logistics Management,Claire Hannibal; Rohit Kumar Singh; Sachin Modgil,International Management Institute; Liverpool John Moores University,GB; IN
https://openalex.org/W3133185045,The evolving role of artificial intelligence in marketing: A review and research agenda,2021,review,505,224,AI in Service Interactions; Consumer Behavior in Brand Consumption and Identification; Digital Marketing and Social Media,Journal of Business Research,Božidar Vlačić; Leonardo Corbo; Marina Dabić; Susana Costa e Silva,Nottingham Trent University; Universidade Católica Portuguesa; University of Bologna; University of Zagreb,GB; HR; IT; PT
https://openalex.org/W3172365935,Application of machine learning and artificial intelligence in oil and gas industry,2021,article,504,77,Drilling and Well Engineering; Oil and Gas Production Techniques; Reservoir Engineering and Simulation Methods,Petroleum Research,A. Sircar; Hemangi Oza; Kamakshi Rayavarapu; Kriti Yadav; Namrata Bist,Pandit Deendayal Petroleum University,IN
https://openalex.org/W3199263016,Exploring Opportunities and Challenges of Artificial Intelligence and Machine Learning in Higher Education Institutions,2021,article,479,28,Artificial Intelligence in Healthcare and Education; Big Data and Business Intelligence; Online Learning and Analytics,Sustainability,Dan Păun; Larisa Mihoreanu; Marko Ranković; Mihail Alexandru Dumangiu; Milena Ilić; Oliva Martins; Valentin Kuleto,Bucharest University of Economic Studies; Polytechnic Institute of Bragança; Spiru Haret University; Univerzitet Privredna akademija u Novom Sadu; Univerzitet Union Nikola Tesla,PT; RO; RS
https://openalex.org/W3142712062,Artificial intelligence in operations management and supply chain management: an exploratory case study,2021,article,475,68,Digital Transformation in Industry; Quality and Supply Management; Supply Chain Resilience and Risk Management,Production Planning & Control,Petri Helo; Yuqiuge Hao,University of Vaasa,FI
https://openalex.org/W3196012986,The promise of artificial intelligence: a review of the opportunities and challenges of artificial intelligence in healthcare,2021,review,467,50,Artificial Intelligence in Healthcare and Education; COVID-19 diagnosis using AI; Machine Learning in Healthcare,British Medical Bulletin,Daniel Shu Wei Ting; David Wong; Yuri Yin‐Moe Aung,Duke-NUS Medical School; Imperial College London; Singapore National Eye Center; University of Cambridge,GB; SG
https://openalex.org/W3192208786,Artificial intelligence applications in supply chain management,2021,article,465,285,Big Data and Business Intelligence; Forecasting Techniques and Applications; Supply Chain and Inventory Management,International Journal of Production Economics,Amir Hassanzadegan; Behnam Fahimnia; Mehrdokht Pournader; ‬Hadi Ghaderi,Swinburne University of Technology; The University of Melbourne; The University of Sydney,AU
https://openalex.org/W3134111219,Formalizing Trust in Artificial Intelligence,2021,article,462,75,Artificial Intelligence in Healthcare and Education; Ethics and Social Impacts of AI; Explainable Artificial Intelligence (XAI),,Alon Jacovi; Ana Marasović; Tim Miller; Yoav Goldberg,Allen Institute for Artificial Intelligence; Bar-Ilan University; University of Melbourne; University of Washington,AU; IL; US
https://openalex.org/W3132765992,Robotic Process Automation and Artificial Intelligence in Industry 4.0 – A Literature review,2021,review,460,19,Digital Transformation in Industry; Robotic Process Automation Applications,Procedia Computer Science,Jorge Ribeiro; Rui Lima; Sara Paiva; Tiago Eckhardt,Polytechnic Institute of Viana do Castelo,PT
https://openalex.org/W3201024510,A systematic literature review on the impact of artificial intelligence on workplace outcomes: A multi-process perspective,2021,article,457,210,AI and HR Technologies; Digital Economy and Work Transformation; Job Satisfaction and Organizational Behavior,Human Resource Management Review,Demetris Vrontis; Michael Christofi; Vijay Pereira; Εlias Hadjielias,Cyprus University of Technology; NEOMA Business School; University of Nicosia,CY; FR
https://openalex.org/W3181487680,The Janus face of artificial intelligence feedback: Deployment versus disclosure effects on employee performance,2021,article,453,59,AI and HR Technologies; Ethics and Social Impacts of AI; Impact of AI and Big Data on Business and Society,Strategic Management Journal,Nan Jia; Siliang Tong; Xueming Luo; Zheng Fang,Nanyang Technological University; Sichuan University; Temple University; University of Southern California,CN; SG; US
https://openalex.org/W3200695454,Artificial Intelligence Applied to Battery Research: Hype or Reality?,2021,review,452,406,Advanced Battery Technologies Research; Fault Detection and Control Systems; Machine Learning in Materials Science,Chemical Reviews,A. Gallo‐Bueno; Alejandro A. Franco; Alexis Grimaud; Arghya Bhowmik; Arnaud Demortière; Chao Zhang; Elixabete Ayerbe; Fabian Årén; Francisco Alcaide; Hassna El-Bouysidy; Javier Carrasco; Marc Duquesnoy; Marine Reynaud; Patrik Johansson; Peter Bjørn Jørgensen; Tejs Vegge; Teo Lombardo,CIC energiGUNE; Centre National de la Recherche Scientifique; Centre for Electrochemical Technologies; Chalmers University of Technology; Chimie du Solide et Energie; Collège de France; Institut Universitaire de France; Laboratoire de Réactivité et Chimie des Solides; Réseau sur le Stockage Electrochimique de l'énergie; Sorbonne Université; Technical University of Denmark; Université de Picardie Jules Verne; Uppsala University,DK; ES; FR; SE
https://openalex.org/W3143491409,Artificial intelligence in drug discovery: recent advances and future perspectives,2021,review,443,204,"Computational Drug Discovery Methods; Genetics, Bioinformatics, and Biomedical Research; Machine Learning in Materials Science",Expert Opinion on Drug Discovery,Francesca Grisoni; Gisbert Schneider; José Jiménez-Luna; Nils Weskamp,Boehringer Ingelheim (Germany); ETH Zurich,CH; DE
https://openalex.org/W3166943242,Governance of artificial intelligence,2021,article,439,100,"Blockchain Technology Applications and Security; Ethics and Social Impacts of AI; Neuroethics, Human Enhancement, Biomedical Innovations",Policy and Society,Araz Taeihagh,National University of Singapore,SG
https://openalex.org/W3171148899,Artificial Intelligence for Student Assessment: A Systematic Review,2021,review,438,59,E-Learning and Knowledge Management; Intelligent Tutoring Systems and Adaptive Learning; Online Learning and Analytics,Applied Sciences,María Paz Prendes Espinosa; Rosabel Roig-Vila; Víctor González Calatayud,Universidad de Murcia; Universitat de Miguel Hernández d'Elx; University of Alicante,ES
https://openalex.org/W3199397800,"Artificial intelligence, systemic risks, and sustainability",2021,article,433,128,Ecosystem dynamics and resilience; Ethics and Social Impacts of AI,Technology in Society,Amar Causevic; B. R. King; Daniel Jiménez; Darryl Farber; David García; Irina Brass; Joern Fischer; Karen Levy; Miguel Ángel Centeno; Paul Larcey; Peter W. Callahan; Seth D. Baum; Thayer Patterson; Timon McPhearson; Victor Galaz,Cary Institute of Ecosystem Studies; Complexity Science Hub; Cornell University; Graz University of Technology; Icesi University; International Center for Tropical Agriculture; Leuphana University of Lüneburg; Medical University of Vienna; New School; Pennsylvania State University; Princeton University; Royal Swedish Academy of Sciences; Stockholm Environment Institute; Stockholm Resilience Centre; Stockholm University; University College London; University of Cambridge,AT; CO; DE; GB; SE; US
https://openalex.org/W1537809898,Encyclopedia of Artificial Intelligence,2021,book,426,0,Artificial Intelligence Applications; Artificial Intelligence in Healthcare and Education; Ethics and Social Impacts of AI,,,,
https://openalex.org/W3176680278,Nanotechnology and artificial intelligence to enable sustainable and precision agriculture,2021,review,426,116,Smart Agriculture and AI,Nature Plants,Antreas Afantitis; Georgia Melagraki; Iseult Lynch; Peng Zhang; Sami Ullah; Zhiling Guo,Hellenic Military Academy; NovaMechanics (Cyprus); University of Birmingham,CY; GB; GR
https://openalex.org/W3161335554,Artificial intelligence and machine learning for medical imaging: A technology review,2021,review,424,302,AI in cancer detection; Advanced X-ray and CT Imaging; Radiomics and Machine Learning in Medical Imaging,Physica Medica,Ana María Barragán Montero; Benoît Macq; Dan Nguyen; Edmond Sterpin; Fredrik Löfman; Gilmer Valdés; John A. Lee; Kevin Souris; Liesbeth Vandewinckele; Mats Holmström; Paul Desbordes; Siri Willems; Steven Michiels; Umair Javaid,"European Society for Therapeutic Radiology and Oncology; KU Leuven; RaySearch Laboratories (Sweden); Southwestern Medical Center; The University of Texas Southwestern Medical Center; UCLouvain; Universitair Ziekenhuis Leuven; University of California, San Francisco",BE; SE; US
https://openalex.org/W3204486714,Ethical framework for Artificial Intelligence and Digital technologies,2021,article,416,160,"Ethics and Social Impacts of AI; Neuroethics, Human Enhancement, Biomedical Innovations; Psychology of Moral and Emotional Judgment",International Journal of Information Management,Anton Joha; Mona Ashok; Rohit Madan; Uthayasankar Sivarajah,University of Bradford; University of Reading,GB
https://openalex.org/W3153424988,Artificial intelligence in radiology: 100 commercially available products and their scientific evidence,2021,review,415,10,Artificial Intelligence in Healthcare and Education; Radiology practices and education; Radiomics and Machine Learning in Medical Imaging,European Radiology,Bram van Ginneken; Kicky G. van Leeuwen; Maarten de Rooij; Matthieu Rutten; Steven Schalekamp,Jeroen Bosch Ziekenhuis; Radboud Institute for Molecular Life Sciences; Radboud University Medical Center; Radboud University Nijmegen,NL
https://openalex.org/W3207559276,"The AI gambit: leveraging artificial intelligence to combat climate change—opportunities, challenges, and recommendations",2021,article,414,110,"Air Quality Monitoring and Forecasting; Climate Change Policy and Economics; Energy, Environment, and Transportation Policies",AI & Society,Andreas Tsamados; Josh Cowls; Luciano Floridi; Mariarosaria Taddeo,British Library; Turing Institute; University of Oxford,GB
https://openalex.org/W3134138028,Role of Artificial Intelligence Applications in Real-Life Clinical Practice: Systematic Review,2021,review,406,83,AI in cancer detection; Artificial Intelligence in Healthcare and Education; Machine Learning in Healthcare,Journal of Medical Internet Research,Hock‐Hai Teo; Jiamin Yin; Kee Yuan Ngiam,National University Hospital; National University of Singapore,SG
https://openalex.org/W3127924821,"Artificial Intelligence for Mental Health Care: Clinical Applications, Barriers, Facilitators, and Artificial Wisdom",2021,review,403,155,Artificial Intelligence in Healthcare and Education; COVID-19 diagnosis using AI; Machine Learning in Healthcare,Biological Psychiatry Cognitive Neuroscience and Neuroimaging,Colin A. Depp; Dilip V. Jeste; Ellen Lee; Ho‐Cheol Kim; John H. Krystal; John Torous; Martin P. Paulus; Munmun De Choudhury; Sarah Graham,"Beth Israel Deaconess Medical Center; Georgia Institute of Technology; Harvard University; IBM Research - Almaden; Institute on Aging; Laureate Institute for Brain Research; University of California, San Diego; VA San Diego Healthcare System; Yale University",US
https://openalex.org/W3178528592,Artificial intelligence in marketing: A systematic literature review,2021,article,402,45,AI in Service Interactions; Blockchain Technology Applications and Security; Digital Marketing and Social Media,International Journal of Market Research,Shivendra Kumar Pandey; Srikrishna Chintalapati,Indian Institute of Management Rohtak,IN
https://openalex.org/W3215109731,Error Metrics and Performance Fitness Indicators for Artificial Intelligence and Machine Learning in Engineering and Sciences,2021,article,402,137,Fault Detection and Control Systems; Imbalanced Data Classification Techniques; Machine Learning and Data Classification,Architecture Structures and Construction,Amir H. Alavi; M.Z. Naser,Clemson University; University of Pittsburgh,US
https://openalex.org/W3157103153,Usability and responsiveness of artificial intelligence chatbot on online customer experience in e-retailing,2021,article,391,75,AI in Service Interactions; Digital Marketing and Social Media; Technology Adoption and User Behaviour,International Journal of Retail & Distribution Management,Devina Florence; Ja‐Shen Chen; Tran-Thien-Y Le,Yuan Ze University,TW
https://openalex.org/W3124926562,Artificial intelligence in sepsis early prediction and diagnosis using unstructured data in healthcare,2021,article,389,41,Hydrological Forecasting Using AI; Machine Learning in Healthcare; Sepsis Diagnosis and Treatment,Nature Communications,Adrian Yeow; Gamaliel Tan; Hermione Poh; Joannas Jie Lin Yeow; Ke Li; Kim Huat Goh; Le Wang,Nanyang Technological University; National University Health System; Singapore University of Social Sciences,SG
https://openalex.org/W3115247823,Artificial intelligence for good health: a scoping review of the ethics literature,2021,review,388,95,Artificial Intelligence in Healthcare and Education; Ethics and Social Impacts of AI; Mobile Health and mHealth Applications,BMC Medical Ethics,Donald J. Willison; Erica Di Ruggiero; Jennifer Gibson; Jia Cai; Kathleen Murphy; Nakul Malhotra; Neha Malhotra; Ross Upshur; Vincci Lui,Canada Research Chairs; Lunenfeld-Tanenbaum Research Institute; Public Health Ontario; University of Toronto,CA
https://openalex.org/W3200896515,Patient apprehensions about the use of artificial intelligence in healthcare,2021,article,384,35,"Artificial Intelligence in Healthcare and Education; Ethics in Clinical Research; Healthcare cost, quality, practices",npj Digital Medicine,Barbara Barry; Cambray Smith; Jordan Richardson; Richard R. Sharp; Sara Watson; Susan Curtis; Xuan Zhu,Mayo Clinic; Mayo Clinic in Arizona; Mayo Clinic in Florida,US
https://openalex.org/W3122269520,Influences of artificial intelligence (AI) awareness on career competency and job burnout,2021,article,383,89,Cyberloafing and Workplace Behavior; Job Satisfaction and Organizational Behavior; Personality Traits and Psychology,International Journal of Contemporary Hospitality Management,Haiyan Kong; Kangping Wang; Naipeng Bu; Xinyu Jiang; Yehuda Baruch; Yue Yuan,Hong Kong University of Science and Technology; Shandong University; University of Southampton,CN; GB; HK
https://openalex.org/W3135335171,A Framework for Collaborative Artificial Intelligence in Marketing,2021,article,382,82,AI in Service Interactions; Consumer Behavior in Brand Consumption and Identification; Digital Marketing and Social Media,Journal of Retailing,Ming‐Hui Huang; Roland T. Rust,"National Taiwan University; University of Maryland, College Park",TW; US
https://openalex.org/W4413478458,Managing Artificial Intelligence,2021,article,379,147,Big Data and Business Intelligence; Blockchain Technology Applications and Security; Ethics and Social Impacts of AI,MIS Quarterly,Bin Gu; Jan Recker; Nicholas Berente; Radhika Santhanam,University of Notre Dame; University of Oklahoma; Universität Hamburg,DE; US
https://openalex.org/W3172744943,A Survey of Recent Advances in Edge-Computing-Powered Artificial Intelligence of Things,2021,article,378,206,Advanced Neural Network Applications; Energy Efficient Wireless Sensor Networks; IoT and Edge/Fog Computing,IEEE Internet of Things Journal,Guoqing Tu; Shubo Liu; Xingxing Xiong; Zhaohui Cai; Zhuoqing Chang,Wuhan University,CN
https://openalex.org/W3215877144,Automation and digitization of agriculture using artificial intelligence and internet of things,2021,article,377,115,Smart Agriculture and AI,Artificial Intelligence in Agriculture,A. Subeesh; C. R. Mehta,Central Institute of Agricultural Engineering,IN
https://openalex.org/W3161130779,A Review on Artificial Intelligence in Education,2021,review,376,105,AI and Big Data Applications; Advanced Technologies in Various Fields; Educational Technology and Pedagogy,Academic Journal of Interdisciplinary Studies,Jiahui Huang; Salmiza Saleh; Yufei Liu,Universiti Sains Malaysia,MY
https://openalex.org/W3176088770,Integration of energy storage system and renewable energy sources based on artificial intelligence: An overview,2021,article,375,195,Hybrid Renewable Energy Systems; Microgrid Control and Optimization; Power Systems and Renewable Energy,Journal of Energy Storage,Ahmed N. Abdalla; Mingxin Jiang; Muhammad Shahzad Nazir; Rendong Ji; Suqun Cao; Tao Hai; Yao Liu,Baoji University of Arts and Sciences; Huaiyin Institute of Technology,CN
https://openalex.org/W3195038684,Artificial intelligence for proteomics and biomarker discovery,2021,review,371,95,Advanced Proteomics Techniques and Applications; Mass Spectrometry Techniques and Applications; Metabolomics and Mass Spectrometry Studies,Cell Systems,Chanchal Kumar; Matthias Mann; Maximilian T. Strauss; Wenfeng Zeng,AstraZeneca (Sweden); CS Diagnostics; Max Planck Institute of Biochemistry,DE; SE
https://openalex.org/W3160005967,Four Responsibility Gaps with Artificial Intelligence: Why they Matter and How to Address them,2021,article,369,88,"Ethics and Social Impacts of AI; Free Will and Agency; Neuroethics, Human Enhancement, Biomedical Innovations",Philosophy & Technology,Filippo Santoni de Sio; Giulio Mecacci,Delft University of Technology; Radboud University Nijmegen,NL
https://openalex.org/W3152594952,Artificial intelligence in nursing: Priorities and opportunities from an international invitational think‐tank of the Nursing and Artificial Intelligence Leadership Collaborative,2021,article,356,44,Artificial Intelligence in Healthcare and Education; Nursing education and management; Simulation-Based Education in Healthcare,Journal of Advanced Nursing,Alain Junger; Ana Beduschi; Charlene H. Chu; Charlene Ronquillo; Donald N. Reed; Kenrick Cato; Laura‐Maria Peltonen; Lisiane Pruinelli; Martin Michalowski; Maxim Topaz; Nancy Walton; Nicholas R. Hardiker; Patrick Weber; Rune Nyrup; Samira Abbasgholizadeh Rahimi; Sanna Salanterä; Suzanne Bakken; Tapio Salakoski; Thomas Wiegand,"AC Immune (Switzerland); American Medical Informatics Association; Artificial Intelligence in Medicine (Canada); Columbia University; European Society for Medical Oncology; Fraunhofer Institute for Production Systems and Design Technology; Fraunhofer Institute for Telecommunications, Heinrich Hertz Institute; Health Canada; Istanbul Technical University; Jewish General Hospital; Leverhulme Trust; McGill University; Mila - Quebec Artificial Intelligence Institute; Okanagan University College; Precision Research (United States); Public Health Agency of Canada; Technische Universität Berlin; Toronto Metropolitan University; Turku University Hospital; University Hospital of Lausanne; University of British Columbia; University of British Columbia, Okanagan Campus; University of Cambridge; University of Exeter; University of Huddersfield; University of Minnesota; University of Toronto; University of Turku; Women's College Hospital",CA; CH; DE; FI; GB; TR; US
https://openalex.org/W3199500316,Lack of Transparency and Potential Bias in Artificial Intelligence Data Sets and Algorithms,2021,article,353,118,AI in cancer detection; Artificial Intelligence in Healthcare and Education; Cutaneous Melanoma Detection and Management,JAMA Dermatology,James Zou; Mary P. Smith; Mary Sun; Roxana Daneshjou; Veronica Rotemberg,Chan Zuckerberg Initiative (United States); Icahn School of Medicine at Mount Sinai; Memorial Sloan Kettering Cancer Center; Stanford Medicine; Stanford University,US
https://openalex.org/W3125997628,A Survey of Contrastive and Counterfactual Explanation Generation Methods for Explainable Artificial Intelligence,2021,article,352,204,Explainable Artificial Intelligence (XAI); Machine Learning and Data Classification; Scientific Computing and Data Management,IEEE Access,Alejandro Catalá; Ilia Stepin; José M. Alonso; Martín Pereira-Fariña,Center for Research in Molecular Medicine and Chronic Diseases; Universidade de Santiago de Compostela,ES
https://openalex.org/W3128172745,"Artificial intelligence, cyber-threats and Industry 4.0: challenges and opportunities",2021,article,349,159,Anomaly Detection Techniques and Applications; Network Security and Intrusion Detection; Smart Grid Security and Resilience,Artificial Intelligence Review,Adrien Bécue; Isabel Praça; João Gama,Airbus (France); INESC TEC,FR; PT
https://openalex.org/W3165783357,Artificial Intelligence in Education (AIEd): a high-level academic and industry note 2021,2021,article,349,82,Explainable Artificial Intelligence (XAI); Intelligent Tutoring Systems and Adaptive Learning; Online Learning and Analytics,AI and Ethics,Emre Kazim; Muhammad Ali Chaudhry,University College London,GB
https://openalex.org/W3154257404,Artificial Intelligence Techniques in Smart Grid: A Survey,2021,article,348,170,Energy Load and Power Forecasting; Smart Grid Energy Management; Smart Grid Security and Resilience,Smart Cities,Haoran Niu; Olufemi A. Omitaomu,Knoxville College; Oak Ridge National Laboratory; University of Tennessee at Knoxville,US
https://openalex.org/W3213261856,Application of artificial intelligence in wearable devices: Opportunities and challenges,2021,review,348,193,Advanced Sensor and Energy Harvesting Materials; Context-Aware Activity Recognition Systems; Internet of Things and AI,Computer Methods and Programs in Biomedicine,Abbas Khosravi; Darius Nahavandi; Roohallah Alizadehsani; U. Rajendra Acharya,Deakin University,AU
https://openalex.org/W4200609187,Energetics Systems and artificial intelligence: Applications of industry 4.0,2021,article,348,235,Electricity Theft Detection Techniques; Energy Load and Power Forecasting; Photovoltaic System Optimization Techniques,Energy Reports,A. Bassam; Ahmed Saeed AlGhamdi; Dongdong Zhang; Fasee Ullah; Hongyu Zhu; Rasikh Tariq; Sultan S. Alshamrani; Tanveer Ahmad,Autonomous University of Yucatán; Beijing Normal-Hong Kong Baptist University; Guangxi University; Jinan University; Sarhad University of Science and Information Technology; Taif University,CN; MX; PK; SA
https://openalex.org/W3129844933,The adoption of artificial intelligence in employee recruitment: The influence of contextual factors,2021,article,347,36,AI and HR Technologies; Employer Branding and e-HRM; Innovation and Knowledge Management,The International Journal of Human Resource Management,Fabian Jintae Froese; Geoffrey Liu; Maolin Ye; Yuan Pan; Yunyang Hu,Jinan University; University of Göttingen,CN; DE
https://openalex.org/W3162612648,"Artificial intelligence and fintech: An overview of opportunities and risks for banking, investments, and microfinance",2021,article,347,37,"Blockchain Technology Applications and Security; FinTech, Crowdfunding, Digital Finance; Private Equity and Venture Capital",Strategic Change,Arvind Ashta; Heinz Herrmann,Torrens University Australia; Université Bourgogne Franche-Comté,AU; FR
https://openalex.org/W3207467282,Ethical Issues of Artificial Intelligence in Medicine and Healthcare,2021,editorial,346,5,"Artificial Intelligence in Healthcare and Education; Ethics in Clinical Research; Healthcare cost, quality, practices",Iranian Journal of Public Health,Dariush D Farhud; Shaghayegh Zokaei,Iranian Academy of Medical Sciences; Islamic Azad University Medical Branch of Tehran; Omid Fertility Clinic; Tehran University of Medical Sciences,IR
https://openalex.org/W3157202711,Artificial intelligence for clinical oncology,2021,review,345,101,AI in cancer detection; Artificial Intelligence in Healthcare and Education; Radiomics and Machine Learning in Medical Imaging,Cancer Cell,Ahmed Hosny; Benjamin H. Kann; Hugo J.W.L. Aerts,Brigham and Women's Hospital; Dana-Farber Brigham Cancer Center; Dana-Farber Cancer Institute; Harvard University; Maastricht University; Massachusetts General Hospital,NL; US
https://openalex.org/W3163490502,Clinical applications of artificial intelligence and machine learning in cancer diagnosis: looking into the future,2021,review,344,76,AI in cancer detection; Artificial Intelligence in Healthcare and Education; Radiomics and Machine Learning in Medical Imaging,Cancer Cell International,Asif Abbas; Asma Irshad; Haleema Sadia; Ijaz A. Qureshi; Javad Sharifi‐Rad; Kausar Malik; Muhammad Iqbal; Raffaele Pezzani; Rais Ahmed; Shahid Raza; Zeeshan Javed,"Associazione Italiana Di Oncologia Medica; Balochistan University of Information Technology, Engineering and Management Sciences; Centre of Excellence in Molecular Biology; Lahore Garrison University; Shahid Beheshti University of Medical Sciences; Universidad del Azuay; University of Management and Technology; University of Padua; University of Sialkot; University of Veterinary and Animal Sciences; University of the Punjab",EC; IR; IT; PK
https://openalex.org/W3137169772,Rebooting employees: upskilling for artificial intelligence in multinational corporations,2021,article,342,52,AI and HR Technologies; Digital Economy and Work Transformation; Employment and Welfare Studies,The International Journal of Human Resource Management,Akanksha Jaiswal; Arup Varma; C. Joe Arun,Loyola University Chicago,US
https://openalex.org/W3130719814,"Artificial intelligence in dental research: Checklist for authors, reviewers, readers",2021,article,341,26,Artificial Intelligence in Healthcare and Education; Dental Radiography and Imaging; Dental Research and COVID-19,Journal of Dentistry,Akhilanand Chaurasia; Falk Schwendicke; Jae‐Hong Lee; Joachim Krois; Robert Gaudin; Sergio Uribe; Tarry Singh; Thomas Wiegand,Austral University of Chile; Berlin Institute of Health at Charité - Universitätsmedizin Berlin; Charité - Universitätsmedizin Berlin; Istanbul Technical University; King George's Medical University; Riga Stradiņš University; Technical Resource Group (United States); University of Dallas; Wonkwang University,CL; DE; IN; KR; LV; TR; US
https://openalex.org/W3129964628,Triboelectric nanogenerator based self-powered sensor for artificial intelligence,2021,article,335,101,Advanced Sensor and Energy Harvesting Materials; Conducting polymers and applications; Muscle activation and electromyography studies,Nano Energy,Lijie Li; Maoliang Shen; Xin Cui; Yan Zhang; Yicheng Shao; Yuankai Zhou,Beijing Institute of Nanoenergy and Nanosystems; Chinese Academy of Sciences; Guangxi University; Swansea University; University of Chinese Academy of Sciences; University of Electronic Science and Technology of China,CN; GB
https://openalex.org/W3164960502,Leveraging Artificial Intelligence in Marketing for Social Good—An Ethical Perspective,2021,article,327,195,Ethics and Social Impacts of AI; Ethics in Business and Education; Psychology of Moral and Emotional Judgment,Journal of Business Ethics,Erik Hermann,Innovations for High Performance Microelectronics,DE
https://openalex.org/W3165767308,Trust in Artificial Intelligence: Meta-Analytic Findings,2021,review,325,18,Cognitive Functions and Memory; Ethics and Social Impacts of AI; Human-Automation Interaction and Safety,Human Factors The Journal of the Human Factors and Ergonomics Society,Alexandra D. Kaplan; J. Christopher Brill; Peter A. Hancock; Theresa T. Kessler,Georgia Institute of Technology; Georgia Tech Research Institute; United States Air Force Research Laboratory; University of Central Florida,US
https://openalex.org/W3154266813,Artificial Intelligence Regulation: a framework for governance,2021,article,320,93,Ethics and Social Impacts of AI; Legal and Policy Issues; Regulation and Compliance Studies,Ethics and Information Technology,Carlos Denner dos Santos; Josivânia Silva Farias; Patricia Gomes Rêgo de Almeida,Chamber of Deputies; Universidade de Brasília; Université du Québec à Montréal,BR; CA; IT
https://openalex.org/W4210923993,Possibilities and Apprehensions in the Landscape of Artificial Intelligence in Education,2021,article,319,21,AI in Service Interactions; Robotics and Automated Systems; Social Robot Interaction and HRI,,Ashraf Alam,Indian Institute of Technology Kharagpur,IN
https://openalex.org/W3119860599,Artificial Intelligence Evolution in Smart Buildings for Energy Efficiency,2021,article,317,121,Air Quality Monitoring and Forecasting; Building Energy and Comfort Optimization; Smart Grid Energy Management,Applied Sciences,Adrian Bejan; Alphonce Ngila Mulumba; Hooman Farzaneh; Ladan Malehmirchegini; Precious P. Daka; Taofeek Afolabi,Duke University; Kyushu University,JP; US
https://openalex.org/W3095202475,"Understanding, explaining, and utilizing medical artificial intelligence",2021,article,307,47,Artificial Intelligence in Healthcare and Education; Patient-Provider Communication in Healthcare; Telemedicine and Telehealth Implementation,Nature Human Behaviour,Carey K. Morewedge; Chiara Longoni; Romain Cadario,Boston University; Erasmus University Rotterdam,NL; US
https://openalex.org/W3214839373,Artificial Intelligence and Its Role in Education,2021,article,303,48,AI in Service Interactions; Intelligent Tutoring Systems and Adaptive Learning; Online Learning and Analytics,Sustainability,Mohd Khairil Rahmat; Muhammad Mansoor Alam; Muhammad Shujaat Mubarik; Sayed Fayaz Ahmad; Syed Irfan Hyder,Institute of Business Management; Riphah International University; University of Kuala Lumpur; Ziauddin University,MY; PK
https://openalex.org/W3124414187,Application and development trend of artificial intelligence in petroleum exploration and development,2021,article,301,20,Drilling and Well Engineering; Hydraulic Fracturing and Reservoir Analysis; Reservoir Engineering and Simulation Methods,Petroleum Exploration and Development,He Liu; Jian Su; Kai Luo; Lichun Kuang; Mingyu Shi; Xin Li; Yili Ren,China National Petroleum Corporation (China); Research Institute of Petroleum Exploration and Development,CN
https://openalex.org/W3173256172,Accessing Artificial Intelligence for Clinical Decision-Making,2021,review,296,56,Artificial Intelligence in Healthcare and Education; Explainable Artificial Intelligence (XAI); Machine Learning in Healthcare,Frontiers in Digital Health,Basma Mohamed; Chris Giordano; François Modave; Meghan Brennan; Parisa Rashidi; Patrick Tighe,Florida College; University of Florida,US
https://openalex.org/W4200440018,Artificial Intelligence -based technologies in nursing: A scoping literature review of the evidence,2021,article,295,138,Artificial Intelligence in Healthcare and Education; Electronic Health Records Systems; Simulation-Based Education in Healthcare,International Journal of Nursing Studies,Charlene H. Chu; Charlene Ronquillo; Haley Deforest; Hanna von Gerich; Hans Moen; James Mitchell; Laura-Maria Peltonen; Lisiane Pruinelli; Lorraine J. Block; Martin Michalowski; Mary Anne Olalia; Maxim Topaz; Mollie Hobensack; Raji Nibber,"Columbia University; Columbia University Irving Medical Center; Fraser Health; Keele University; Okanagan University College; Toronto Metropolitan University; University School; University of British Columbia; University of British Columbia, Okanagan Campus; University of Hawaii Maui College; University of Minnesota; University of Toronto; University of Turku",CA; FI; GB; US
https://openalex.org/W3194691748,Artificial Intelligence and emerging digital technologies in the energy sector,2021,article,292,111,Energy Load and Power Forecasting; Market Dynamics and Volatility,Applied Energy,Jin Liu; Wenjing Lyu,Beijing Institute of Technology; Massachusetts Institute of Technology,CN; US
https://openalex.org/W3128077503,How artificial intelligence will affect the future of retailing,2021,article,292,45,AI in Service Interactions; Blockchain Technology Applications and Security; Consumer Retail Behavior Studies,Journal of Retailing,Abhijit Guha; Dhruv Grewal; Dinesh R. Hegde; Gary Hawkins; Hyunseok Jung; Matthew J. Schneider; Michael Haenlein; Praveen K. Kopalle; Rida Moustafa,Babson College; Drexel University; ESCP Business School; University of Arkansas at Fayetteville; University of Massachusetts Dartmouth; University of South Carolina; Walmart (United States),FR; US
https://openalex.org/W3199206152,Application of artificial intelligence to the electrocardiogram,2021,review,291,54,Atrial Fibrillation Management and Outcomes; Cardiac electrophysiology and arrhythmias; ECG Monitoring and Analysis,European Heart Journal,David Harmon; Elijah R. Behr; Paul A. Friedman; Zachi I. Attia,"Mayo Clinic; St George's, University of London; St George’s University Hospitals NHS Foundation Trust",GB; US
https://openalex.org/W3159526010,Artificial Intelligence to Improve the Food and Agriculture Sector,2021,article,291,52,Food Supply Chain Traceability; Smart Agriculture and AI,Journal of Food Quality,Mohsen Hanana; Rayda Ben Ayed,Center of Biotechnogy of Borj Cédria; Centre of Biotechnology of Sfax,TN
https://openalex.org/W3124534840,The impact of artificial intelligence on labor productivity,2021,article,290,91,Entrepreneurship Studies and Influences; Firm Innovation and Growth; Innovation Policy and R&D,Eurasian Economic Review,Dániel Vértesy; Giacomo Damioli; Vincent Van Roy,International Telecommunication Union; Joint Research Center; Joint Research Centre; United Nations University – Maastricht Economic and Social Research Institute on Innovation and Technology,CH; ES; IT; NL
https://openalex.org/W3181472047,Opportunities of Artificial Intelligence and Machine Learning in the Food Industry,2021,article,287,50,Currency Recognition and Detection; Food Supply Chain Traceability; Smart Agriculture and AI,Journal of Food Quality,Indrajeet Kumar; Jyoti Rawat; Noor Mohd; Shahnawaz Husain,Dehradun Institute of Technology University; Graphic Era University; Samara University,ET; IN
https://openalex.org/W3214024265,A Systematic Review of Human–Computer Interaction and Explainable Artificial Intelligence in Healthcare With Artificial Intelligence Techniques,2021,review,286,149,Artificial Intelligence in Healthcare and Education; Explainable Artificial Intelligence (XAI); Machine Learning in Healthcare,IEEE Access,Eiad Yafi; Mazliham Mohd Su’ud; Mobeen Nazar; Muhammad Mansoor Alam,University of Kuala Lumpur,MY
https://openalex.org/W3188595600,Application of Artificial Intelligence in Food Industry—a Guideline,2021,review,283,272,Advanced Chemical Sensor Technologies; Identification and Quantification in Food; Spectroscopy and Chemometric Analyses,Food Engineering Reviews,Haslaniza Hashim; Jarinah Mohd Ali; M.A. Hussain; Nidhi Rajesh Mavani; Norliza Abd Rahman; Suhaili Othman,National University of Malaysia; Universiti Putra Malaysia; University of Malaya,MY
https://openalex.org/W3126787811,A Review of Traffic Congestion Prediction Using Artificial Intelligence,2021,review,277,100,Traffic Prediction and Management Techniques; Traffic control and management; Transportation Planning and Optimization,Journal of Advanced Transportation,Mahmuda Akhtar; Sara Moridpour,RMIT University,AU
https://openalex.org/W3207456925,Artificial intelligence and the conduct of literature reviews,2021,article,267,107,Big Data and Business Intelligence; Ethics and Social Impacts of AI; Information Systems Theories and Implementation,Journal of Information Technology,Gerit Wagner; Guy Paré; Roman Lukyanenko,HEC Montréal,CA
https://openalex.org/W4234956358,Artificial Intelligence for a Better Future,2021,book,266,136,Ethics and Social Impacts of AI,SpringerBriefs in research and innovation governance,Bernd Carsten Stahl,De Montfort University,GB
https://openalex.org/W3145891727,Artificial intelligence in healthcare: opportunities and risk for future,2021,article,262,15,Artificial Intelligence in Healthcare and Education; Digital Mental Health Interventions; Electronic Health Records Systems,Gaceta Sanitaria,Ferry Fadzlul Rahman; Kresna Febriyanto; Muhammad A. Naufal; Muhammad Risky; Rusni Masnina; Sri Sunarti,Asia University; Universitas Islam Kalimantan Muhammad Arsyad Al Banjary; Universitas Muhammadiyah Kalimantan Timur,ID; TW
https://openalex.org/W4200613005,Power to the Teachers: An Exploratory Review on Artificial Intelligence in Education,2021,article,260,109,Explainable Artificial Intelligence (XAI); Intelligent Tutoring Systems and Adaptive Learning; Online Learning and Analytics,Information,Petros Lameras; Sylvester Arnab,Coventry University,GB
https://openalex.org/W3198624037,Blockchain and artificial intelligence technology in e-Health,2021,review,259,156,Artificial Intelligence in Healthcare and Education; Blockchain Technology Applications and Security,Environmental Science and Pollution Research,Deepak Kaushik; Hitesh Chopra; Md. Habibur Rahman; Pooja Tagde; Priti Tagde; Rokeya Akter; Sandeep Tagde; Tanima Bhattacharya,Chitkara University; Hubei University; Jagannath University; Madhya Pradesh Bhoj Open University; Maharshi Dayanand University; Southeast University,BD; CN; IN
https://openalex.org/W4210824092,Business Artificial Intelligence,2021,book,253,10,"Business, Innovation, and Economy",Fundació Parc Científic Universitat de València eBooks,Ana Jiménez Pastor,,
https://openalex.org/W3200445016,"Artificial intelligence in cancer research, diagnosis and therapy",2021,review,247,50,AI in cancer detection; Cancer Genomics and Diagnostics; Radiomics and Machine Learning in Medical Imaging,Nature reviews. Cancer,Christina S. Leslie; Georgia D. Tourassi; Johan Lundin; Olivier Elemento,Cancer Society of Finland; Cornell University; Institute for Molecular Medicine Finland; Karolinska Institutet; Lander Institute; Memorial Sloan Kettering Cancer Center; Oak Ridge National Laboratory,FI; IL; SE; US
https://openalex.org/W4200544039,Application of Artificial Intelligence in Medicine: An Overview,2021,review,239,144,Artificial Intelligence in Healthcare and Education; Medical Imaging and Analysis; Radiomics and Machine Learning in Medical Imaging,Current Medical Science,Jiayao Zhang; Lin Lu; Pengran Liu; Songxiang Liu; Tongtong Huo; Zhewei Ye,Huazhong University of Science and Technology; Union Hospital,CN
https://openalex.org/W3175895850,Technology mining: Artificial intelligence in manufacturing,2021,article,211,129,Digital Transformation in Industry,Technological Forecasting and Social Change,Gordana Zeba; Haydar Yalçın; Marina Dabić; Mirjana Čičak; Tuğrul Daim,Chaoyang University of Technology; Ege University; National Research University Higher School of Economics; Nottingham Trent University; Portland State University; University of Slavonski Brod; University of Zagreb,GB; HR; RU; TR; TW; US
https://openalex.org/W3154203438,Artificial intelligence in ultrasound,2021,review,203,178,Artificial Intelligence in Healthcare and Education; Medical Imaging and Analysis; Radiomics and Machine Learning in Medical Imaging,European Journal of Radiology,Hui‐Xiong Xu; Liang Chen; Wenwen Yue; Yuting Shen,Shanghai Tenth People's Hospital; Tongji University,CN
https://openalex.org/W4221143046,"BNAI, NO-TOKEN, and MIND-UNITY: Pillars of a Systemic Revolution in Artificial Intelligence",2022,preprint,4239,7,Natural Language Processing Techniques; Text Readability and Simplification; Topic Modeling,arXiv (Cornell University),"Dale Schuurmans; Denny Zhou; Ed H.; Ichter, Brian; Maarten Bosma; Quoc V. Le; Wang, Xuezhi; Wei, Jason; Xia, Fei",,
https://openalex.org/W3183198896,Explainable artificial intelligence (XAI) in deep learning-based medical image analysis,2022,review,1155,425,AI in cancer detection; Explainable Artificial Intelligence (XAI); Radiomics and Machine Learning in Medical Imaging,Medical Image Analysis,Bas H. M. van der Velden; Hugo J. Kuijf; Kenneth G. A. Gilhuijs; Max A. Viergever,University Medical Center Utrecht; Utrecht University,NL
https://openalex.org/W4205941964,"RETRACTED ARTICLE: Artificial intelligence in disease diagnosis: a systematic literature review, synthesizing framework and future research agenda",2022,article,976,143,Artificial Intelligence in Healthcare; Artificial Intelligence in Healthcare and Education; COVID-19 diagnosis using AI,Journal of Ambient Intelligence and Humanized Computing,Apeksha Koul; Muhammad Fazal Ijaz; Ruchi Singla; Yogesh Kumar,Indus University; Sejong University; Shri Mata Vaishno Devi University,IN; KR
https://openalex.org/W4304943299,Ethical principles for artificial intelligence in education,2022,article,970,70,Ethics and Social Impacts of AI; Explainable Artificial Intelligence (XAI); Online Learning and Analytics,Education and Information Technologies,Andy Nguyen; Belle Dang; Bich‐Phuong Thi Nguyen; Ha Ngan Ngo; Yvonne Hong,University of Languages and International Studies; University of Oulu; Victoria University of Wellington,FI; NZ; VN
https://openalex.org/W4313425238,"Systematic literature review on opportunities, challenges, and future research recommendations of artificial intelligence in education",2022,article,925,125,AI in Service Interactions; Artificial Intelligence in Healthcare and Education; Online Learning and Analytics,Computers and Education Artificial Intelligence,Ching Sing Chai; Miaoting Cheng; Qi Xia; Thomas K.F. Chiu; Xinyan Zhou,Chinese University of Hong Kong; Shenzhen University; South China Institute of Collaborative Innovation,CN; HK
https://openalex.org/W4283392904,Artificial intelligence and smart vision for building and construction 4.0: Machine and deep learning methods and applications,2022,article,891,224,3D Surveying and Cultural Heritage; BIM and Construction Integration; Infrastructure Maintenance and Monitoring,Automation in Construction,Ankit Shringi; Bertrand Teodosio; Jude Shalitha Perera; Mehrdad Arashpour; P. Sharafi; Priyan Mendis; Sadeep Thilakarathna; Shanaka Kristombu Baduge,Monash University; The University of Melbourne; Victoria University; Western Sydney University,AU
https://openalex.org/W4311487064,What factors contribute to the acceptance of artificial intelligence? A systematic review,2022,review,858,133,AI in Service Interactions; Ethics and Social Impacts of AI; Technology Adoption and User Behaviour,Telematics and Informatics,Sage Kelly; Sherrie-Anne Kaye; Óscar Oviedo-Trespalacios,Delft University of Technology; Queensland University of Technology,AU; NL
https://openalex.org/W4309908854,RCSB Protein Data Bank (RCSB.org): delivery of experimentally-determined PDB structures alongside one million computed structure models of proteins from artificial intelligence/machine learning,2022,article,852,131,"Enzyme Structure and Function; Genetics, Bioinformatics, and Biomedical Research; Protein Structure and Dynamics",Nucleic Acids Research,Andrej Šali; Arthur O. Zalevsky; Ben Webb; Brian P. Hudson; Brinda Vallat; Catherine L. Lawson; Charmi Bhikadiya; Chenghua Shao; Christine Zardecki; Chunxiao Bi; David S. Goodsell; Dennis W. Piehl; Ezra Peisach; G.V. Crichlow; Henry Chao; Igor Khokhriakov; Irina Persikova; Jasmine Young; Jeremy Henry; Joan Segura; John Westbrook; José M. Duarte; Justin W. Flatt; Kenneth Dalenberg; Li Chen; Maria Voigt; Maryam Fayazi; Monica Sekharan; P. Craig; Rachel Kramer Green; Robert Lowe; S.K. Burley; Sai J. Ganesan; Sebastian Bittrich; Shamara Whetstone; Shuchismita Dutta; Sutapa Ghosh; Vladimir Guranović; Yana Rose; Yu‐He Liang; Zukang Feng,"QB3; Rochester Institute of Technology; Rutgers Cancer Institute; Rutgers, The State University of New Jersey; San Diego Supercomputer Center; Scripps Research Institute; University of California San Diego; University of California, San Francisco",US
https://openalex.org/W4221106857,Legal and Ethical Consideration in Artificial Intelligence in Healthcare: Who Takes Responsibility?,2022,review,848,38,Artificial Intelligence in Healthcare and Education; Ethics and Social Impacts of AI; Ethics in Clinical Research,Frontiers in Surgery,B. M. Zeeshan Hameed; Bhaskar Somani; Bhavan Prasad; Dasharathraj K Shetty; Dishant Swain; Kaivalya Aggarwal; Komal Smriti; Milap Shah; Nithesh Naik; P. Chłosta; Rahul Paul; Sufyan Ibrahim; Suyog Shetty; Vathsala Patil,"Father Muller Medical College Hospital; Freeman Hospital; Harvard University; Jagiellonian University; Kasturba Medical College, Manipal; Manipal Academy of Higher Education; Massachusetts General Hospital; Max Healthcare; National Health Service; University Hospital Southampton NHS Foundation Trust",GB; IN; PL; US
https://openalex.org/W4224990248,Artificial Intelligence and Jobs: Evidence from Online Vacancies,2022,article,841,29,"Firm Innovation and Growth; Labor market dynamics and wage inequality; Retirement, Disability, and Employment",Journal of Labor Economics,Daron Acemoğlu; David Autor; Jonathon Hazell; Pascual Restrepo,Boston University; London School of Economics and Political Science; Massachusetts Institute of Technology; Moscow Institute of Thermal Technology; National Bureau of Economic Research,GB; RU; US
https://openalex.org/W4294647307,Artificial intelligence (AI) applications for marketing: A literature-based study,2022,article,835,261,AI in Service Interactions; Blockchain Technology Applications and Security; Organizational and Employee Performance,International Journal of Intelligent Networks,Abid Haleem; Mohammad Asim Qadri; Mohd Javaid; Rajiv Suman; Ravi Pratap Singh,Dr. B. R. Ambedkar National Institute of Technology Jalandhar; Galgotias University; Govind Ballabh Pant University of Agriculture and Technology; Jamia Millia Islamia,IN
https://openalex.org/W4225597912,On evaluation metrics for medical applications of artificial intelligence,2022,article,817,23,Artificial Intelligence in Healthcare and Education; COVID-19 diagnosis using AI; Machine Learning in Healthcare,Scientific Reports,Inga Strümke; Malek Hammou; Michael A. Riegler; Pål Halvorsen; Sravanthi Parasa; Steven A. Hicks; Vajira Thambawita,OsloMet – Oslo Metropolitan University; Simula Metropolitan Center for Digital Engineering; Swedish Medical Center,NO; US
https://openalex.org/W4293229829,Unlocking the value of artificial intelligence in human resource management through AI capability framework,2022,article,776,156,AI and HR Technologies; Artificial Intelligence in Healthcare and Education; Big Data and Business Intelligence,Human Resource Management Review,Amélie Abadie; Linh Truong; Oscar Rodríguez-Espíndola; Prasanta Kumar Dey; Sian Joel-Edgar; Soumyadeb Chowdhury; Sudeshna Bhattacharya,Aston University; Northeastern University London; TBS Education,FR; GB
https://openalex.org/W4210725851,"From Artificial Intelligence to Explainable Artificial Intelligence in Industry 4.0: A Survey on What, How, and Where",2022,article,765,94,Big Data and Business Intelligence; Digital Transformation in Industry; Industrial Vision Systems and Defect Detection,IEEE Transactions on Industrial Informatics,Francesco Piccialli; Gwanggil Jeon; Imran Ahmed,Incheon National University; Institute of Management Sciences Peshawar; University of Naples Federico II,IT; KR; PK
https://openalex.org/W4229056760,The Promises and Challenges of Artificial Intelligence for Teachers: a Systematic Review of Research,2022,review,762,86,Explainable Artificial Intelligence (XAI); Intelligent Tutoring Systems and Adaptive Learning; Online Learning and Analytics,TechTrends,Hanni Muukkonen; Muhterem Dindar; Sanna Järvelä; İsmail Çelik,University of Oulu,FI
https://openalex.org/W4307486628,Understanding the potential applications of Artificial Intelligence in Agriculture Sector,2022,article,749,272,Remote Sensing in Agriculture; Smart Agriculture and AI,Advanced Agrochem,Abid Haleem; Ibrahim Haleem Khan; Mohd Javaid; Rajiv Suman,Govind Ballabh Pant University of Agriculture and Technology; Jamia Millia Islamia; Northeastern University,IN; US
https://openalex.org/W4281690062,Towards leveraging the role of machine learning and artificial intelligence in precision agriculture and smart farming,2022,article,719,303,Remote Sensing in Agriculture; Smart Agriculture and AI,Computers and Electronics in Agriculture,Faisal Rasheed Lone; Tabasum Rasool; Tawseef Ayoub Shaikh,Dr. B. R. Ambedkar National Institute of Technology Jalandhar; Indian Institute of Science Bangalore; Pandit Deendayal Petroleum University,IN
https://openalex.org/W4293731327,Towards Intelligent-TPACK: An empirical study on teachers’ professional knowledge to ethically integrate artificial intelligence (AI)-based tools into education,2022,article,719,122,Ethics and Social Impacts of AI; Explainable Artificial Intelligence (XAI); Online Learning and Analytics,Computers in Human Behavior,İsmail Çelik,University of Oulu,FI
https://openalex.org/W4281791809,"Definition, roles, and potential research issues of the metaverse in education: An artificial intelligence perspective",2022,article,712,37,Education and Learning Interventions; Online Learning and Analytics; Virtual Reality Applications and Impacts,Computers and Education Artificial Intelligence,Gwo‐Jen Hwang; Shu‐Yun Chien,National Taiwan University of Science and Technology,TW
https://openalex.org/W4214643205,Artificial intelligence in online higher education: A systematic review of empirical research from 2011 to 2020,2022,review,683,87,Artificial Intelligence in Healthcare and Education; E-Learning and Knowledge Management; Online Learning and Analytics,Education and Information Technologies,Fan Ouyang; Luyi Zheng; Pengcheng Jiao,Zhejiang Ocean University; Zhejiang University,CN
https://openalex.org/W4280549083,Measuring user competence in using artificial intelligence: validity and reliability of artificial intelligence literacy scale,2022,article,673,69,AI in Service Interactions; Ethics and Social Impacts of AI,Behaviour and Information Technology,Bingcheng Wang; Pei‐Luen Patrick Rau; Tianyi Yuan,Tsinghua University,CN
https://openalex.org/W4297399257,Application of explainable artificial intelligence for healthcare: A systematic review of the last decade (2011–2022),2022,review,668,164,Artificial Intelligence in Healthcare and Education; Explainable Artificial Intelligence (XAI); Machine Learning in Healthcare,Computer Methods and Programs in Biomedicine,Chui Ping Ooi; Filippo Molinari; Hui Wen Loh; Prabal Datta Barua; Silvia Seoni; U. Rajendra Acharya,Asia University; Kumamoto University; Ngee Ann Polytechnic; Polytechnic University of Turin; Singapore University of Social Sciences; University of Southern Queensland; University of Technology Sydney,AU; IT; JP; SG; TW
https://openalex.org/W4312092243,Frontiers in Artificial Intelligence and Applications,2022,article,661,35,Anomaly Detection Techniques and Applications; Explainable Artificial Intelligence (XAI); Machine Learning in Healthcare,,Jaya Yadav; Kanika Sharma; Nupur Soni; Prabhash Chandra Pathak; Shruti Agarwal; Shruti Shukla,Babasaheb Bhimrao Ambedkar University; Babu Banarasi Das University; Mangalmay Institute of Management and Technology; National Institute of Technology Karnataka; Thapar Institute of Engineering & Technology,IN
https://openalex.org/W4304014045,Artificial intelligence for multimodal data integration in oncology,2022,review,653,181,AI in cancer detection; Artificial Intelligence in Healthcare and Education; Radiomics and Machine Learning in Medical Imaging,Cancer Cell,Anurag Vaidya; Bowen Chen; Chengkuan Chen; Daniel Shao; Drew F. K. Williamson; Faisal Mahmood; Jana Lipková; Luoting Zhuang; Matteo Barbieri; Ming Y. Lu; Muhammad Shaban; Richard J. Chen; Tiffany Chen,Brigham and Women's Hospital; Broad Institute; Dana-Farber Cancer Institute; Dana-Farber/Harvard Cancer Center; Harvard Stem Cell Institute; Harvard University; Harvard University Press; Harvard–MIT Division of Health Sciences and Technology; Massachusetts General Hospital; Massachusetts Institute of Technology,US
https://openalex.org/W4309484364,Artificial intelligence for the metaverse: A survey,2022,article,651,179,Advanced Neural Network Applications; Image and Video Quality Assessment; Virtual Reality Applications and Impacts,Engineering Applications of Artificial Intelligence,Dong‐Seong Kim; Quoc‐Viet Pham; Thanh Thi Nguyen; Thien Huynh‐The; Xuan‐Qui Pham; Zhu Han,Deakin University; Ho Chi Minh City University of Technology and Engineering; Kumoh National Institute of Technology; Pusan National University; University of Houston,AU; KR; US; VN
https://openalex.org/W4280651558,Explainable Artificial Intelligence in education,2022,article,636,183,Artificial Intelligence in Healthcare and Education; Explainable Artificial Intelligence (XAI); Online Learning and Analytics,Computers and Education Artificial Intelligence,Cristina Conati; Dragan Gašević; Guanliang Chen; Hassan Khosravi; Judy Kay; Roberto Martínez‐Maldonado; Shazia Sadiq; Simon Buckingham Shum; Simon Knight; Yi‐Shan Tsai,Monash University; The University of Queensland; The University of Sydney; University of Technology Sydney,AU
https://openalex.org/W4205561327,Trustworthy Artificial Intelligence: A Review,2022,review,618,175,Artificial Intelligence in Healthcare and Education; Blockchain Technology Applications and Security; Ethics and Social Impacts of AI,ACM Computing Surveys,Arjan Durresi; Davinder Kaur; Kaley J. Rittichier; Süleyman Uslu,Indiana University – Purdue University Indianapolis; University of Indianapolis,US
https://openalex.org/W4224912036,"Personalized education and Artificial Intelligence in the United States, China, and India: A systematic review using a Human-In-The-Loop model",2022,review,586,41,Engineering Education and Technology; Intelligent Tutoring Systems and Adaptive Learning; Online Learning and Analytics,Computers and Education Artificial Intelligence,Aditi Bhutoria,Indian Institute of Management Calcutta; NIHR MindTech MedTech Co-operative,GB; IN
https://openalex.org/W4221106847,Artificial intelligence – challenges and opportunities for international HRM: a review and research agenda,2022,review,583,74,AI in Service Interactions; Digital Economy and Work Transformation; Employer Branding and e-HRM,The International Journal of Human Resource Management,Ashish Malik; M. T. Thedushika De Silva; Pawan Budhwar; Praveena Thevisuthan,Aston University; Central Queensland University; Hunter Water; Newcastle University; University of Newcastle Australia,AU; GB
https://openalex.org/W4294351233,"Atlas of AI: Power, Politics, and the Planetary Costs of Artificial Intelligence",2022,article,580,0,Ethics and Social Impacts of AI,Perspectives on Science and Christian Faith,Kate Crawford,,
https://openalex.org/W4287834747,Artificial Intelligence (AI) and Internet of Medical Things (IoMT) Assisted Biomedical Systems for Intelligent Healthcare,2022,review,577,133,Artificial Intelligence in Healthcare and Education; Brain Tumor Detection and Classification; COVID-19 diagnosis using AI,Biosensors,Ajeet Kaushik; Pandiaraj Manickam; Ravikumar B. Shinde; S. P. Thipperudraswamy; Shekhar Hansda; Sindhu Monica Murugesan; Siva Ananth Mariappan,Academy of Scientific and Innovative Research; Central Electrochemical Research Institute; Florida Polytechnic University; University of Petroleum and Energy Studies,IN; US
https://openalex.org/W4225630686,Artificial Intelligence for Remote Sensing Data Analysis: A review of challenges and opportunities,2022,review,552,292,Automated Road and Building Extraction; Remote Sensing in Agriculture; Remote-Sensing Image Classification,IEEE Geoscience and Remote Sensing Magazine,Lefei Zhang; Liangpei Zhang,Hong Kong Polytechnic University; State Key Laboratory of Information Engineering in Surveying Mapping and Remote Sensing; University College London; Wuhan University,CN; GB; HK
https://openalex.org/W4311843323,"The Roles of Personality Traits, AI Anxiety, and Demographic Factors in Attitudes toward Artificial Intelligence",2022,article,548,125,"Bullying, Victimization, and Aggression; Personality Traits and Psychology; Social and Intergroup Psychology",International Journal of Human-Computer Interaction,Astrid Schepman; Fatih Aydın; Feridun Kaya; Meva Demir Kaya; Okan Yeti̇şensoy; Paul Rodway,Atatürk University; Bayburt University; Sivas Cumhuriyet Üniversitesi; University of Chester,GB; TR
https://openalex.org/W4312090823,Artificial Intelligence in Education: AIEd for Personalised Learning Pathways,2022,article,537,53,Artificial Intelligence in Education; Educational Innovations and Challenges; Engineering Education and Technology,The Electronic Journal of e-Learning,Nadezhda Zhiyenbayeva; Olga Tapalova,Abai Kazakh National Pedagogical University,KZ
https://openalex.org/W4312083290,Open artificial intelligence platforms in nursing education: Tools for academic progress or abuse?,2022,editorial,532,2,Academic integrity and plagiarism; Artificial Intelligence in Healthcare and Education,Nurse Education in Practice,ChatGPT ChatGPT; Siobhán O’Connor,OpenAI (United States); University of Manchester,GB; US
https://openalex.org/W4310249545,"Effects of artificial Intelligence–Enabled personalized recommendations on learners’ learning engagement, motivation, and outcomes in a flipped classroom",2022,article,518,52,Educational Games and Gamification; Innovative Teaching Methods; Online Learning and Analytics,Computers & Education,Anna Y.Q. Huang; Owen H.T. Lu; Stephen J.H. Yang,National Central University; National Chengchi University,TW
https://openalex.org/W4220863497,Quo vadis artificial intelligence?,2022,article,501,136,Adversarial Robustness in Machine Learning; Anomaly Detection Techniques and Applications; COVID-19 diagnosis using AI,Discover Artificial Intelligence,Hao Luo; Okyay Kaynak; Shen Yin; Xiang Li; Yuchen Jiang,Boğaziçi University; Harbin Institute of Technology; Norwegian University of Science and Technology,CN; NO; TR
https://openalex.org/W4313479509,"Artificial intelligence for industry 4.0: Systematic review of applications, challenges, and opportunities",2022,article,497,140,Digital Transformation in Industry; Industrial Vision Systems and Defect Detection; IoT and Edge/Fog Computing,Expert Systems with Applications,Ana Kuusk; Farhad Ahamed; Georg Großmann; Markus Stumptner; Niki Patel; Wolfgang Mayer; Zohaib Jan,University of South Australia,AU
https://openalex.org/W4310021468,Accounting and auditing with blockchain technology and artificial Intelligence: A literature review,2022,review,497,110,"Blockchain Technology Applications and Security; FinTech, Crowdfunding, Digital Finance; Supply Chain and Inventory Management",International Journal of Accounting Information Systems,Chima Mordi; David Botchie; Hongdan Han; Radha K. Shiwakoti; Robin Jarvis,Brunel University of London,GB
https://openalex.org/W4291972732,Edge Computing with Artificial Intelligence: A Machine Learning Perspective,2022,review,495,153,Air Quality Monitoring and Forecasting; Blockchain Technology Applications and Security; IoT and Edge/Fog Computing,ACM Computing Surveys,Haochen Hua; Junwei Cao; Nanqing Dong; Tonghe Wang; Wei Li; Yutong Li,Guangzhou Institute of Energy Conversion; Hohai University; The University of Sydney; Tsinghua University; University of Oxford,AU; CN; GB
https://openalex.org/W4221045317,Towards a standard for identifying and managing bias in artificial intelligence,2022,report,488,250,Artificial Intelligence in Healthcare and Education; Ethics and Social Impacts of AI; Explainable Artificial Intelligence (XAI),,Andrew Burt; Apostol Vassilev; Kristen Greene; Lori Perine; Patrick Hall; Reva Schwartz,Information Technology Laboratory; National Institute of Standards; National Institute of Standards and Technology,EG; US
https://openalex.org/W4295127154,"Artificial intelligence in innovation research: A systematic review, conceptual framework, and future research directions",2022,article,487,159,Big Data and Business Intelligence; Innovation Diffusion and Forecasting; Innovation and Knowledge Management,Technovation,Isa Machado; Marcello M. Mariani; Vittoria Magrelli; Yogesh K. Dwivedi,Free University of Bozen-Bolzano; Swansea University; Symbiosis International University; University of Bologna; University of Reading,GB; IN; IT
https://openalex.org/W4297093142,Artificial intelligence literacy in higher and adult education: A scoping literature review,2022,article,481,71,Artificial Intelligence in Healthcare and Education; Ethics and Social Impacts of AI; Online Learning and Analytics,Computers and Education Artificial Intelligence,Alexandra Aster; Jana Schirch; Matthias Carl Laupichler; Tobias Raupach,University Hospital Bonn,DE
https://openalex.org/W4210271404,Artificial intelligence and the changing sources of competitive advantage,2022,article,473,88,Business Strategy and Innovation; Economic and Technological Innovation; Innovation and Knowledge Management,Strategic Management Journal,Johannes Luger; Sebastian Krakowski; Sebastian Raisch,Copenhagen Business School; Stockholm School of Economics; University of Geneva,CH; DK; SE
https://openalex.org/W4205900565,Artificial intelligence for diagnosis and Gleason grading of prostate cancer: the PANDA challenge,2022,article,469,38,AI in cancer detection; Artificial Intelligence in Healthcare and Education; Prostate Cancer Diagnosis and Treatment,Nature Medicine,Américo Brilhante; Andrew J. Evans; Antti Karlsson; Arnaud Roussel; Aslı Çakır; Brett Delahunt; Byeonguk Bae; Chia-Lun Hsieh; Christina Hulsbergen-van de Kaa; Corey Arnold; Craig H. Mermel; David F. Steiner; Dmitry Grechka; Dmitry Voynov; Elizabeth Lapo; Emíio M. Pereira; Ewout Schaafsma; Fraser Tan; Geert Litjens; Greg S. Corrado; Guilherme Pereira; Günter Saile; Habib S. T. Bukhar; Hans Pinckaers; Hemamali Samaratunga; Henrik Grönberg; Hester van Boven; Hiroshi Yoshihara; Hong-Seok Lee; Igor Zubarev; Jeonghyuk Park; Jeroen van der Laak; Jianyi Ji; Jiayun Li; Joni Juvonen; Jorge Billoch-Lima; Joëlle Tschui; Kairong Zhou; Katerina Geronatsiou; Kentaro Yoshioka; Kimmo Kartasalo; Kosaku Ono; Kunal Nagpal; Kyungdoc Kim; Lars Egevad; Lily Peng; Maggie Demkin; Mahul B. Amin; Manuel Campos; Martin Eklund; Masi Valkonen; Maxim V. Shugaev; Mikko Tukiainen; Ming Zhou; Nina Weng; Noriaki Ota; Paromita Roy; Paulo G. O. Salles; Pekka Ruusuvuori; Peter A. Humphrey; Peter Ström; Po-Hsuan Cameron Chen; Qing Sun; Raphael Kiminya; Robert Allan; Robert Vink; Rui Guo; Sejun Song; Shinsuke Yamaoka; Shujun He; Sohier Dane; Taiki Yamaguchi; Tao Shen; Theodorus van der Kwast; Tianrui Chai; Tomi Häkkinen; Toyonori Tsuzuki; Valery Malyshev; Vassili Kovalev; Vincent Molinié; Wenyuan Li; William Speier; Wouter Bulten; Xavier Farré; Yeong Won Kim; Yuannan Cai; Yusuke Fujimoto,"Aichi Medical University; Beihang University; Centro Universitário de João Pessoa; Computational Diagnostics (United States); Google (United States); Groupe Hospitalier de la Région de Mulhouse et Sud Alsace; Instituto de Ensino e Pesquisa Santa Casa; Instituto do Sono; Janelia Research Campus; Karolinska Institutet; Kyoto University; Linköping University; North Florida/South Georgia Veterans Health System; Numerica Corporation (United States); Preferred Networks (Japan); Radboud Institute for Molecular Life Sciences; Radboud University Medical Center; Radboud University Nijmegen; Research Organization for Information Science and Technology; Saint Göran Hospital; Southeast University; Tampere University; Tampere University of Applied Sciences; Tata Medical Center; Technical University of Denmark; Texas A&M University; Thales (Netherlands); The Netherlands Cancer Institute; The University of Queensland; Toshiba (Japan); Tufts Medical Center; Turku University Hospital; United Institute of Informatics Problems; University Health Network; University of California, Los Angeles; University of Florida; University of Michigan; University of Otago; University of Tennessee Health Science Center; University of Toronto; University of Turku; University of Virginia; Yale University; Zentrum für Pathologie und Zytodiagnostik",AU; BR; BY; CA; CN; DE; DK; FI; FR; IN; JP; NL; NZ; SE; US
https://openalex.org/W4220926968,Artificial intelligence and knowledge management: A partnership between human and AI,2022,article,466,42,AI in Service Interactions; Big Data and Business Intelligence; Organizational and Employee Performance,Business Horizons,Ali Eshraghi; David Askay; Mohammad Hossein Jarrahi; Preston G. Smith,University of Sydney,AU
https://openalex.org/W4223898970,How Artificial Intelligence Technology Affects Productivity and Employment: Firm-level Evidence from Taiwan,2022,article,456,57,"Energy, Environment, Economic Growth; Firm Innovation and Growth; Innovation Policy and R&D",Research Policy,Chih‐Hai Yang,National Central University,TW
https://openalex.org/W4220839569,Sources of bias in artificial intelligence that perpetuate healthcare disparities—A global review,2022,article,451,55,"Artificial Intelligence in Healthcare and Education; Healthcare cost, quality, practices; Radiomics and Machine Learning in Medical Imaging",PLOS Digital Health,Edward Christopher Dee; Franck Dernoncourt; Jacqueline Cellini; Joel Park; Joseph Alexander Paguio; Judy Gichoya Wawira; Julia Situ; Julian Schirmer; Lama Moukheiber; Leo Anthony Celi; Marie‐Laure Charpignon; René Eber; Seth Yao; William Mitchell; for MIT Critical Data,Adobe Systems (United States); Beth Israel Deaconess Medical Center; Einstein Medical Center Philadelphia; Emory University; Harvard University; Massachusetts General Hospital; Massachusetts Institute of Technology; Montpellier Business School; Université de Montpellier,FR; US
https://openalex.org/W4220673574,Artificial intelligence and knowledge sharing: Contributing factors to organizational performance,2022,article,446,110,Collaboration in agile enterprises; Digital Transformation in Industry; Supply Chain Resilience and Risk Management,Journal of Business Research,Emmanuel Ogiemwonyi Arakpogun; Femi Olan; Franklin Nakpodia; Jana Suklan; Nadja Damij; Uchitha Jayawickrama,Durham University; Loughborough University; Newcastle University,GB
https://openalex.org/W4224214472,"Nanocarrier Drug Delivery Systems: Characterization, Limitations, Future Perspectives and Implementation of Artificial Intelligence",2022,review,442,204,Gold and Silver Nanoparticles Synthesis and Applications; Graphene and Nanomaterials Applications; Nanoparticle-Based Drug Delivery,Pharmaceutics,Abeer Ahmed Kassem; Gihan S. Labib; Ragwa M. Farid; Samar Zuhair Alshawwa; Shaimaa K. Mostafa,Delta University for Science and Technology; Pharos University in Alexandria; Princess Nourah bint Abdulrahman University,EG; SA
https://openalex.org/W4281786142,Aligning artificial intelligence with climate change mitigation,2022,article,424,72,"Energy, Environment, and Transportation Policies; Environmental Impact and Sustainability; Green IT and Sustainability",Nature Climate Change,David Rolnick; Emma Strubell; Felix Creutzig; George Kamiya; Lynn H. Kaack; Priya L. Donti,Agence internationale de l'énergie; Carnegie Mellon University; ETH Zurich; Hertie School; McGill University; Mercator Research Institute on Global Commons and Climate Change; Mila - Quebec Artificial Intelligence Institute,CA; CH; DE; FR; US
https://openalex.org/W4281572064,"Explainable Artificial Intelligence (XAI) techniques for energy and power systems: Review, challenges and opportunities",2022,article,423,80,Electric Power System Optimization; Energy Load and Power Forecasting; Explainable Artificial Intelligence (XAI),Energy and AI,Juri Belikov; Kfir Y. Levy; Leena Heistrene; M. Perl; Ram Machlev; Shie Mannor; Yoash Levron,Pandit Deendayal Energy University; Tallinn University of Technology; Technion – Israel Institute of Technology,EE; IL; IN
https://openalex.org/W4229447215,Artificial intelligence in cancer target identification and drug discovery,2022,review,409,277,"Bioinformatics and Genomic Networks; Computational Drug Discovery Methods; Genetics, Bioinformatics, and Biomedical Research",Signal Transduction and Targeted Therapy,Huiru Zheng; Julio Vera; Le Zhang; Senyi Deng; Suran Liu; Xin Lai; Yi Pan; Yujie You,Chinese Academy of Sciences; Friedrich-Alexander-Universität Erlangen-Nürnberg; Shenzhen University; Sichuan University; University Town of Shenzhen; University of Chinese Academy of Sciences; University of Ulster; Universitätsklinikum Erlangen; West China Hospital of Sichuan University; Zhejiang University,CN; DE; GB
https://openalex.org/W4224037372,Artificial intelligence and machine learning in finance: A bibliometric review,2022,review,406,88,Financial Distress and Bankruptcy Prediction; Financial Markets and Investment Strategies; Stock Market Forecasting Methods,Research in International Business and Finance,Anis El Ammari; Helmi Hammami; Muneer M. Alshater; Shamima Ahmed,Liwa College; Philadelphia University; University of Monastir; École Supérieure de Commerce de Rennes,FR; JO; TN
https://openalex.org/W4296693015,Artificial intelligence in histopathology: enhancing cancer research and clinical oncology,2022,review,405,162,AI in cancer detection; Colorectal Cancer Screening and Detection; Radiomics and Machine Learning in Medical Imaging,Nature Cancer,Artem Shmatko; Jakob Nikolas Kather; Moritz Gerstung; Narmin Ghaffari Laleh,Bioinformatics Institute; European Bioinformatics Institute; German Cancer Research Center; Heidelberg University; National Center for Tumor Diseases; RWTH Aachen University; St James's University Hospital; Technische Universität Dresden; University Hospital Carl Gustav Carus; University Hospital Heidelberg; University of Leeds,DE; GB; RU
https://openalex.org/W4281249640,Artificial intelligence and industrial innovation: Evidence from German firm-level data,2022,article,401,62,Big Data and Business Intelligence; Innovation Diffusion and Forecasting; Innovation Policy and R&D,Research Policy,Christian Rammer; Dirk Czarnitzki; Gastón P. Fernández,Centre for European Economic Research; Conseil Européen de l'Industrie des Peintures des Encres d'Imprimerie et des Couleurs d'Art; KU Leuven,BE; DE
https://openalex.org/W4282935413,RETRACTED ARTICLE: Artificial intelligence and machine learning in precision and genomic medicine,2022,review,397,222,"Artificial Intelligence in Healthcare and Education; Cancer Genomics and Diagnostics; Genetics, Bioinformatics, and Biomedical Research",Medical Oncology,Sameer Quazi,Anglia Ruskin University; Emergent BioSolutions (Canada),CA; GB
https://openalex.org/W4288391568,An Overview of Artificial Intelligence Ethics,2022,article,395,135,Adversarial Robustness in Machine Learning; Artificial Intelligence in Healthcare and Education; Ethics and Social Impacts of AI,IEEE Transactions on Artificial Intelligence,Bifei Mao; Changwu Huang; Xin Yao; Zeqi Zhang,Huawei Technologies (China); Southern University of Science and Technology; University of Birmingham,CN; GB
https://openalex.org/W4300982014,"Methods and applications for Artificial Intelligence, Big Data, Internet of Things, and Blockchain in smart energy management",2022,article,383,98,Energy Load and Power Forecasting; Smart Grid Energy Management; Smart Grid Security and Resilience,Energy and AI,Jatin Nathwani; Joey H. Li; John Z. Wen; Münür Sacit Herdem,Adıyaman University; University of Waterloo,CA; TR
https://openalex.org/W4225000412,"Accelerating materials discovery using artificial intelligence, high performance computing and robotics",2022,article,374,81,Electronic and Structural Properties of Oxides; Innovative Microfluidic and Catalytic Techniques Innovation; Machine Learning in Materials Science,npj Computational Materials,Alessandro Curioni; Daniel P. Sanders; Edward O. Pyzer‐Knapp; James Sexton; Jed W. Pitera; John R. Smith; Peter Staar; Seiji Takeda; Teodoro Laino,IBM Research - Almaden; IBM Research - Thomas J. Watson Research Center; IBM Research - Tokyo; IBM Research - Zurich; Sci-Tech Daresbury,CH; GB; JP; US
https://openalex.org/W4313346475,Artificial intelligence-based multi-omics analysis fuels cancer precision medicine,2022,review,371,228,Bioinformatics and Genomic Networks; Cancer Genomics and Diagnostics; Gene expression and cancer classification,Seminars in Cancer Biology,Fengli Zuo; Hubing Shi; Jing Jing; Xiaowei Liu; Xiujing He,Sichuan University,CN
https://openalex.org/W4228997948,Artificial Intelligence for Assessment and Feedback to Enhance Student Success in Higher Education,2022,article,370,130,Educational Technology and Assessment; Online Learning and Analytics; Student Assessment and Feedback,Mathematical Problems in Engineering,Ali Rizwan; Chhavi Rana; Md Shamim Hossain; Monika Hooda; Omdev Dahiya,Hajee Mohammad Danesh Science and Technology University; King Abdulaziz University; Lovely Professional University; Maharshi Dayanand University,BD; IN; SA
https://openalex.org/W4295854586,Explainable Artificial Intelligence Applications in Cyber Security: State-of-the-Art in Research,2022,article,366,299,Adversarial Robustness in Machine Learning; Anomaly Detection Techniques and Applications; Network Security and Intrusion Detection,IEEE Access,Chan Yeob Yeun; Ernesto Damiani; Fatma Taher; Hussam Al Hamadi; Zhibo Zhang,Khalifa University of Science and Technology; Zayed University,AE
https://openalex.org/W4300862723,Obtaining genetics insights from deep learning via explainable artificial intelligence,2022,review,366,100,Bioinformatics and Genomic Networks; Explainable Artificial Intelligence (XAI); Gene expression and cancer classification,Nature Reviews Genetics,Gherman Novakovsky; Maxwell W. Libbrecht; Nick Dexter; Sara Mostafavi; Wyeth W. Wasserman,BC Children's Hospital; Canadian Institute for Advanced Research; Simon Fraser University; University of British Columbia; University of Washington,CA; US
https://openalex.org/W4284898480,Is artificial intelligence improving the audit process?,2022,article,361,55,"Auditing, Earnings Management, Governance; Corporate Finance and Governance; Financial Markets and Investment Strategies",Review of Accounting Studies,Anastassia Fedyk; James Hodson; Natalya V. Khimich; Tatiana Fedyk,"Drexel University; University of California, Berkeley; University of San Francisco",US
https://openalex.org/W4220889533,Exploring artificial intelligence adoption in public organizations: a comparative case study,2022,article,359,105,Big Data and Business Intelligence; E-Government and Public Services; Ethics and Social Impacts of AI,Public Management Review,Katharina Guirguis; Oliver Neumann; Reto Steiner,University of Lausanne; ZHAW Zurich University of Applied Sciences,CH
https://openalex.org/W4307127952,Discourses of artificial intelligence in higher education: a critical literature review,2022,article,358,51,Artificial Intelligence in Healthcare and Education; Ethics and Social Impacts of AI; Online Learning and Analytics,Higher Education,Juliana Ryan; Margaret Bearman; Rola Ajjawi,Deakin University; La Trobe University,AU
https://openalex.org/W4312588618,Distributed Artificial Intelligence Empowered by End-Edge-Cloud Computing: A Survey,2022,article,357,342,Advanced Neural Network Applications; Adversarial Robustness in Machine Learning; Privacy-Preserving Technologies in Data,IEEE Communications Surveys & Tutorials,Dan Wang; Feng Lyu; Huaqing Wu; Ju Ren; Sijing Duan; Xuemin Shen; Ye Zhang,Beijing Information Science & Technology University; Central South University; Tsinghua University; University of Calgary; University of Waterloo,CA; CN
https://openalex.org/W4311273571,Artificial intelligence and machine learning in energy systems: A bibliographic perspective,2022,article,353,110,Energy Load and Power Forecasting; Integrated Energy Systems Optimization; Market Dynamics and Volatility,Energy Strategy Reviews,Alireza Aslani; Ashkan Entezari; Rahim Zahedi; Younes Noorollahi,University of Tehran,IR
https://openalex.org/W4206348828,Applications of Explainable Artificial Intelligence in Diagnosis and Surgery,2022,review,344,58,Artificial Intelligence in Healthcare and Education; Explainable Artificial Intelligence (XAI); Radiomics and Machine Learning in Medical Imaging,Diagnostics,Jonathan N. Lund; Yiming Zhang; Ying Weng,University of Nottingham; University of Nottingham Ningbo China,CN; GB
https://openalex.org/W4304185479,On scientific understanding with artificial intelligence,2022,review,340,121,Cell Image Analysis Techniques; Explainable Artificial Intelligence (XAI); Scientific Computing and Data Management,Nature Reviews Physics,Adrián Jinich; AkshatKumar Nigam; Alba Cervera-Lierta; Alán Aspuru‐Guzik; Florian Häse; Gabriel dos Passos Gomes; Mario Krenn; Matteo Aldeghi; Pascal Friederich; Robert Pollice; Si Yue Guo; Zhenpeng Yao,Canadian Institute for Advanced Research; Cornell University; Harvard University; Karlsruhe Institute of Technology; Max Planck Institute for the Science of Light; Shanghai Jiao Tong University; University of Toronto; Vector Institute,CA; CN; DE; US
https://openalex.org/W4280535237,Artificial intelligence for the prevention and clinical management of hepatocellular carcinoma,2022,review,335,87,Hepatocellular Carcinoma Treatment and Prognosis; Radiomics and Machine Learning in Medical Imaging; Renal cell carcinoma treatment,Journal of Hepatology,Julien Caldéraro; Tobias Paul Seraphin; Tom Luedde; Tracey G. Simon,Assistance Publique – Hôpitaux de Paris; Düsseldorf University Hospital; Harvard University; Heinrich Heine University Düsseldorf; Hôpitaux Universitaires Henri-Mondor; Inserm; Institut Mondor de Recherche Biomédicale; Massachusetts General Hospital; Université Paris-Est Créteil,DE; FR; US
https://openalex.org/W4295413191,Teachers’ readiness and intention to teach artificial intelligence in schools,2022,article,333,87,AI in Service Interactions; Online Learning and Analytics; Technology-Enhanced Education Studies,Computers and Education Artificial Intelligence,Ismaila Temitayo Sanusi; Kehinde Aruleba; Musa Adekunle Ayanwale; Owolabi Paul Adelana; Solomon Sunday Oyelere,Luleå University of Technology; University of Eastern Finland; University of Ibadan; University of Johannesburg; University of Leicester,FI; GB; NG; SE; ZA
https://openalex.org/W4220923293,Artificial intelligence in E-Commerce: a bibliometric study and literature review,2022,article,330,405,Big Data and Business Intelligence; Digital Marketing and Social Media; Technology Adoption and User Behaviour,Electronic Markets,Kévin Carillo; Ransome Epie Bawack; Samuel Fosso Wamba; Shahriar Akter,Centre Européen de Recherche en Economie Financière et Gestion des Entreprises; ICN Business School; TBS Education; University of Wollongong,AU; FR
https://openalex.org/W4220909006,Application of artificial intelligence in geotechnical engineering: A state-of-the-art review,2022,review,330,539,Geotechnical Engineering and Analysis; Landslides and related hazards; Tunneling and Rock Mechanics,Earth-Science Reviews,Abolfazl Baghbani; Johannes Reiner; Susanga Costa; Tanveer Choudhury,Deakin University; Federation University,AU
https://openalex.org/W4229336790,Adoption of artificial intelligence in smart cities: A comprehensive review,2022,review,326,209,Human Mobility and Location-Based Analysis; Smart Cities and Technologies; Traffic Prediction and Management Techniques,International Journal of Information Management Data Insights,H.M.K.K.M.B. Herath; Mamta Mittal,Delhi Skill and Entrepreneurship University; Directorate General of Training; Sri Lanka Institute of Information Technology; Sri Lanka Technological Campus,IN; LK
https://openalex.org/W4220980752,The Role of Artificial Intelligence in Early Cancer Diagnosis,2022,review,322,160,AI in cancer detection; COVID-19 diagnosis using AI; Radiomics and Machine Learning in Medical Imaging,Cancers,Benjamin Hunter; Richard W. Lee; Sumeet Hindocha,Imperial College London; Royal Marsden NHS Foundation Trust,GB
https://openalex.org/W4297325261,Generative Artificial Intelligence: Trends and Prospects,2022,article,321,25,Cell Image Analysis Techniques; Explainable Artificial Intelligence (XAI); Generative Adversarial Networks and Image Synthesis,Computer,Mark Campbell; Mladjan Jovanovic,Evotec (United States); Singidunum University,RS; US
https://openalex.org/W4312000342,Economics of Artificial Intelligence in Healthcare: Diagnosis vs. Treatment,2022,article,321,220,Artificial Intelligence in Healthcare; Artificial Intelligence in Healthcare and Education; COVID-19 diagnosis using AI,Healthcare,Aditya Sharma; Aman Sharma; Amer M. Johri; Athanase D. Protogerou; Azra Alizad; David Sobel; George D. Kitas; George Tsoulfas; Inder M. Singh; Jagjit S. Teji; Jasjit S. Suri; John R. Laird; José Fernandes e Fernandes; Kiera Liblik; Klaudija Višković; Lopamudra Mohanty; Luca Saba; Mahesh Maindarkar; Mannudeep K. Kalra; Martin Miner; Monika Turk; Mostafa Fatemi; Mostafa M. Fouda; Mrinalini Bhagawati; Mustafa Al-Maini; Narendra N. Khanna; Puneet Ahluwalia; Raghu Kolluri; Seemant Chaturvedi; Subbaram Naidu; Sudip Paul; Vijay Rathore; Vijay Viswanathan; Vikas Agarwal; Zoltán Ruzsa,"ABES Engineering College; Aristotle University of Thessaloniki; Arthritis UK; Azienda Ospedaliero-Universitaria Cagliari; Dudley Group NHS Foundation Trust; Harvard University; Idaho State University; Institute for Advanced Study; Lurie Children's Hospital; M.V. Hospital for Diabetes and Diabetes Research Centre; Max Super Speciality Hospital; Mayo Clinic; Miriam Hospital; National and Kapodistrian University of Athens; North Eastern Hill University; OhioHealth; Providence College; Queen's University; Sanjay Gandhi Post Graduate Institute of Medical Sciences; St. Helena Hospital; University Hospital Centre Zagreb; University of Lisbon; University of Manchester; University of Maryland, Baltimore; University of Minnesota, Duluth; University of Szeged; University of Virginia",CA; DE; GB; GR; HR; HU; IN; IT; PT; US
https://openalex.org/W4229376924,Assessment in the age of artificial intelligence,2022,article,320,147,Intelligent Tutoring Systems and Adaptive Learning; Online Learning and Analytics; Teaching and Learning Programming,Computers and Education Artificial Intelligence,Dragan Gašević; Guanliang Chen; Hassan Khosravi; Jason M. Lodge; Neil Selwyn; Roberto Martínez‐Maldonado; Sandra Milligan; Zachari Swiecki,Monash University; The University of Melbourne; The University of Queensland,AU
https://openalex.org/W4210605645,SHIFTing artificial intelligence to be responsible in healthcare: A systematic review,2022,review,314,144,Artificial Intelligence in Healthcare and Education; Ethics and Social Impacts of AI; Ethics in Clinical Research,Social Science & Medicine,Haytham Siala; Yichuan Wang,Middlesex University; Newcastle University; University of Sheffield,GB
https://openalex.org/W4308730821,Artificial intelligence in medical education: a cross-sectional needs assessment,2022,article,312,30,Artificial Intelligence in Healthcare and Education; Electronic Health Records Systems; Mobile Health and mHealth Applications,BMC Medical Education,Abdülhamit Tatli; Esra Giounous Chalil; Filiz BULUT; Murat Civaner; Yeşim Uncu,Bursa Uludağ Üni̇versi̇tesi̇,TR
https://openalex.org/W4283159491,A Review of Taxonomies of Explainable Artificial Intelligence (XAI) Methods,2022,review,310,71,Explainable Artificial Intelligence (XAI); Machine Learning in Healthcare; Topic Modeling,"2022 ACM Conference on Fairness, Accountability, and Transparency",Timo Speith,Saarland University,DE
https://openalex.org/W4312220284,Artificial intelligence and corporate innovation: A review and research agenda,2022,review,309,226,Big Data and Business Intelligence; Digital Transformation in Industry; Innovation Diffusion and Forecasting,Technological Forecasting and Social Change,Dawood Qamar; Marco Cucculelli; Salman Bahoo,Islamia University of Bahawalpur; Marche Polytechnic University; Paris School of Business,FR; IT; PK
https://openalex.org/W4220681836,Dual use of artificial-intelligence-powered drug discovery,2022,article,302,11,"Computational Drug Discovery Methods; Genetics, Bioinformatics, and Biomedical Research; Machine Learning in Materials Science",Nature Machine Intelligence,Cédric Invernizzi; Fabio Urbina; Filippa Lentzos; Sean Ekins,"Collaborations Pharmaceuticals (United States); Federal Department of Defence, Civil Protection and Sports; King's College London; Spiez Laboratory",CH; GB; US
https://openalex.org/W4296776307,Integrated multimodal artificial intelligence framework for healthcare applications,2022,article,298,46,Artificial Intelligence in Healthcare; Artificial Intelligence in Healthcare and Education; Machine Learning in Healthcare,npj Digital Medicine,Cynthia Zeng; Dimitris Bertsimas; Holly Wiberg; Ignacio Fuentes; Kimberly Villalobos Carballo; Liangyuan Na; Luis R. Soenksen; Léonard Boussioux; Michael Lingzhi Li; Yu Ma,Abdul Latif Jameel Poverty Action Lab; Harvard University; IIT@MIT; Massachusetts Institute of Technology,US
https://openalex.org/W4307968550,Artificial intelligence and machine learning in cancer imaging,2022,review,297,130,AI in cancer detection; Artificial Intelligence in Healthcare and Education; Radiomics and Machine Learning in Medical Imaging,Communications Medicine,Andrea Rockall; Anne Miles; Celso Matos; Charles E. Kahn; Dow‐Mu Koh; Evis Sala; Fred Prior; Jayshree Kalpathi-Cramer; Luis Martí‐Bonmatí; Nickolas Papanikolaou; Nicola H. Strickland; Rowland Illing; Sandy Napel; Seong K. Mun; Ulrich Bick,"Birkbeck, University of London; Boston University; Champalimaud Foundation; Charité - Universitätsmedizin Berlin; Harvard University; Hospital Universitari i Politècnic La Fe; Imperial College Healthcare NHS Trust; Massachusetts General Hospital; Royal Marsden Hospital; Stanford University; University College London; University of Arkansas for Medical Sciences; University of Cambridge; University of Pennsylvania; Virginia Tech",DE; ES; GB; PT; US
https://openalex.org/W4226315612,The role of artificial intelligence in sustainable finance,2022,article,293,22,"FinTech, Crowdfunding, Digital Finance; Private Equity and Venture Capital; Sustainable Finance and Green Bonds",Journal of Sustainable Finance & Investment,Abdalmuttaleb Al-Sartawi; Anjum Razzaque; Khaled Hussainey,Ahlia University; University of Portsmouth,BH; GB
https://openalex.org/W4206492610,Artificial intelligence in early childhood education: A scoping review,2022,review,290,66,AI in Service Interactions; Robotics and Automated Systems; Teaching and Learning Programming,Computers and Education Artificial Intelligence,Jiahong Su; Weipeng Yang,Education University of Hong Kong; University of Hong Kong,HK
https://openalex.org/W602163042,Artificial Intelligence and National Security,2022,book,283,0,Ethics and Social Impacts of AI,,Reza Montasari,Swansea University,GB
https://openalex.org/W4206046353,Academic and Administrative Role of Artificial Intelligence in Education,2022,article,275,60,Artificial Intelligence in Healthcare and Education; Intelligent Tutoring Systems and Adaptive Learning; Online Learning and Analytics,Sustainability,Mohd Khairil Rahmat; Muhammad Mansoor Alam; Muhammad Shujaat Mubarik; Sayed Fayaz Ahmad; Syed Irfan Hyder,Institute of Business Management; Riphah International University; University of Kuala Lumpur; Ziauddin University,MY; PK
https://openalex.org/W4205154488,A review of Earth Artificial Intelligence,2022,review,258,228,Computational Physics and Python Applications; Earthquake Detection and Analysis; Seismology and Earthquake Studies,Computers & Geosciences,Aji John; Amanda Tan; Benjamin Holt; Chandana Gangodagamage; Cindy Lin; Daniel L. Howard; Daniel Tong; James A. Bednar; Javier Orduz; Jianwu Wang; Jinbo Wang; Julien Chastang; L. Sandoval; Nicoleta Cristea; Pablo Rivas; Peisheng Zhao; Robert Crystal‐Ornelas; S. Mostafa Mousavi; Sanjay Purushotham; Thomas E. Gill; Wendy Hawley Carande; Xiaogang Ma; Yuhan Rao; Zachary Chester; Ziheng Sun,"Anaconda (United States); Baylor University; Earth System Science Interdisciplinary Center; George Mason University; Goddard Space Flight Center; Jet Propulsion Laboratory; Laboratory for Atmospheric and Space Physics; Lawrence Berkeley National Laboratory; NSF National Center for Atmospheric Research; North Carolina State University; Stanford University; The University of Texas at El Paso; University Corporation for Atmospheric Research; University of Colorado Boulder; University of Idaho; University of Maryland, Baltimore County; University of Maryland, College Park; University of Michigan; University of North Carolina at Asheville; University of Washington",US
https://openalex.org/W4294691140,Explainable Artificial Intelligence in CyberSecurity: A Survey,2022,article,253,257,Adversarial Robustness in Machine Learning; Anomaly Detection Techniques and Applications; Explainable Artificial Intelligence (XAI),IEEE Access,Claudio Stanzione; Giuseppe Fenza; Nicola Capuano; Vincenzo Loia,University of Basilicata; University of Salerno,IT
https://openalex.org/W4221057138,Artificial intelligence in green building,2022,article,242,153,BIM and Construction Integration; Smart Cities and Technologies; Sustainable Building Design and Assessment,Automation in Construction,Albert P.C. Chan; Amos Darko; Caleb Debrah,Hong Kong Polytechnic University,HK
https://openalex.org/W4214606152,Artificial Intelligence and Chatbots in Psychiatry,2022,review,236,15,Digital Mental Health Interventions; Mental Health Research Topics; Mental Health via Writing,Psychiatric Quarterly,Amir Nabizadeh; Kay T. Pham; Salih Selek,The University of Texas Health Science Center; The University of Texas Health Science Center at Houston,US
https://openalex.org/W4211075414,Explainable Artificial Intelligence for Predictive Modeling in Healthcare,2022,article,218,28,Artificial Intelligence in Healthcare; Artificial Intelligence in Healthcare and Education; Machine Learning in Healthcare,Journal of Healthcare Informatics Research,Christopher C. Yang,Drexel University,US
https://openalex.org/W4206550328,Who Likes Artificial Intelligence? Personality Predictors of Attitudes toward Artificial Intelligence,2022,article,208,72,Behavioral Health and Interventions; Personality Traits and Psychology; Social and Intergroup Psychology,The Journal of Psychology,Jiyoung Park; Sang Eun Woo,Duksung Women's University; Purdue University West Lafayette,KR; US
https://openalex.org/W4283447327,Artificial Intelligence in Meta-optics,2022,review,201,264,Metamaterials and Metasurfaces Applications; Neural Networks and Reservoir Computing; Photonic and Optical Devices,Chemical Reviews,Din Ping Tsai; Mu Ku Chen; Xiaoyuan Liu; Yanni Sun,City University of Hong Kong,HK
https://openalex.org/W4221067291,Explainability and artificial intelligence in medicine,2022,article,197,10,Artificial Intelligence in Healthcare and Education; Autopsy Techniques and Outcomes; Ethics in Clinical Research,The Lancet Digital Health,Sandeep Reddy,Deakin University,AU
https://openalex.org/W2611577245,Artificial Intelligence in Healthcare,2022,book,173,0,Artificial Intelligence in Healthcare; Healthcare Systems and Public Health,Brain informatics and health,Arjab Singh Khuman; Jenny Carter; Mufti Mahmud; Tianhua Chen,De Montfort University; Nottingham Trent University; University of Huddersfield,GB
https://openalex.org/W4386958277,Revolutionizing healthcare: the role of artificial intelligence in clinical practice,2023,review,2707,117,Artificial Intelligence in Healthcare and Education; Electronic Health Records Systems; Machine Learning in Healthcare,BMC Medical Education,Abdulkareem Albekairy; Abdulrahman Alshaya; Atheer Aldairem; Hisham A. Badreldin; Khalid Bin Saleh; Majed S. Al Yami; Mohammed Alrashed; Nada Alsuhebany; Sahar S. Alghamdi; Shmeylan Al Harbi; Shuroug A. Alowais; Sumaya N. Almohareb; Tariq Alqahtani,King Abdulaziz Medical City; King Abdullah International Medical Research Center; King Saud bin Abdulaziz University for Health Sciences; National Guard Health Affairs,SA
https://openalex.org/W4367310920,Comparing Physician and Artificial Intelligence Chatbot Responses to Patient Questions Posted to a Public Social Media Forum,2023,article,2194,19,AI in Service Interactions; Artificial Intelligence in Healthcare and Education; Digital Mental Health Interventions,JAMA Internal Medicine,Aaron M. Goodman; Adam Poliak; Chris Longhurst; Davey M. Smith; Dennis J. Faix; Eric C. Leas; Jessica B. Kelley; John W. Ayers; Mark Dredze; Michael Hogarth; Zechariah Zhu,Bryn Mawr College; Human Longevity (United States); Johns Hopkins University; Naval Health Research Center; Qualcomm (United States); University of California San Diego,US
https://openalex.org/W4386142022,Interpreting Black-Box Models: A Review on Explainable Artificial Intelligence,2023,review,1622,135,Explainable Artificial Intelligence (XAI); Imbalanced Data Classification Techniques; Machine Learning in Healthcare,Cognitive Computation,Abhinandan Singal; Amir Hussain; Atmesh Mahapatra; Divyansh Goel; Indro Spinelli; Kaizhu Huang; Mufti Mahmud; Simone Scardapane; Vikas Hassija; Vinay Chamola,"Birla Institute of Technology and Science, Pilani; Duke Kunshan University; Edinburgh Napier University; Istituto Nazionale di Fisica Nucleare, Sezione di Roma I; Jaypee Institute of Information Technology; KIIT University; Nottingham Trent University; Sapienza University of Rome",CN; GB; IN; IT
https://openalex.org/W4385490607,Scientific discovery in the age of artificial intelligence,2023,review,1525,265,"Cell Image Analysis Techniques; Genetics, Bioinformatics, and Biomedical Research; Machine Learning in Materials Science",Nature,Andreea Deac; Anima Anandkumar; Arjun K. Manrai; Bharath Ramsundar; Carla P. Gomes; Connor W. Coley; Debora S. Marks; Hanchen Wang; Jian Tang; Jimeng Sun; Joan Lasenby; Jure Leskovec; Karianne J. Bergen; Kexin Huang; Le Song; Linfeng Zhang; Marinka Žitnik; Max Welling; Payal Chandak; Petar Veličković; Peter Van Katwyk; Pushmeet Kohli; Shengchao Liu; Shirley Ho; Tianfan Fu; Tie‐Yan Liu; Wenhao Gao; Yoshua Bengio; Yuanqi Du; Ziming Liu,Amsterdam University of the Arts; Artificial Intelligence in Medicine (Canada); Broad Institute; Brown University; California Institute of Technology; Canadian Institute for Advanced Research; Carnegie Mellon University; Center for Systems Biology; Cornell University; Dana-Farber/Harvard Cancer Center; Flatiron Health (United States); Flatiron Institute; Georgia Institute of Technology; Google (United Kingdom); Google DeepMind (United Kingdom); HEC Montréal; Harvard University; Harvard–MIT Division of Health Sciences and Technology; Massachusetts Institute of Technology; Microsoft (Netherlands); Microsoft Research Asia (China); Mila - Quebec Artificial Intelligence Institute; Mohamed bin Zayed University of Artificial Intelligence; New York University; Nvidia (United States); Princeton University; ScienceSouth; Stanford University; University of Amsterdam; University of Cambridge; University of Illinois Urbana-Champaign; Université de Montréal,AE; CA; CN; GB; NL; US
https://openalex.org/W4389437528,Education in the Era of Generative Artificial Intelligence (AI): Understanding the Potential Benefits of ChatGPT in Promoting Teaching and Learning,2023,article,1517,19,Artificial Intelligence in Healthcare and Education; COVID-19 diagnosis using AI,Journal of AI,David Baidoo-Anu; Leticia Owusu Ansah,Queen's University; University of Cape Coast,CA; GH
https://openalex.org/W4365143687,Foundation models for generalist medical artificial intelligence,2023,review,1486,50,Artificial Intelligence in Healthcare and Education; Machine Learning in Healthcare; Radiomics and Machine Learning in Medical Imaging,Nature,Eric J. Topol; Harlan M. Krumholz; Jure Leskovec; Michael Moor; Oishi Banerjee; Pranav Rajpurkar; Zahra Shakeri Hossein Abad,Harvard University; Harvard University Press; Public Health Ontario; Scripps Research Institute; Stanford University; University of Toronto; Yale New Haven Hospital; Yale University,CA; US
https://openalex.org/W4382987554,ARTIFICIAL INTELLIGENCE FOR THE REAL WORLD,2023,article,1450,0,Advanced Data Processing Techniques; Big Data Technologies and Applications,International Research Journal of Modernization in Engineering Technology and Science,,,
https://openalex.org/W4366262984,Explainable Artificial Intelligence (XAI): What we know and what is left to attain Trustworthy Artificial Intelligence,2023,article,1424,529,Artificial Intelligence in Healthcare and Education; Explainable Artificial Intelligence (XAI); Machine Learning in Healthcare,Information Fusion,Francisco Herrera; Javier Del Ser; José M. Alonso; Khan Muhammad; Natalia Díaz-Rodríguez; Riccardo Guidotti; Roberto Confalonieri; Sajid Ali; Shaker El–Sappagh; Tamer Abuhmed,Association of Electronic and Information Technologies; Benha University; Center for Research in Molecular Medicine and Chronic Diseases; Galala University; Instituto Andaluz de Ciencias de la Tierra; Suez University; Sungkyunkwan University; Universidad de Granada; Universidade de Santiago de Compostela; University of Padua; University of Pisa; University of the Basque Country,EG; ES; IT; KR
https://openalex.org/W4366783381,Artificial intelligence in higher education: the state of the field,2023,article,1276,50,Artificial Intelligence in Healthcare and Education; Online Learning and Analytics,International Journal of Educational Technology in Higher Education,Diane Burke; Helen Crompton,Old Dominion University,US
https://openalex.org/W4384154918,Experimental evidence on the productivity effects of generative artificial intelligence,2023,article,1235,28,"Artificial Intelligence in Healthcare and Education; Digital Economy and Work Transformation; Retirement, Disability, and Employment",Science,Shakked Noy; Whitney Zhang,Massachusetts Institute of Technology,US
https://openalex.org/W4318257512,Education in the Era of Generative Artificial Intelligence (AI): Understanding the Potential Benefits of ChatGPT in Promoting Teaching and Learning,2023,article,1168,19,Artificial Intelligence in Healthcare and Education; Higher Education Learning Practices; Online Learning and Analytics,SSRN Electronic Journal,David Baidoo-Anu; Leticia Owusu Ansah,Queen's University; University of Cape Coast,CA; GH
https://openalex.org/W4360980141,Examining Science Education in ChatGPT: An Exploratory Study of Generative Artificial Intelligence,2023,article,1118,19,Artificial Intelligence in Healthcare and Education; Ethics and Social Impacts of AI; Explainable Artificial Intelligence (XAI),Journal of Science Education and Technology,Grant Cooper,Curtin University,AU
https://openalex.org/W4361298490,"Artificial Intelligence and Machine Learning in Clinical Medicine, 2023",2023,review,1104,11,Artificial Intelligence in Healthcare and Education; COVID-19 diagnosis using AI; Clinical Reasoning and Diagnostic Skills,New England Journal of Medicine,Charlotte Haug; Jeffrey M. Drazen,Yara (Norway),NO
https://openalex.org/W4362663195,"Artificial intelligence, machine learning and deep learning in advanced robotics, a review",2023,review,1016,175,Advanced Neural Network Applications; Advanced Technology in Applications; COVID-19 diagnosis using AI,Cognitive Robotics,Behrooz Arezoo; Mohsen Soori; Roza Dastres,Amirkabir University of Technology; Cyprus International University; University of Kyrenia,CY; IR
https://openalex.org/W4388962306,"Artificial intelligence, firm growth, and product innovation",2023,article,990,103,Economic Growth and Productivity; Firm Innovation and Growth; Innovation Diffusion and Forecasting,Journal of Financial Economics,Alex Xi He; Anastassia Fedyk; James Hodson; Tania Babina,"Columbia University; Jožef Stefan Institute; University of California, Berkeley; University of Maryland, College Park",SI; US
https://openalex.org/W4383912288,Artificial Intelligence in Pharmaceutical Technology and Drug Delivery Design,2023,review,897,209,Biosimilars and Bioanalytical Methods; Cell Image Analysis Techniques; Computational Drug Discovery Methods,Pharmaceutics,Amol D. Gholap; Hetvi K. Solanki; Keshava Jetha; Lalitkumar K. Vora; Thakur Raghu Raj Singh; Vivek P. Chavda,B.J. Medical College; Gujarat Technological University; Queen's University Belfast,GB; IN
https://openalex.org/W4313678819,Collaborating With ChatGPT: Considering the Implications of Generative Artificial Intelligence for Journalism and Media Education,2023,article,897,3,Artificial Intelligence in Healthcare and Education; Ethics and Social Impacts of AI; Explainable Artificial Intelligence (XAI),Journalism & Mass Communication Educator,John V. Pavlik,"Rutgers, The State University of New Jersey",US
https://openalex.org/W4385878593,New Era of Artificial Intelligence in Education: Towards a Sustainable Multifaceted Revolution,2023,article,886,78,Artificial Intelligence in Healthcare and Education; Explainable Artificial Intelligence (XAI); Online Learning and Analytics,Sustainability,David Santandreu Calonge; Firuz Kamalov; Ikhlaas Gurrib,Canadian University of Dubai; Mohamed bin Zayed University of Artificial Intelligence,AE
https://openalex.org/W4322761615,"The Role of ChatGPT, Generative Language Models, and Artificial Intelligence in Medical Education: A Conversation With ChatGPT and a Call for Papers",2023,paratext,818,1,"Artificial Intelligence in Healthcare and Education; COVID-19 diagnosis using AI; Healthcare cost, quality, practices",JMIR Medical Education,Günther Eysenbach,JMIR Publications,CA
https://openalex.org/W4322008312,Can artificial intelligence help for scientific writing?,2023,review,787,8,Artificial Intelligence in Healthcare and Education; COVID-19 diagnosis using AI,Critical Care,Alberto Giovanni Gerli; Fabio Silvio Taccone; Michele Salvagno,University of Milan; Université Libre de Bruxelles,BE; IT
https://openalex.org/W4379470483,A Review of the Role of Artificial Intelligence in Healthcare,2023,review,778,152,Artificial Intelligence in Healthcare; Artificial Intelligence in Healthcare and Education; COVID-19 diagnosis using AI,Journal of Personalized Medicine,Abdullah H. Alreedy; Afnan Almuhanna; Ahmed Al Kuwaiti; Arun Vijay Subbarayalu; Dhoha Al Muhanna; Fahad Al‐Muhanna; Khalid Nazer; Shaher D AlShehri,Imam Abdulrahman Bin Faisal University; King Fahd Hospital of the University,SA
https://openalex.org/W4401785934,"A Bibliometric Analysis of Heart Disease Detection using Artificial Intelligence Techniques: Trends, Influential Works, and Research Gaps",2023,article,777,21,Artificial Intelligence in Healthcare; Artificial Intelligence in Healthcare and Education; COVID-19 diagnosis using AI,International Journal of Innovative Science and Research Technology (IJISRT),Pushpendra Kanwar; Tanushree Bharti,,
https://openalex.org/W4323848232,<scp>ChatGPT</scp> and a new academic reality: <scp>Artificial Intelligence‐written</scp> research papers and the ethics of the large language models in scholarly publishing,2023,article,750,99,Artificial Intelligence in Healthcare and Education; COVID-19 diagnosis using AI; Topic Modeling,Journal of the Association for Information Science and Technology,Bing Nie; Brady Lund; Nishith Reddy Mannuru; Somipam R. Shimray; Ting Wang; Ziang Wang,Babasaheb Bhimrao Ambedkar University; Baker University; Emporia State University; University of North Texas; Zhejiang Tongji Vocational College of Science and Technology,CN; IN; US
https://openalex.org/W4389365236,Adaptive Learning Using Artificial Intelligence in e-Learning: A Literature Review,2023,review,744,87,Artificial Intelligence in Healthcare; E-Learning and Knowledge Management; Online Learning and Analytics,Education Sciences,Andra-Teodora Gorski; Hortensia Gorski; Ilie Gligorea; Marius Cioca; Paul Tudorache; Romana Oancea,Lucian Blaga University of Sibiu; Nicolae Bălcescu Land Forces Academy; Universitatea Din Petrosani,RO
https://openalex.org/W4383913712,Human resource management in the age of generative artificial intelligence: Perspectives and research directions on ChatGPT,2023,article,738,107,AI and HR Technologies; Artificial Intelligence in Healthcare and Education; Ethics and Social Impacts of AI,Human Resource Management Journal,Andrew J. Knoblich; Angelo S. DeNisi; Arup Varma; Ashish Malik; Charmi Patel; David Guest; Fang Lee Cooke; Geoffrey Wood; Greg J. Bamber; Herman Aguinis; Jaap Paauwe; Jose R. Beltran; Mark N. K. Saunders; Paul Boselie; Pawan Budhwar; Prasanta Kumar Dey; Rosalie L. Tung; Savvas Papagiannidis; Shuang Ren; Soumyadeb Chowdhury; Stephanie Decker; Steven G. Rogelberg; Vijay Pereira,"Aston University; Birmingham City University; Cranfield University; George Washington University; Hunter Water; King's College London; King's College School; Loyola University Chicago; Monash Institute of Medical Research; Monash University; NEOMA Business School; Newcastle University; Queen's University Belfast; Rutgers, The State University of New Jersey; Simon Fraser University; TBS Education; Tilburg University; Trinity College Dublin; Tulane University; University College Birmingham; University of Bath; University of Birmingham; University of North Carolina at Charlotte; University of Reading; Utrecht University; Western University",AU; CA; FR; GB; IE; NL; US
https://openalex.org/W4327518740,From human writing to artificial intelligence generated text: examining the prospects and potential threats of ChatGPT in academic writing,2023,article,721,24,Artificial Intelligence in Healthcare and Education; COVID-19 diagnosis using AI,Biology of Sport,Helmi Ben Saad; Ismail Dergaa; Karim Chamari; Piotr Żmijewski,Hôpital Farhat Hached; Institut Supérieur du Sport et de l’Éducation Physique de Sfax; Józef Piłsudski University of Physical Education in Warsaw; Primary Health Care; Qatar Orthopaedic and Sports Medicine Hospital; University of Sfax; University of Sousse,PL; QA; TN
https://openalex.org/W4386222752,Redefining Radiology: A Review of Artificial Intelligence Integration in Medical Imaging,2023,review,681,107,Artificial Intelligence in Healthcare and Education; Medical Imaging and Analysis; Radiomics and Machine Learning in Medical Imaging,Diagnostics,Reabal Najjar,ACT Government; Act Health; Services Australia,AU
https://openalex.org/W4390229867,"Fairness and Bias in Artificial Intelligence: A Brief Survey of Sources, Impacts, and Mitigation Strategies",2023,article,663,54,Artificial Intelligence in Healthcare and Education; Ethics and Social Impacts of AI; Explainable Artificial Intelligence (XAI),Sci,Emilio Ferrara,University of Southern California,US
https://openalex.org/W4386251129,Transforming Education: A Comprehensive Review of Generative Artificial Intelligence in Educational Settings through Bibliometric and Content Analysis,2023,review,657,154,Artificial Intelligence in Healthcare and Education; Biomedical and Engineering Education; Radiomics and Machine Learning in Medical Imaging,Sustainability,Andrew Zacca; Chiraz Anane; Vian Ahmed; Zied Bahroun,American University of Sharjah; University of Sharjah,AE
https://openalex.org/W4324135233,"A systematic review of trustworthy and explainable artificial intelligence in healthcare: Assessment of quality, bias risk, and data fusion",2023,review,657,132,Artificial Intelligence in Healthcare and Education; Ethics and Social Impacts of AI; Explainable Artificial Intelligence (XAI),Information Fusion,A. H. Alamoodi; A. S. Albahri; Alhamzah Alnoor; Ali M. Duhaim; Ashish Gupta; Asma Salhi; Chun Ouyang; Jinshuai Bai; José Santamaría; Laith Alzubaidi; Mohammed A. Fadhel; Muhammet Deveci; Noor S. Baqer; O. S. Albahri; Yuantong Gu,Iraqi University; La Trobe University; Mazaya University College; Ministry of Higher Education and Scientific Research; Mustansiriyah University; Naval Academy; Queensland University of Technology; Southern Technical University; Sultan Idris Education University; Thi Qar University; Universidad de Jaén; University College London; Wesley Research Institute,AU; ES; GB; IQ; MY; TR
https://openalex.org/W4387379065,The Potential of Generative Artificial Intelligence Across Disciplines: Perspectives and Future Directions,2023,article,637,93,"AI in Service Interactions; Artificial Intelligence in Healthcare and Education; FinTech, Crowdfunding, Digital Finance",Journal of Computer Information Systems,Adrian Micu; Alexandru Căpățînă; Amrita Chakraborty; Anshuman Sharma; Arpan Kumar Kar; Ching‐I Teng; Emmanuel Mogaji; Garry Wei‐Han Tan; Keng‐Boon Ooi; Lai‐Wan Wong; Mohammed A. Al‐Sharafi; Mostafa Al‐Emran; Neeraj Pandey; Nripendra P. Rana; Patrick Mikalef; Prianka Sarker; Ramakrishnan Raman; Samuel Fosso Wamba; Tzu-Ling Huang; Voon‐Hsien Lee; Xiu-Ming Loh; Yogesh K. Dwivedi,"""Dunarea de Jos"" University of Galati; Adamson University; Ajman University; British University in Dubai; Chang Gung University; College of Business Administration; Dijlah University College; Fore School of Management; Indian Institute of Management Ahmedabad; Indian Institute of Technology Delhi; Keele University; Manchester Metropolitan University; National Central University; Norwegian University of Science and Technology; Qatar University; SINTEF; SINTEF Digital; Swansea University; Swinburne University of Technology Sarawak Campus; Symbiosis International University; TBS Education; UCSI University; Universiti Tenaga Nasional; Universiti Tunku Abdul Rahman; Xiamen University Malaysia",AE; FR; GB; IN; IQ; LV; MY; NO; PH; QA; RO; TW
https://openalex.org/W4381848566,"Connecting the dots in trustworthy Artificial Intelligence: From AI principles, ethics, and key requirements to responsible AI systems and regulation",2023,article,637,132,Adversarial Robustness in Machine Learning; Artificial Intelligence in Healthcare and Education; Ethics and Social Impacts of AI,Information Fusion,Enrique Herrera‐Viedma; Francisco Herrera; Javier Del Ser; Marcos López de Prado; Mark Coeckelbergh; Natalia Díaz-Rodríguez,Association of Electronic and Information Technologies; Cornell University; Instituto Andaluz de Ciencias de la Tierra; Khalifa University of Science and Technology; Universidad de Granada; University of Vienna; University of the Basque Country,AE; AT; ES; US
https://openalex.org/W4379878854,"The effect of generative artificial intelligence (AI)-based tool use on students' computational thinking skills, programming self-efficacy and motivation",2023,article,622,48,Online Learning and Analytics; Teaching and Learning Programming; Technology-Enhanced Education Studies,Computers and Education Artificial Intelligence,Fatma Gizem Karaoğlan Yılmaz; Ramazan Yılmaz,Bartin University,TR
https://openalex.org/W4313479734,"A Conversation on Artificial Intelligence, Chatbots, and Plagiarism in Higher Education",2023,editorial,593,0,Artificial Intelligence in Healthcare and Education,Cellular and Molecular Bioengineering,Michael R. King; chatGPT,Vanderbilt University,US
https://openalex.org/W4319790168,Teacher support and student motivation to learn with Artificial Intelligence (AI) based chatbot,2023,article,591,48,Motivation and Self-Concept in Sports; Online Learning and Analytics; Technology-Enhanced Education Studies,Interactive Learning Environments,Benjamin Luke Moorhouse; Ching Sing Chai; Murod Ismailov; Thomas K. F. Chiu,Chinese University of Hong Kong; Hong Kong Baptist University; University of Tsukuba,HK; JP
https://openalex.org/W4361019934,When and How Artificial Intelligence Augments Employee Creativity,2023,article,584,66,Creativity in Education and Neuroscience; Cyberloafing and Workplace Behavior; Job Satisfaction and Organizational Behavior,Academy of Management Journal,Chengcheng Liao; Fang Zheng; Nan Jia; Xueming Luo,Sichuan University; Southern California University for Professional Studies; Temple College; Temple University; University of Southern California,CN; US
https://openalex.org/W4378882744,Integration of IoT-Enabled Technologies and Artificial Intelligence (AI) for Smart City Scenario: Recent Advancements and Future Trends,2023,review,582,205,Human Mobility and Location-Based Analysis; IoT and Edge/Fog Computing; Smart Cities and Technologies,Sensors,Anindya Nag; Arsanchai Sukkuea; Fahmida Wazed Tina; Korakot Suwannarat; Md Eshrat E. Alahi; Subhas Chandra Mukhopadhyay; Wattanapong Kurdthongmee,Macquarie University; Nakhon Si Thammarat Rajabhat University; Technische Universität Dresden; Walailak University,AU; DE; TH
https://openalex.org/W4380685454,"Re-Thinking Data Strategy and Integration for Artificial Intelligence: Concepts, Opportunities, and Challenges",2023,article,576,132,Artificial Intelligence in Healthcare and Education; Ethics and Social Impacts of AI; Explainable Artificial Intelligence (XAI),Applied Sciences,A.M.S. Hamouda; Abdulaziz Aldoseri; Khalifa N. Al‐Khalifa,Qatar University,QA
https://openalex.org/W4321748146,Artificial Intelligence–Based Chatbots for Promoting Health Behavioral Changes: Systematic Review,2023,review,564,36,AI in Service Interactions; Digital Mental Health Interventions; Mobile Health and mHealth Applications,Journal of Medical Internet Research,Abhishek Aggarwal; Cheuk Chi Tam; Dezhi Wu; Shan Qiao; Xiaoming Li,University of South Carolina,US
https://openalex.org/W4390711247,Network pharmacology: towards the artificial intelligence-based precision traditional Chinese medicine,2023,article,563,126,Metabolomics and Mass Spectrometry Studies; Traditional Chinese Medicine Analysis; Traditional Chinese Medicine Studies,Briefings in Bioinformatics,Boyang Wang; Dingfan Zhang; Lan Wang; Peng Zhang; Shao Li; Tingyu Zhang; Wuai Zhou,Bioinformatics Institute; China Mobile (China); Tsinghua University,CN; SG
https://openalex.org/W4317748910,Artificial Intelligence Risk Management Framework (AI RMF 1.0),2023,report,559,0,Artificial Intelligence in Healthcare and Education,,Elham Tabassi,,
https://openalex.org/W4382394524,Algorithmic fairness in artificial intelligence for medicine and healthcare,2023,review,549,312,Artificial Intelligence in Healthcare; Artificial Intelligence in Healthcare and Education; Machine Learning in Healthcare,Nature Biomedical Engineering,Drew F. K. Williamson; Faisal Mahmood; Jana Lipková; Judy J. Wang; Ming Y. Lu; Richard J. Chen; Sharifa Sahai; Tiffany Chen,Brigham and Women's Hospital; Broad Institute; Center for Systems Biology; Dana-Farber Cancer Institute; Dana-Farber/Harvard Cancer Center; Harvard University; Harvard University Press; Massachusetts General Hospital; Massachusetts Institute of Technology,US
https://openalex.org/W4381716616,Bias in artificial intelligence algorithms and recommendations for mitigation,2023,review,532,58,"Artificial Intelligence in Healthcare and Education; COVID-19 and healthcare impacts; Healthcare cost, quality, practices",PLOS Digital Health,Ashish K. Khanna; Dana Moukheiber; Haobo Ma; Janny Xue Chen Ke; Lama Moukheiber; Lama Nazer; Mira Moukheiber; Piyush Mathur; Rachel Hicklen; Razan Zatarah; Shai Waldrip,Atrium Health Wake Forest Baptist; Beth Israel Deaconess Medical Center; Cleveland Clinic; Dalhousie University; King Hussein Cancer Center; Massachusetts Institute of Technology; Morehouse School of Medicine; Outcomes Research Consortium; St. Paul's Hospital; The University of Texas MD Anderson Cancer Center; University of British Columbia,CA; JO; US
https://openalex.org/W4362704894,Artificial intelligence for cybersecurity: Literature review and future research directions,2023,article,521,312,Network Security and Intrusion Detection; Smart Grid Security and Resilience; Software System Performance and Reliability,Information Fusion,Dušan Gabrijelčič; Ramanpreet Kaur; Tomaž Klobučar,Jožef Stefan Institute,SI
https://openalex.org/W4385484319,A multilevel review of artificial intelligence in organizations: Implications for organizational behavior research and practice,2023,review,514,143,Cyberloafing and Workplace Behavior; Digital Economy and Work Transformation; Technostress in Professional Settings,Journal of Organizational Behavior,Anna Carmella Ocampo; Mauricio Marrone; Sang Eun Woo; Sarah Bankins; Simon Lloyd D. Restubog,Macquarie University; Purdue University West Lafayette; The University of Queensland; Universitat Ramon Llull; University of Illinois Urbana-Champaign,AU; ES; US
https://openalex.org/W4383959108,The dark side of generative artificial intelligence: A critical analysis of controversies and risks of ChatGPT,2023,article,507,117,Artificial Intelligence in Healthcare and Education,Entrepreneurial Business and Economics Review,Cong Doanh Duong; Ewa Ziemba; Grzegorz Mazurek; Joanna Ejdys; Joanna Paliszkiewicz; Krzysztof Wach; Paweł Korzyński; Rūta Kazlauskaitė,,
https://openalex.org/W4317254367,"A systematic literature review of artificial intelligence in the healthcare sector: Benefits, challenges, methodologies, and functionalities",2023,article,503,257,Artificial Intelligence in Healthcare; Artificial Intelligence in Healthcare and Education; Digital Mental Health Interventions,Journal of Innovation & Knowledge,Anup Shrestha; Ersin Elbaşı; Mohammad Abdallah Ali Alryalat; Omar Ali; Wiem Abdelbaki; Yogesh K. Dwivedi,Al-Balqa Applied University; American University of the Middle East; Swansea University; Symbiosis International University; University of Southern Queensland,AU; GB; IN; JO; KW
https://openalex.org/W4323536358,"Leadership is needed for ethical ChatGPT: Character, assessment, and learning using artificial intelligence (AI)",2023,article,502,65,Academic integrity and plagiarism; Artificial Intelligence in Healthcare and Education,Journal of University Teaching and Learning Practice,Joseph Crawford; Kelly‐Ann Allen; Michael Cowling,Central Queensland University; Monash University; University of Tasmania,AU
https://openalex.org/W4382182093,Artificial intelligence for waste management in smart cities: a review,2023,review,497,213,Healthcare and Environmental Waste Management; Municipal Solid Waste Management; Recycling and Waste Management Techniques,Environmental Chemistry Letters,Ahmed I. Osman; Bingbing Fang; David W. Rooney; Essam Hamza; Ikko Ihara; Jiacheng Yu; Mohamed Farghali; Pow‐Seng Yap; Zhonghao Chen,Assiut University; Kobe University; Military Technical College; Queen's University Belfast; Stranmillis University College; Xi’an Jiaotong-Liverpool University,CN; EG; GB; JP
https://openalex.org/W4362602778,Privacy-preserving artificial intelligence in healthcare: Techniques and applications,2023,review,495,168,"Artificial Intelligence in Healthcare and Education; Privacy, Security, and Data Protection; Privacy-Preserving Technologies in Data",Computers in Biology and Medicine,Adnan Qayyum; Ala Al‐Fuqaha; Junaid Qadir; Muhammad Bilal; Nazish Khalid,Hamad bin Khalifa University; Information Technology University; Qatar University; University of the West of England,GB; PK; QA
https://openalex.org/W4385564466,Fairness of artificial intelligence in healthcare: review and recommendations,2023,review,491,123,"Artificial Intelligence in Healthcare and Education; Ethics in Clinical Research; Healthcare cost, quality, practices",Japanese Journal of Radiology,Akira Yamada; Daiju Ueda; Fuminari Tatsugami; Kenji Hirata; Koji Kamagata; Mariko Kawamura; Masahiro Yanagawa; Noriyuki Fujima; Rintaro Ito; Shinji Naganawa; Shohei Fujita; Taichi Kakinuma; Taiki Nozaki; Takahiro Tsuboyama; Takeshi Nakaura; Tomoyuki Fujioka; Yasutaka Fushimi; Yusuke Matsui,Hiroshima University; Hokkaido University; Hokkaido University Hospital; Juntendo University; Keio University; Kumamoto University; Kyoto University; Nagoya University; Okayama University; Osaka City University Hospital; Osaka Metropolitan University; Shinshu University; The University of Osaka; The University of Tokyo; Tokyo Medical and Dental University,JP
https://openalex.org/W4387767134,Smarter eco-cities and their leading-edge artificial intelligence of things solutions for environmental sustainability: A comprehensive systematic review,2023,review,480,309,Human Mobility and Location-Based Analysis; Smart Cities and Technologies; Traffic Prediction and Management Techniques,Environmental Science and Ecotechnology,Alexandre Alahi; Amin Kaboli; John Krogstie; Simon Elias Bibri,Norwegian University of Science and Technology; École Polytechnique Fédérale de Lausanne,CH; NO
https://openalex.org/W4389885061,How Artificial Intelligence Is Shaping Medical Imaging Technology: A Survey of Innovations and Applications,2023,article,473,117,Artificial Intelligence in Healthcare and Education; COVID-19 diagnosis using AI; Retinal Imaging and Analysis,Bioengineering,Luís Coelho,INESC TEC; Polytechnic Institute of Porto; Universidade do Porto,PT
https://openalex.org/W4319062614,Appropriateness of Cardiovascular Disease Prevention Recommendations Obtained From a Popular Online Chat-Based Artificial Intelligence Model,2023,article,469,4,Artificial Intelligence in Healthcare and Education; Blood Pressure and Hypertension Studies; Machine Learning in Healthcare,JAMA,Ashish Sarraju; Dennis Bruemmer; Erik H. Van Iterson; Fátima Rodríguez; Leslie Cho; Luke J. Laffin,Cleveland Clinic; Stanford University,US
https://openalex.org/W4362722657,"On ChatGPT and beyond: How generative artificial intelligence may affect research, teaching, and practice",2023,article,463,26,AI in Service Interactions; Artificial Intelligence in Healthcare and Education; Private Equity and Venture Capital,International Journal of Research in Marketing,Alina Sorescu; David A. Schweidel; Martin Schreier; Renana Peres,Emory University; Hebrew University of Jerusalem; Texas A&M University; Vienna University of Economics and Business,AT; IL; US
https://openalex.org/W4386223224,Artificial intelligence in intelligent tutoring systems toward sustainable education: a systematic review,2023,review,452,60,Engineering Education and Technology; Explainable Artificial Intelligence (XAI); Online Learning and Analytics,Smart Learning Environments,Anna Y.Q. Huang; Chien-Chang Lin; Owen H.T. Lu,National Central University; National Chengchi University,TW
https://openalex.org/W4313646859,"Remote patient monitoring using artificial intelligence: Current state, applications, and challenges",2023,article,441,169,Artificial Intelligence in Healthcare; IoT and Edge/Fog Computing; Non-Invasive Vital Sign Monitoring,Wiley Interdisciplinary Reviews Data Mining and Knowledge Discovery,Lin Li; Niall Higgins; Raj Gururajan; Thanveer Shaik; U. Rajendra Acharya; Xiaohui Tao; Xujuan Zhou,Queensland University of Technology; Royal Brisbane and Women's Hospital; Singapore University of Social Sciences; University of Southern Queensland; Wuhan Technology and Business University; Wuhan University of Technology,AU; CN; SG
https://openalex.org/W4319454440,Drawbacks of Artificial Intelligence and Their Potential Solutions in the Healthcare Sector,2023,review,437,52,Artificial Intelligence in Healthcare; Artificial Intelligence in Healthcare and Education; Internet of Things and AI,Biomedical Materials & Devices,Abdul Hanan; Ayatullah Qureshi; Bangul Khan; Hajira Fatima; Jawad Hussain; Saad Abdullah; Sanjay Kumar,Mehran University of Engineering and Technology; Mälardalen University; NED University of Engineering and Technology; Riphah International University,PK; SE
https://openalex.org/W4387494819,The growing energy footprint of artificial intelligence,2023,article,437,6,"Energy, Environment, and Transportation Policies",Joule,Alex de Vries,De Nederlandsche Bank; Flevoziekenhuis; Vrije Universiteit Amsterdam,NL
https://openalex.org/W4386285839,Managing the Strategic Transformation of Higher Education through Artificial Intelligence,2023,article,433,114,Educational Leadership and Innovation; Engineering Education and Technology; Online Learning and Analytics,Administrative Sciences,Babu George; Ontario S. Wooden,Alcorn State University; North Carolina State University,US
https://openalex.org/W4313527987,Six Human-Centered Artificial Intelligence Grand Challenges,2023,article,431,255,"Artificial Intelligence in Healthcare and Education; Ethics and Social Impacts of AI; Neuroethics, Human Enhancement, Biomedical Innovations",International Journal of Human-Computer Interaction,Anja Bodenschatz; Ben Shneiderman; Brent Winslow; Carolyn Ten Holter; Christina Strobel; Constantine Stephanidis; Constantinos K. Coursaris; Gavriel Salvendy; Gregory Falco; Hernisa Kacorri; Iliana Maifeld-Carucci; Iván Garibay; John C. Havens; Joseph A. Konstan; Joseph T. Kider; Keri Grieman; Margherita Antona; Marina Jirotka; Mónica López-González; Salvatore Andolina; Sean Koon; Sean McGregor; Stephen M. Fiore; Waldemar Karwowski; Wei Xu; Özlem Özmen Garibay,"Artificial Intelligence in Medicine (Canada); Biosignatures (United Kingdom); Center for Strategic Research; Design Interactive (United States); FORTH Institute of Astrophysics; FORTH Institute of Computer Science; HEC Montréal; Hamburg University of Technology; Johns Hopkins University; Kaiser Permanente; Physicians Committee for Responsible Medicine; Technical University of Munich; University of Central Florida; University of Crete; University of Maryland, College Park; University of Minnesota; University of Oxford; University of Palermo; Universität Hamburg; Zhejiang University",CA; CN; DE; GB; GR; IT; RU; US
https://openalex.org/W4386347795,ChatGPT and Generative Artificial Intelligence for Medical Education: Potential Impact and Opportunity,2023,article,422,25,Artificial Intelligence in Healthcare and Education,Academic Medicine,Brian C. Gin; Christy Boscardin; Karen E. Hauer; Polo Black Golde,"University of California, San Francisco",US
https://openalex.org/W4319304408,AI for life: Trends in artificial intelligence for biotechnology,2023,article,414,107,"Genetics, Bioinformatics, and Biomedical Research; Scientific Computing and Data Management",New Biotechnology,Andreas Holzinger; Heimo Müller; Katharina Keiblinger; Kurt Zatloukal; Petr Holub,BOKU University; Masaryk University; Medical University of Graz,AT; CZ
https://openalex.org/W4380730209,Accuracy of a Generative Artificial Intelligence Model in a Complex Diagnostic Challenge,2023,article,414,5,Artificial Intelligence in Healthcare and Education; Clinical Reasoning and Diagnostic Skills; Machine Learning in Healthcare,JAMA,Adam Rodman; Byron Crowe; Zahir Kanjee,Beth Israel Deaconess Medical Center,US
https://openalex.org/W4389359039,Generative artificial intelligence,2023,article,404,144,Explainable Artificial Intelligence (XAI); Machine Learning in Materials Science; Topic Modeling,Electronic Markets,Gero Strobel; Leonardo Banh,University of Duisburg-Essen,DE
https://openalex.org/W4315880904,Ethics and governance of trustworthy medical artificial intelligence,2023,article,404,70,Artificial Intelligence in Healthcare and Education; Ethics and Social Impacts of AI; Explainable Artificial Intelligence (XAI),BMC Medical Informatics and Decision Making,Jie Zhang; Zongming Zhang,Nanjing University of Chinese Medicine; Nantong University,CN
https://openalex.org/W4366085876,A systematic review of Explainable Artificial Intelligence models and applications: Recent developments and future trends,2023,review,387,107,Artificial Intelligence in Healthcare and Education; Explainable Artificial Intelligence (XAI); Machine Learning in Healthcare,Decision Analytics Journal,A. Saranya; R. Subhashini,Vellore Institute of Technology University,IN
https://openalex.org/W4315641685,Artificial Intelligence (AI) Literacy in Early Childhood Education: The Challenges and Opportunities,2023,article,386,78,Child Development and Digital Technology; Digital literacy in education; Online Learning and Analytics,Computers and Education Artificial Intelligence,Davy Tsz Kit Ng; Jiahong Su; Samuel Kai Wah Chu,University of Hong Kong,HK
https://openalex.org/W4318483790,Evaluation of artificial intelligence techniques in disease diagnosis and prediction,2023,review,376,122,AI in cancer detection; Artificial Intelligence in Healthcare; COVID-19 diagnosis using AI,Discover Artificial Intelligence,Ahad Nasab; Erkan Kaplanoğlu; Nafiseh Ghaffar Nia,University of Tennessee at Chattanooga,US
https://openalex.org/W4387163553,Artificial intelligence in logistics and supply chain management: A primer and roadmap for research,2023,article,373,39,Digital Transformation in Industry; Quality and Supply Management; Supply Chain and Inventory Management,Journal of Business Logistics,Beth Davis‐Sramek; Mihalis Giannakis; R. Glenn Richey; Soumyadeb Chowdhury; Yogesh K. Dwivedi,Auburn University; Audencia Business School; Swansea University; TBS Education,FR; GB; US
https://openalex.org/W4387745359,"Generative artificial intelligence in marketing: Applications, opportunities, challenges, and research agenda",2023,article,370,43,AI in Service Interactions; Big Data and Business Intelligence; Digital Marketing and Social Media,International Journal of Information Management,Niki Panteli; Nir Kshetri; Thomas H. Davenport; Yogesh K. Dwivedi,Babson College; Deloitte (United States); Lancaster University; Swansea University; Symbiosis International University; University of North Carolina at Greensboro,GB; IN; US
https://openalex.org/W4386607677,Artificial intelligence for natural product drug discovery,2023,review,368,258,"Bioinformatics and Genomic Networks; Computational Drug Discovery Methods; Genetics, Bioinformatics, and Biomedical Research",Nature Reviews Drug Discovery,Albert Hofstetter; Allison S. Walker; Andrea Volkamer; Anna K. H. Hirsch; Barbara R. Terlouw; Barbara Zdrazil; Chao Du; Chase M. Clark; Chris A. Dejong; Daniel Reker; David Meijer; Djork-Arné Clevert; Doris A. van Bergeijk; Egon Willighagen; Eric J. N. Helfrich; Evan Rees; Florian Huber; Francesca Grisoni; Friederike Biermann; Gerard J. P. van Westen; Gilles P. van Wezel; Hyun Uk Kim; Hyun Woo Kim; Janani Durairaj; Jeffrey A. van Santen; Joleen Masschelein; Justin J. J. van der Hooft; Kai Blin; Katherine Duncan; Kohulan Rajan; Laura M. Carroll; Marcy J. Balunas; Maria Sorokina; Marina Gorostiola González; Marnix H. Medema; Marwin Segler; Mehdi A. Beniddir; Michael A. Skinnider; Michael W. Mullowney; Nadine Ziemert; Nathaniel I. Martin; Neha Garg; Olga V. Kalinina; Philippe Schwaller; Pierre Guyomard; Raphael Reher; Rebecca J. M. Goss; Roger G. Linington; Rolf Müller; Satria A. Kautsar; Scarlet Ferrinho; Serina L. Robinson; Somayah S. Elsayed; Stefan Leopold‐Messer; Tiago Leão; Tristan de Rond; Willem Jespers; William H. Gerwick,Bayer (Germany); Berlin Institute of Health at Charité - Universitätsmedizin Berlin; Board of the Swiss Federal Institutes of Technology; Canada's Michael Smith Genome Sciences Centre; Centre National de la Recherche Scientifique; Centre de Recherche en Informatique; Centre for Human Drug Research; Charité - Universitätsmedizin Berlin; Dongguk University; Duke University; ETH Zurich; Eindhoven University of Technology; European Bioinformatics Institute; Friedrich Schiller University Jena; Georgia Institute of Technology; German Center for Infection Research; Goethe University Frankfurt; Helmholtz Center for Information Security; Helmholtz Centre for Infection Research; Helmholtz Institute for Pharmaceutical Research Saarland; Hochschule Düsseldorf University of Applied Sciences; Institut de Chimie des Substances Naturelles; KU Leuven; Korea Advanced Institute of Science and Technology; LOEWE Centre for Translational Biodiversity Genomics; Leiden University; Maastricht University; Martin Luther University Halle-Wittenberg; Microsoft Research (United Kingdom); Netherlands Institute of Ecology; Novo Nordisk Foundation; Oncode Institute; Pfizer (Germany); Philipps University of Marburg; Saarland University; Scripps (United States); Scripps Institution of Oceanography; Simon Fraser University; Swiss Federal Institute of Aquatic Science and Technology; Technical University of Denmark; Universidade de São Paulo; University Medical Center Utrecht; University of Auckland; University of Basel; University of British Columbia; University of California San Diego; University of Chicago; University of Johannesburg; University of Michigan; University of St Andrews; University of Strathclyde; University of Tübingen; University of Wisconsin–Madison; Université Paris-Saclay; Université de Lille; VIB-KU Leuven Center for Microbiology; Vanderbilt University; Wageningen University & Research; École Polytechnique Fédérale de Lausanne,BE; BR; CA; CH; DE; DK; FR; GB; KR; NL; NZ; US; ZA
https://openalex.org/W4318476511,Smart farming using artificial intelligence: A review,2023,review,364,78,Smart Agriculture and AI; Smart Systems and Machine Learning; Spectroscopy and Chemometric Analyses,Engineering Applications of Artificial Intelligence,Aruna Varanasi; Saroj Kr. Biswas; Yaganteeswarudu Akkem,National Institute Of Technology Silchar,IN
https://openalex.org/W4321506460,The Impact of Artificial Intelligence on Workers’ Skills: Upskilling and Reskilling in Organisations,2023,article,357,101,AI and HR Technologies; Impact of AI and Big Data on Business and Society; Organizational and Employee Performance,Informing Science The International Journal of an Emerging Transdiscipline,Davide Giusino; Federico Fraboni; Gabriele Puzzo; Luca Pietrantoni; Marco De Angelis; Sofia Morandini,University of Bologna,IT
https://openalex.org/W4381511236,Exploring the potential of artificial intelligence tools in educational measurement and assessment,2023,article,355,46,Artificial Intelligence in Healthcare and Education; Online Learning and Analytics,Eurasia Journal of Mathematics Science and Technology Education,Bassey Asuquo Bassey; Delight Omoji Idika; Eugene Onor Etta; Kinsgley Bekom Abang; Valentine Joseph Owan,Research Network (United States); University of Calabar,NG; US
https://openalex.org/W4388103056,Exploring the Use of Artificial Intelligence for Qualitative Data Analysis: The Case of ChatGPT,2023,article,348,9,Data Analysis and Archiving; Qualitative Research Methods and Applications; Qualitative Research Methods and Ethics,International Journal of Qualitative Methods,David L. Morgan,Portland State University,US
https://openalex.org/W4380201210,An integrative review on the acceptance of artificial intelligence among healthcare professionals in hospitals,2023,review,345,81,Artificial Intelligence in Healthcare and Education; Electronic Health Records Systems; Patient Safety and Medication Errors,npj Digital Medicine,Andrea Lenes; Astrid Stephan; C. P. Buszello; Hendrik Stange; Murielle Madi; Saša Sopka; Sophie Isabelle Lambert,Fliedner Fachhochschule Düsseldorf; Fraunhofer Institute for Intelligent Analysis and Information Systems; Fraunhofer-Gesellschaft; RWTH Aachen University; Universitätsklinikum Aachen,DE
https://openalex.org/W4380628716,RETRACTED ARTICLE: Artificial intelligence-based solutions for climate change: a review,2023,review,338,226,Air Quality Monitoring and Forecasting; Air Quality and Health Impacts; Traffic Prediction and Management Techniques,Environmental Chemistry Letters,Ahmed I. Osman; Ahmed S. Al‐Fatesh; David W. Rooney; Ikko Ihara; Jianmin Hua; Lin Chen; Mohamed Farghali; Pow‐Seng Yap; Yubing Zhang; Yunfei Liu; Zhonghao Chen,Assiut University; Chongqing University; King Saud University; Kobe University; Queen's University Belfast; Xi’an Jiaotong-Liverpool University,CN; EG; GB; JP; SA
https://openalex.org/W4388333366,Generative Artificial Intelligence: Implications and Considerations for Higher Education Practice,2023,article,332,37,Artificial Intelligence in Healthcare and Education; Clinical Reasoning and Diagnostic Skills; Online Learning and Analytics,Education Sciences,Nick Baker; Tom Farrelly,Munster Technological University; University of Windsor,CA; IE
https://openalex.org/W4386122321,The Ethics of Artificial Intelligence,2023,book,322,437,"Blockchain Technology Applications and Security; Ethics and Social Impacts of AI; Neuroethics, Human Enhancement, Biomedical Innovations",,Luciano Floridi,Yale University,US
https://openalex.org/W4376633190,Artificial intelligence and firm-level productivity,2023,article,312,70,Digital Platforms and Economics; Firm Innovation and Growth; Innovation Diffusion and Forecasting,Journal of Economic Behavior & Organization,Christian Rammer; Dirk Czarnitzki; Gastón P. Fernández,Centre for European Economic Research; Conseil Européen de l'Industrie des Peintures des Encres d'Imprimerie et des Couleurs d'Art; KU Leuven,BE; DE
https://openalex.org/W4319348251,Accountability in artificial intelligence: what it is and how it works,2023,article,311,38,Adversarial Robustness in Machine Learning; Ethics and Social Impacts of AI; Explainable Artificial Intelligence (XAI),AI & Society,Claudio Novelli; Luciano Floridi; Mariarosaria Taddeo,British Library; Turing Institute; University of Bologna; University of Oxford; Zambon (Italy),GB; IT
https://openalex.org/W4379054888,"Generative artificial intelligence empowers educational reform: current status, issues, and prospects",2023,article,307,40,Artificial Intelligence in Healthcare and Education; Engineering Education and Technology; Explainable Artificial Intelligence (XAI),Frontiers in Education,Hao Yu; Yunyun Guo,Northwest University; Shaanxi Normal University,CN
https://openalex.org/W4318586239,Artificial Intelligence: Definition and Background,2023,book-chapter,304,34,Big Data and Business Intelligence; Complex Systems and Decision Making; Ethics and Social Impacts of AI,Research for policy,Erik Schrijvers; Haroon Sheikh; J.E.J. Prins,Scientific Council for Government Policy,NL
https://openalex.org/W4378470061,Artificial intelligence in healthcare and education,2023,article,302,1,Artificial Intelligence in Healthcare and Education; Healthcare Systems and Public Health,BDJ,Manàs Dave; Neil Patel,University Dental Hospital of Manchester; University of Manchester,GB
https://openalex.org/W4387340031,A Systematic Review of the Barriers to the Implementation of Artificial Intelligence in Healthcare,2023,review,302,69,Artificial Intelligence in Healthcare and Education; COVID-19 diagnosis using AI; Machine Learning in Healthcare,Cureus,Ashley R. Dennison; Brendan Spooner; Emma Orrock; John Isherwood; Mark A. Lane; Molla Imaduddin Ahmed,Birmingham and Midland Eye Centre; Serviço Nacional de Aprendizagem Comercial; University Hospitals Coventry and Warwickshire NHS Trust; University Hospitals of Leicester NHS Trust,BR; GB
https://openalex.org/W4327518725,Artificial intelligence in education,2023,book-chapter,297,1,Artificial Intelligence in Education; Online Learning and Analytics; Scientific Research and Technology,,Charles Fadel; Maya Bialik; W. Holmes,,
https://openalex.org/W4381332452,Generative artificial intelligence in the metaverse era,2023,article,296,107,Artificial Intelligence in Healthcare and Education; Explainable Artificial Intelligence (XAI); Generative Adversarial Networks and Image Synthesis,Cognitive Robotics,Zhihan Lv,Uppsala University,SE
https://openalex.org/W4361284227,Artificial Intelligence in Medicine,2023,editorial,291,3,Artificial Intelligence in Healthcare and Education; COVID-19 diagnosis using AI; Clinical Reasoning and Diagnostic Skills,New England Journal of Medicine,Andrew L. Beam; Arjun K. Manrai; Eric J. Rubin; Isaac S. Kohane; Jeffrey M. Drazen; Tze-Yun Leong,Harvard University; National University of Singapore,SG; US
https://openalex.org/W4386637335,Considerations for addressing bias in artificial intelligence for health equity,2023,review,286,41,"Artificial Intelligence in Healthcare and Education; Health Systems, Economic Evaluations, Quality of Life; Healthcare cost, quality, practices",npj Digital Medicine,Danton Char; Malvina Eydelman; Michael D. Abràmoff; Michelle E. Tarver; Nilsa Loyo‐Berríos; Sylvia Trujillo; William H. Maisel; Ziad Obermeyer,"Center for Devices and Radiological Health; Ethics and Public Policy Center; Ochin; San Diego Cardiac Center; Stanford University; United States Food and Drug Administration; University of California, Berkeley; University of California, San Francisco; University of Iowa",US
https://openalex.org/W4387259074,Artificial intelligence for digital and computational pathology,2023,article,277,219,AI in cancer detection; Cell Image Analysis Techniques; Radiomics and Machine Learning in Medical Imaging,Nature Reviews Bioengineering,Andrew H. Song; Anurag Vaidya; Drew F. K. Williamson; Faisal Mahmood; Guillaume Jaume; Ming Y. Lu; Tiffany R. Miller,Brigham and Women's Hospital; Broad Institute; Dana-Farber Cancer Institute; Harvard University; Harvard University Press; Harvard–MIT Division of Health Sciences and Technology; Massachusetts General Hospital; Massachusetts Institute of Technology,US
https://openalex.org/W4353091694,Catalyzing next-generation Artificial Intelligence through NeuroAI,2023,review,275,60,Advanced Memory and Neural Computing; Neural dynamics and brain function; Reinforcement Learning in Robotics,Nature Communications,Adam Marblestone; Alexandre Pouget; Alexei A. Koulakov; Andreas S. Tolias; Anne K. Churchland; Anthony M. Zador; Bence P. Ölveczky; Blake A. Richards; Bruno A. Olshausen; Claudia Clopath; Cristina Savin; David Sussillo; Dmitri B. Chklovskii; Doris Y. Tsao; Eero P. Simoncelli; G. Sean Escola; James J. DiCarlo; Jeff Hawkins; Konrad P. Körding; Kwabena Boahen; Matthew Botvinick; Sara A. Solla; Surya Ganguli; Terrence J. Sejnowski; Timothy Lillicrap; Yann LeCun; Yoshua Bengio,"Baylor College of Medicine; Brooklyn College; Cold Spring Harbor Laboratory; Columbia University; Google (United Kingdom); Harvard University; Human Media; Imperial College London; McGill University; Menlo School; Mila - Quebec Artificial Intelligence Institute; Montreal Neurological Institute and Hospital; Northwestern University; Ontario Brain Institute; Salk Institute for Biological Studies; Simons Foundation; Stanford University; University of California, Berkeley; University of California, Los Angeles; University of Geneva; University of Pennsylvania",CA; CH; GB; US
https://openalex.org/W4386729081,Artificial intelligence in developing countries: The impact of generative artificial intelligence (AI) technologies for development,2023,article,273,124,AI in Service Interactions; Artificial Intelligence in Healthcare and Education; COVID-19 diagnosis using AI,Information Development,Aishwarya Srivastava; Brady Lund; Chalermchai Oak Pohboon; Daniel Agbaji; JaKLyn Galley; Joy Alhassan; Lydia Ogbadu‐Oladapo; Nishith Reddy Mannuru; Praveenkumar Vaidya; Raana Kousari; Sai Priya Tummuru; Sakib Shahriar; Shubham Saurav; Solomon Tijani; Sravya Uppala; Ting Wang; Zoë Abbie Teel,Christ University; Defence Scientific Information & Documentation Centre; Emporia State University; Institute for Social and Economic Research; Iran University of Medical Sciences; Jaipuria Institute of Management; University of Guelph; University of North Texas,CA; GB; IN; IR; US
https://openalex.org/W4386723917,Managing artificial intelligence,2023,article,266,5,"Artificial Intelligence in Healthcare and Education; Law, AI, and Intellectual Property; Species Distribution and Climate Change",Journal of Wildlife Management,Paul R. Krausman,,
https://openalex.org/W4385059984,A Review of Trustworthy and Explainable Artificial Intelligence (XAI),2023,review,266,120,Adversarial Robustness in Machine Learning; Artificial Intelligence in Healthcare and Education; Explainable Artificial Intelligence (XAI),IEEE Access,A. Razia Sulthana; Biplab Sikdar; Debshishu Ghosh; Divyansh Dhingra; Vikas Hassija; Vinay Chamola,"Birla Institute of Technology and Science, Pilani; Jaypee Institute of Information Technology; National University of Singapore; University of Greenwich",GB; IN; SG
https://openalex.org/W4387296910,Artificial intelligence in diagnostic pathology,2023,review,260,121,AI in cancer detection; Medical Imaging and Analysis; Radiomics and Machine Learning in Medical Imaging,Diagnostic Pathology,Anil V. Parwani; Saba Shafi,The Ohio State University Wexner Medical Center,US
https://openalex.org/W4389049946,Artificial Intelligence and the Future of Humans,2023,article,242,2,Paranormal Experiences and Beliefs,Dialogo,Tudor-Cosmin Ciocan,,
https://openalex.org/W4389549325,Brain organoid reservoir computing for artificial intelligence,2023,article,241,44,Advanced Memory and Neural Computing; Neural Networks and Reservoir Computing; Neural dynamics and brain function,Nature Electronics,Chunhui Tian; Feng Guo; Hongcheng Liu; Hongwei Cai; Jason Tchieu; Ken Mackie; Mingxia Gu; Zheng Ao; Zhuhao Wu,Cincinnati Children's Hospital Medical Center; Indiana University Bloomington; University of Cincinnati; University of Florida,US
https://openalex.org/W4321376147,Artificial intelligence in dentistry—A review,2023,review,233,98,AI in cancer detection; Artificial Intelligence in Healthcare and Education; Dental Radiography and Imaging,Frontiers in Dental Medicine,Hao Ding; JP Matinlinna; James Kit Hon Tsoi; Jiamin Wu; Michael F. Burrow; Wuyuan Zhao,University of Hong Kong; University of Manchester,GB; HK
https://openalex.org/W4315648146,Artificial Intelligence in Pharmaceutical and Healthcare Research,2023,article,224,156,Artificial Intelligence in Healthcare; Artificial Intelligence in Healthcare and Education; COVID-19 diagnosis using AI,Big Data and Cognitive Computing,Jayashree Mayuren; Mayuren Candasamy; Pratibha Gupta; Priyanka Banerjee; Subrat Kumar Bhattamisra; Susmita Patra,Adamas University; GITAM University; IMU University,IN; MY
https://openalex.org/W4385181053,Artificial Intelligence - A Modern Approach,2023,book,204,0,Artificial Intelligence in Healthcare and Education; Internet of Things and AI; Knowledge Management and Technology,Zenodo (CERN European Organization for Nuclear Research),Amol Sonawane; Midhun Moorthi C; Mrs. C. Sathya; R. K. Gnanamurthy,,
https://openalex.org/W4392773210,"Embracing the future of Artificial Intelligence in the classroom: the relevance of AI literacy, prompt engineering, and critical thinking in modern education",2024,article,742,78,Biomedical and Engineering Education; Engineering Education and Technology; Teaching and Learning Programming,International Journal of Educational Technology in Higher Education,Yoshija Walter,Kalaidos University of Applied Sciences,CH
https://openalex.org/W4396766974,Artificial intelligence in education: A systematic literature review,2024,article,625,145,Engineering Education and Technology; Intelligent Tutoring Systems and Adaptive Learning; Online Learning and Analytics,Expert Systems with Applications,Fang Wang; Jingxuan Wang; Shan Wang; Tam Tran; Zhao Du; Zhen Zhu,Beijing Sport University; China University of Geosciences; University of Saskatchewan; Wilfrid Laurier University,CA; CN
https://openalex.org/W4400135851,A Perspective on Explainable Artificial Intelligence Methods: SHAP and LIME,2024,article,574,25,Artificial Intelligence in Healthcare and Education; Explainable Artificial Intelligence (XAI); Machine Learning in Healthcare,Advanced Intelligent Systems,Ahmed Salih; Gloria Menegaz; Ilaria Boscolo Galazzo; Karim Lekadir; Petia Radeva; Steffen E. Petersen; Zahra Raisi‐Estabragh,Barts Health NHS Trust; British Library; Health Data Research UK; Queen Mary University of London; St Bartholomew's Hospital; Turing Institute; Universitat de Barcelona; University of Leicester; University of Verona; University of Zakho; William Harvey Research Institute,ES; GB; IQ; IT
https://openalex.org/W4390583258,"Navigating the confluence of artificial intelligence and education for sustainable development in the era of industry 4.0: Challenges, opportunities, and ethical dimensions",2024,article,554,129,Biomedical and Engineering Education; Digital Transformation in Industry; Engineering Education and Technology,Journal of Cleaner Production,Ammar Abulibdeh; Esmat Zaidan; Rawan Abulibdeh,Hamad bin Khalifa University; Qatar University; University of Toronto,CA; QA
https://openalex.org/W4391006361,"A meta systematic review of artificial intelligence in higher education: a call for increased ethics, collaboration, and rigour",2024,article,503,135,Artificial Intelligence in Healthcare and Education; Explainable Artificial Intelligence (XAI); Online Learning and Analytics,International Journal of Educational Technology in Higher Education,Emily Oxley; George Siemens; Hassan Khosravi; Maarten de Laat; Melissa Bond; Nina Bergdahl; Phuong Pham; Sin Wang Chong; Violeta Negrea,Andrews University; Halmstad University; Stockholm University; The University of Queensland; University College London; University of South Australia; University of St Andrews; University of Stavanger,AU; GB; NO; SE; US
https://openalex.org/W4392504765,Artificial intelligence and illusions of understanding in scientific research,2024,article,497,172,"Ethics and Social Impacts of AI; Explainable Artificial Intelligence (XAI); Innovation, Sustainability, Human-Machine Systems",Nature,Lisa Messeri; Molly J. Crockett,Princeton University; Yale University,US
https://openalex.org/W4391848979,Explainable Artificial Intelligence (XAI) 2.0: A manifesto of open challenges and interdisciplinary research directions,2024,article,451,323,Artificial Intelligence in Healthcare and Education; Explainable Artificial Intelligence (XAI); Machine Learning in Healthcare,Information Fusion,Andreas Holzinger; Andrés Páez; Federico Cabitza; Francisco Herrera; Freddy Lécué; Gianclaudio Malgieri; Hassan Khosravi; Jaesik Choi; Javier Del Ser; Johannes Schneider; Luca Longo; Mario Brčić; Riccardo Guidotti; Richard Jiang; Roberto Confalonieri; Simone Stumpf; Timo Speith; Wojciech Samek; Yoichi Hayashi,"Association of Electronic and Information Technologies; BOKU University; Berlin Institute for the Foundations of Learning and Data; Fraunhofer Institute for Telecommunications, Heinrich Hertz Institute; Institut national de recherche en sciences et technologies du numérique; Instituto Andaluz de Ciencias de la Tierra; Intel (Ireland); Istituto Clinico Sant'Ambrogio; Korea Advanced Institute of Science and Technology; Lancaster University; Leiden University; Meiji University; Saarland University; Technische Universität Berlin; Technological University Dublin; The University of Queensland; Universidad de Granada; Universidad de Los Andes; University of Bayreuth; University of Glasgow; University of Liechtenstein; University of Milano-Bicocca; University of Padua; University of Pisa; University of Zagreb; University of the Basque Country",AT; AU; CO; DE; ES; FR; GB; HR; IE; IT; JP; KR; LI; NL
https://openalex.org/W4392452942,Using artificial intelligence in academic writing and research: An essential productivity tool,2024,article,434,52,Artificial Intelligence in Healthcare and Education,Computer Methods and Programs in Biomedicine Update,Mohamed Khalifa; Mona Albadawy,La Trobe University; Macquarie University; UNSW Sydney,AU
https://openalex.org/W4402988539,Artificial Intelligence-Enabled Intelligent Assistant for Personalized and Adaptive Learning in Higher Education,2024,article,417,37,Engineering Education and Technology; Online Learning and Analytics,Information,David M. Cwiertny; Muhammed Cikmaz; Ramteja Sajja; Yusuf Sermet; İbrahim Demir,University of Iowa,US
https://openalex.org/W4394875731,Enhancing mental health with Artificial Intelligence: Current trends and future prospects,2024,article,404,111,Artificial Intelligence in Healthcare and Education; Digital Mental Health Interventions; Machine Learning in Healthcare,Journal of Medicine Surgery and Public Health,Aanuoluwapo Clement David-Olawade; Aderonke Odetayo; David B. Olawade; Fiyinfoluwa T. Asaolu; Judith Eberhardt; Ojima Z. Wada,De Montfort University; Hamad bin Khalifa University; Qatar Foundation; Teesside University; Tung Wah College; University of Derby; University of East London,CN; GB; QA
https://openalex.org/W4399433746,A review of Explainable Artificial Intelligence in healthcare,2024,review,380,153,Artificial Intelligence in Healthcare and Education; Explainable Artificial Intelligence (XAI); Machine Learning in Healthcare,Computers & Electrical Engineering,Afshin Shoeibi; Ammar Almasri; Bilal Alataş; Hossein Moosaei; Mehmet Akif Çifçi; Milan Hladík; Pranjal Kumar Bora; Priyakshi Mahanta; Pãnos M. Pardalos; Rami S. Alkhawaldeh; Rizwan Rehman; Roohallah Alizadehsani; Sadiq Hussain; Saeid Nahavandi; Samina Kausar; Zahra Sadeghi,,
https://openalex.org/W4392769984,A scoping review of artificial intelligence in medical education: BEME Guide No. 84,2024,review,364,306,Artificial Intelligence in Healthcare and Education; Clinical Reasoning and Diagnostic Skills; Explainable Artificial Intelligence (XAI),Medical Teacher,Aderonke Ajiboye; Brian Kwan; Ciaran Grafton‐Clarke; Colin Michie; Diana Dolmans; Hussein Uraiby; Janet Corral; Janice L. Hanson; Mary R. Haas; Maxwell Spadafore; Michelle Daniel; Morris Gordon; Nicole Y. Xu; Rangana Bartlett; Rayhan Yousef Gasiea; Satid Thammasitboon,"Baylor College of Medicine; Blackpool Teaching Hospitals NHS Foundation Trust; Department of Health; Office of Education; University Hospitals of Leicester NHS Trust; University of California San Diego; University of East Anglia; University of Lancashire; University of Michigan; University of Nevada, Reno; Washington University in St. Louis",GB; TW; US
https://openalex.org/W4405439405,Ethical and Bias Considerations in Artificial Intelligence/Machine Learning,2024,review,347,78,Artificial Intelligence in Healthcare and Education; Ethics and Social Impacts of AI; Explainable Artificial Intelligence (XAI),Modern Pathology,Brian Jackson; Hooman H. Rashidi; Joshua Pantanowitz; Liron Pantanowitz; Matthew G. Hanna; Mustafa Deebajah; Octavia M. Peck Palmer; Shyam Visweswaran,ARUP Laboratories (United States); Cleveland Clinic; University of Pittsburgh; University of Pittsburgh Medical Center,US
https://openalex.org/W4399913870,A review of green artificial intelligence: Towards a more sustainable future,2024,review,339,111,Air Quality Monitoring and Forecasting; Energy Load and Power Forecasting; Impact of Light on Environment and Health,Neurocomputing,Amparo Alonso‐Betanzos; Brais Cancela; Laura Morán‐Fernández; Verónica Bolón‐Canedo,Universidade da Coruña,ES
https://openalex.org/W4392447866,"Generative artificial intelligence, human creativity, and art",2024,article,331,8,Aesthetic Perception and Analysis; Creativity in Education and Neuroscience,PNAS Nexus,Dokyun Lee; Eric Zhou,Boston University,US
https://openalex.org/W4401587065,Generative artificial intelligence: a systematic review and applications,2024,review,311,122,Artificial Intelligence in Healthcare and Education; Explainable Artificial Intelligence (XAI); Machine Learning in Healthcare,Multimedia Tools and Applications,Affan Bin Hasan; Fiona Carroll; Sandeep Singh Sengar; Sanjay Kumar,Cardiff Metropolitan University; Delhi Technological University,GB; IN
https://openalex.org/W4401819987,"Artificial intelligence for geoscience: Progress, challenges, and perspectives",2024,review,311,589,Geochemistry and Geologic Mapping; Methane Hydrates and Related Phenomena; Seismology and Earthquake Studies,The Innovation,Antonio Plaza; Bing Zhang; Bryan M. Wong; Changping Huang; Chaojun Ouyang; Chaolei Zheng; Chengqing Yu; Chenying Liu; Chong Shi; Danfeng Hong; Defeng Feng; Fan Zhang; Fei Wang; Hongjun Su; Hongsheng Zhang; Huai Zhang; Husi Letu; Jiabao Zhang; Jiancheng Shi; Jiangyuan Zeng; Jin Zhang; Jocelyn Chanussot; Jun Li; Lei Luo; Li Wang; Lizhe Wang; Min Chen; Nan Li; Ni Huang; Prashant Kumar; Qingsong Xu; Sabine Grunwald; Sheng Wang; Shuai Yin; Tangtang Zhang; Tangwen Qian; Tao Sun; Tianjie Zhao; Wang Fang; Wei Han; Wei Zhao; Yan Wu; Yang Zhou; Yinyi Lin; Yong Xie; Yongjun Xu; Yu Long; Zezhi Shao; Zhao Chen; Zhen Qian; Zhenyu Wang,"Aerospace Information Research Institute; Beijing Institute of Big Data Research; Centre Inria de l'Université Grenoble Alpes; Centre National de la Recherche Scientifique; China University of Geosciences; Chinese Academy of Sciences; Helmholtz Centre for Environmental Research; Hohai University; Institut polytechnique de Grenoble; Institute for Sustainability; Institute of Computing Technology; Institute of Mountain Hazards and Environment; Institute of Soil Science; Institute of Vertebrate Paleontology and Paleoanthropology; Laboratoire Jean Kuntzmann; Nanjing Normal University; Nanjing University of Information Science and Technology; National Space Science Center; Peking University; Technical University of Munich; Universidad de Extremadura; University of California, Riverside; University of Chinese Academy of Sciences; University of Florida; University of Hong Kong; University of Surrey; Université Grenoble Alpes",CN; DE; ES; FR; GB; HK; US
https://openalex.org/W4399125735,Checklist for Artificial Intelligence in Medical Imaging (CLAIM): 2024 Update,2024,editorial,308,17,AI in cancer detection; Artificial Intelligence in Healthcare and Education; Radiomics and Machine Learning in Medical Imaging,Radiology Artificial Intelligence,Adam E. Flanders; Aldo Badano; Alexandros Protonotarios; Ali S. Tejani; An Tang; Anant Madabhushi; Andrey Fedorov; Anna Andreychenko; Anthony A. Gatti; Antonios Tzortzakakis; Apostolos H. Karantanas; Bayarbaatar Bold; Benjamin Fine; Bettina Baeßler; Bradford J. Wood; Burak Koçak; Carlo N. De Cecco; Carol C. Wu; Cecilia S. Lee; Charles E. Kahn; Curtis P. Langlotz; Daniel Santos; Dow‐Mu Koh; Elizabeth A. Krupinski; Elmar Kotter; Emanuele Neri; Emmanuel Salinas-Miranda; Felipe Kitamura; Folkert W. Asselbergs; Francesco Sardanelli; Fred Prior; Giovanni Cacciamani; Greg Zaharchuk; Guillermo Elizondo‐Riojas; Hesham Elhalawani; Jacob J. Visser; Jaishree Naidoo; Jayashree Kalpathy–Cramer; Jeffrey D. Rudie; Jeroen van der Laak; John A. Carrino; John Damilakis; John Mongan; Judy Wawira Gichoya; Julius Chapiro; Katja Pinker; Kostas Marias; Krishna Juluru; Lena Maier-Hein; Linda Moy; Luca Maria Sconfienza; Luis Martí‐Bonmatí; Marc Zins; Mario Maas; Mark E. Schweitzer; Maryellen L. Giger; Mauricio Reyes; Michael F. Chiang; Michail E. Klontzas; Nikolaos Papanikolaou; Peter M. A. van Ooijen; Prateek Sharma; Renato Cuocolo; Robert Ochs; Ronnie Sebro; Roxana Daneshjou; Safwan S. Halabi; Saif Afat; Seong Ho Park; Sotirios Bisdas; Sunhy Abbara; Sven Haller; Tessa S. Cook; Thomas V. Papathomas; Torkel B. Brismar; Udunna Anazodo; Vasantha Kumar Venugopal; Veronica Rotemberg; William Hsu; for the CLAIM 2024 Update Panel,"New York University; Stanford University; The University of Texas Southwestern Medical Center; Ulsan College; United States Department of Health and Human Services; University Hospital of Heraklion; University of California System; University of California, San Francisco; University of Crete; University of Pennsylvania; University of Ulsan",GR; KR; US
https://openalex.org/W2739965732,Engineering Applications of Artificial Intelligence,2024,book,300,0,Artificial Intelligence Applications; Digital Transformation in Industry; Internet of Things and AI,"Synthesis lectures on engineering, science, and technology","Andry, Johanes Fernandes; Bansal, Rohit; Chakir, Aziza; Ghazouani, Mohamed; Ullah, Arif",,
https://openalex.org/W4403637324,Promises and challenges of generative artificial intelligence for human learning,2024,review,300,105,Artificial Intelligence in Healthcare and Education; Intelligent Tutoring Systems and Adaptive Learning; Online Learning and Analytics,Nature Human Behaviour,Dragan Gašević; Lixiang Yan; Samuel Greiff; Ziwen Teuber,Frankfurt Cancer Institute; Goethe University Frankfurt; Monash University; Technical University of Munich; University of Luxembourg,AU; DE; LU
https://openalex.org/W4390509775,The Integration of Artificial Intelligence into Clinical Practice,2024,article,215,193,Artificial Intelligence in Healthcare and Education; Autopsy Techniques and Outcomes; COVID-19 and healthcare impacts,Applied Biosciences,Vangelis Karalis,Foundation for Research and Technology Hellas; National and Kapodistrian University of Athens,GR
https://openalex.org/W4396862413,Artificial intelligence in surgery,2024,article,207,173,Artificial Intelligence in Healthcare and Education; Medical Imaging and Analysis; Surgical Simulation and Training,Nature Medicine,Chris Varghese; Eric J. Topol; Ewen M. Harrison; Greg O’Grady,Scripps Research Institute; University of Auckland; University of Edinburgh,GB; NZ; US
https://openalex.org/W4405713704,Artificial Intelligence,2024,book-chapter,180,0,Artificial Intelligence in Healthcare and Education; Explainable Artificial Intelligence (XAI); Internet of Things and AI,,Byeong Gi Lee,New Generation University College; Seoul National University,ET; KR
https://openalex.org/W4410611457,Revised Surgical CAse REport (SCARE) Guideline: An Update for the Age of Artificial Intelligence,2025,article,596,0,Artificial Intelligence in Healthcare and Education; Radiomics and Machine Learning in Medical Imaging; Surgical Simulation and Training,Premier journal of science.,Ahmed Al‐Jabir; Ahmed Kerwan; Catrin Sohrabi; Ginimol Mathew; Maliha Agha; Maria Nicola; Rasha Rashid; Riaz Agha; Thomas Franchi,Harvard University; Imperial College London; Imperial Valley College; Premier Research Group; Royal Free London NHS Foundation Trust; University College Hospital; University College London; Wellington Hospital,GB; NZ; US
https://openalex.org/W4410594697,Transparency in the Reporting of Artificial Intelligence – The TITAN Guideline,2025,article,343,0,Space exploration and regulation,Premier journal of science.,Ahmed Al‐Jabir; Ahmed Kerwan; Catrin Sohrabi; Ginimol Mathew; Maliha Agha; Maria Nicola; Rasha Rashid; Riaz Agha; Thomas Franchi,Harvard University; Imperial College London; Imperial Valley College; Premier Research Group; Royal Free London NHS Foundation Trust; University College Hospital; University College London; Wellington Hospital,GB; NZ; US
https://openalex.org/W4406633314,Artificial intelligence in drug development,2025,review,312,274,Cell Image Analysis Techniques; Computational Drug Discovery Methods; Machine Learning in Materials Science,Nature Medicine,Gen Li; Joseph C. Wu; Kang Zhang; Niu Huang; Shengyong Yang; Xiaokun Li; Xin Yang; Yifei Wang; Yunfang Yu,"Affiliated Eye Hospital of Wenzhou Medical College; Cardiovascular Institute of the South; Macau University of Science and Technology; National Institute of Biological Sciences, Beijing; Sichuan University; Stanford University; State Key Laboratory of Biotherapy; Sun Yat-sen Memorial Hospital; Sun Yat-sen University; Wenzhou Medical University",CN; MO; US
