country,year,topic_bucket,count
AD,2007,Artificial Intelligence,1
AD,2011,Artificial Intelligence,1
AD,2021,Artificial Intelligence,1
AD,2022,Artificial Intelligence,1
AD,2023,Artificial Intelligence,1
AD,2024,Artificial Intelligence,3
AE,2000,Artificial Intelligence,5
AE,2001,Artificial Intelligence,7
AE,2002,Artificial Intelligence,23
AE,2003,Artificial Intelligence,22
AE,2004,Artificial Intelligence,25
AE,2005,Artificial Intelligence,24
AE,2006,Artificial Intelligence,33
AE,2007,Artificial Intelligence,42
AE,2008,Artificial Intelligence,43
AE,2009,Artificial Intelligence,41
AE,2010,Artificial Intelligence,34
AE,2011,Artificial Intelligence,45
AE,2012,Artificial Intelligence,75
AE,2013,Artificial Intelligence,71
AE,2014,Artificial Intelligence,72
AE,2015,Artificial Intelligence,116
AE,2016,Artificial Intelligence,124
AE,2017,Artificial Intelligence,168
AE,2018,Artificial Intelligence,210
AE,2019,Artificial Intelligence,296
AE,2020,Artificial Intelligence,411
AE,2021,Artificial Intelligence,526
AE,2022,Artificial Intelligence,750
AE,2023,Artificial Intelligence,1127
AE,2024,Artificial Intelligence,1276
AE,2025,Artificial Intelligence,1534
AF,2013,Artificial Intelligence,2
AF,2015,Artificial Intelligence,1
AF,2017,Artificial Intelligence,3
AF,2018,Artificial Intelligence,3
AF,2019,Artificial Intelligence,7
AF,2020,Artificial Intelligence,10
AF,2021,Artificial Intelligence,18
AF,2022,Artificial Intelligence,19
AF,2023,Artificial Intelligence,19
AF,2024,Artificial Intelligence,27
AF,2025,Artificial Intelligence,46
AG,2011,Artificial Intelligence,1
AG,2021,Artificial Intelligence,1
AG,2022,Artificial Intelligence,1
AG,2023,Artificial Intelligence,1
AG,2024,Artificial Intelligence,2
AG,2025,Artificial Intelligence,4
AL,2000,Artificial Intelligence,1
AL,2001,Artificial Intelligence,2
AL,2006,Artificial Intelligence,1
AL,2007,Artificial Intelligence,2
AL,2008,Artificial Intelligence,4
AL,2009,Artificial Intelligence,2
AL,2010,Artificial Intelligence,9
AL,2011,Artificial Intelligence,10
AL,2012,Artificial Intelligence,5
AL,2013,Artificial Intelligence,18
AL,2014,Artificial Intelligence,25
AL,2015,Artificial Intelligence,14
AL,2016,Artificial Intelligence,12
AL,2017,Artificial Intelligence,13
AL,2018,Artificial Intelligence,16
AL,2019,Artificial Intelligence,19
AL,2020,Artificial Intelligence,13
AL,2021,Artificial Intelligence,24
AL,2022,Artificial Intelligence,23
AL,2023,Artificial Intelligence,32
AL,2024,Artificial Intelligence,36
AL,2025,Artificial Intelligence,58
AM,2000,Artificial Intelligence,7
AM,2001,Artificial Intelligence,4
AM,2002,Artificial Intelligence,7
AM,2003,Artificial Intelligence,5
AM,2004,Artificial Intelligence,3
AM,2005,Artificial Intelligence,4
AM,2006,Artificial Intelligence,8
AM,2007,Artificial Intelligence,8
AM,2008,Artificial Intelligence,12
AM,2009,Artificial Intelligence,7
AM,2010,Artificial Intelligence,14
AM,2011,Artificial Intelligence,12
AM,2012,Artificial Intelligence,8
AM,2013,Artificial Intelligence,15
AM,2014,Artificial Intelligence,8
AM,2015,Artificial Intelligence,16
AM,2016,Artificial Intelligence,10
AM,2017,Artificial Intelligence,17
AM,2018,Artificial Intelligence,19
AM,2019,Artificial Intelligence,19
AM,2020,Artificial Intelligence,24
AM,2021,Artificial Intelligence,29
AM,2022,Artificial Intelligence,38
AM,2023,Artificial Intelligence,56
AM,2024,Artificial Intelligence,52
AM,2025,Artificial Intelligence,80
AO,2004,Artificial Intelligence,1
AO,2009,Artificial Intelligence,2
AO,2010,Artificial Intelligence,1
AO,2011,Artificial Intelligence,2
AO,2012,Artificial Intelligence,1
AO,2014,Artificial Intelligence,2
AO,2015,Artificial Intelligence,1
AO,2016,Artificial Intelligence,3
AO,2017,Artificial Intelligence,2
AO,2018,Artificial Intelligence,1
AO,2019,Artificial Intelligence,5
AO,2020,Artificial Intelligence,1
AO,2021,Artificial Intelligence,1
AO,2022,Artificial Intelligence,2
AO,2023,Artificial Intelligence,6
AO,2024,Artificial Intelligence,2
AO,2025,Artificial Intelligence,4
AR,2000,Artificial Intelligence,34
AR,2001,Artificial Intelligence,32
AR,2002,Artificial Intelligence,72
AR,2003,Artificial Intelligence,69
AR,2004,Artificial Intelligence,63
AR,2005,Artificial Intelligence,83
AR,2006,Artificial Intelligence,87
AR,2007,Artificial Intelligence,85
AR,2008,Artificial Intelligence,114
AR,2009,Artificial Intelligence,99
AR,2010,Artificial Intelligence,132
AR,2011,Artificial Intelligence,153
AR,2012,Artificial Intelligence,114
AR,2013,Artificial Intelligence,129
AR,2014,Artificial Intelligence,176
AR,2015,Artificial Intelligence,150
AR,2016,Artificial Intelligence,145
AR,2017,Artificial Intelligence,140
AR,2018,Artificial Intelligence,161
AR,2019,Artificial Intelligence,174
AR,2020,Artificial Intelligence,196
AR,2021,Artificial Intelligence,193
AR,2022,Artificial Intelligence,162
AR,2023,Artificial Intelligence,193
AR,2024,Artificial Intelligence,220
AR,2025,Artificial Intelligence,259
AT,2000,Artificial Intelligence,171
AT,2001,Artificial Intelligence,175
AT,2002,Artificial Intelligence,285
AT,2003,Artificial Intelligence,250
AT,2004,Artificial Intelligence,248
AT,2005,Artificial Intelligence,325
AT,2006,Artificial Intelligence,343
AT,2007,Artificial Intelligence,397
AT,2008,Artificial Intelligence,421
AT,2009,Artificial Intelligence,501
AT,2010,Artificial Intelligence,503
AT,2011,Artificial Intelligence,541
AT,2012,Artificial Intelligence,529
AT,2013,Artificial Intelligence,571
AT,2014,Artificial Intelligence,582
AT,2015,Artificial Intelligence,601
AT,2016,Artificial Intelligence,631
AT,2017,Artificial Intelligence,682
AT,2018,Artificial Intelligence,748
AT,2019,Artificial Intelligence,810
AT,2020,Artificial Intelligence,937
AT,2021,Artificial Intelligence,1071
AT,2022,Artificial Intelligence,1075
AT,2023,Artificial Intelligence,1156
AT,2024,Artificial Intelligence,1049
AT,2025,Artificial Intelligence,1197
AU,2000,Artificial Intelligence,501
AU,2001,Artificial Intelligence,604
AU,2002,Artificial Intelligence,1586
AU,2003,Artificial Intelligence,1064
AU,2004,Artificial Intelligence,961
AU,2005,Artificial Intelligence,1167
AU,2006,Artificial Intelligence,1247
AU,2007,Artificial Intelligence,1197
AU,2008,Artificial Intelligence,1146
AU,2009,Artificial Intelligence,1162
AU,2010,Artificial Intelligence,1394
AU,2011,Artificial Intelligence,1363
AU,2012,Artificial Intelligence,1382
AU,2013,Artificial Intelligence,1443
AU,2014,Artificial Intelligence,1686
AU,2015,Artificial Intelligence,1719
AU,2016,Artificial Intelligence,1774
AU,2017,Artificial Intelligence,2025
AU,2018,Artificial Intelligence,2138
AU,2019,Artificial Intelligence,2564
AU,2020,Artificial Intelligence,2907
AU,2021,Artificial Intelligence,3187
AU,2022,Artificial Intelligence,3000
AU,2023,Artificial Intelligence,3288
AU,2024,Artificial Intelligence,3524
AU,2025,Artificial Intelligence,4094
AW,2025,Artificial Intelligence,1
AZ,2000,Artificial Intelligence,3
AZ,2001,Artificial Intelligence,2
AZ,2002,Artificial Intelligence,8
AZ,2003,Artificial Intelligence,2
AZ,2004,Artificial Intelligence,8
AZ,2005,Artificial Intelligence,2
AZ,2006,Artificial Intelligence,5
AZ,2007,Artificial Intelligence,20
AZ,2008,Artificial Intelligence,7
AZ,2009,Artificial Intelligence,19
AZ,2010,Artificial Intelligence,9
AZ,2011,Artificial Intelligence,16
AZ,2012,Artificial Intelligence,28
AZ,2013,Artificial Intelligence,16
AZ,2014,Artificial Intelligence,21
AZ,2015,Artificial Intelligence,24
AZ,2016,Artificial Intelligence,23
AZ,2017,Artificial Intelligence,29
AZ,2018,Artificial Intelligence,47
AZ,2019,Artificial Intelligence,54
AZ,2020,Artificial Intelligence,38
AZ,2021,Artificial Intelligence,58
AZ,2022,Artificial Intelligence,65
AZ,2023,Artificial Intelligence,90
AZ,2024,Artificial Intelligence,110
AZ,2025,Artificial Intelligence,207
BA,2000,Artificial Intelligence,1
BA,2001,Artificial Intelligence,3
BA,2002,Artificial Intelligence,6
BA,2003,Artificial Intelligence,4
BA,2004,Artificial Intelligence,2
BA,2005,Artificial Intelligence,4
BA,2006,Artificial Intelligence,3
BA,2007,Artificial Intelligence,5
BA,2008,Artificial Intelligence,5
BA,2009,Artificial Intelligence,8
BA,2010,Artificial Intelligence,3
BA,2011,Artificial Intelligence,5
BA,2012,Artificial Intelligence,26
BA,2013,Artificial Intelligence,20
BA,2014,Artificial Intelligence,24
BA,2015,Artificial Intelligence,17
BA,2016,Artificial Intelligence,15
BA,2017,Artificial Intelligence,26
BA,2018,Artificial Intelligence,35
BA,2019,Artificial Intelligence,33
BA,2020,Artificial Intelligence,36
BA,2021,Artificial Intelligence,24
BA,2022,Artificial Intelligence,44
BA,2023,Artificial Intelligence,54
BA,2024,Artificial Intelligence,71
BA,2025,Artificial Intelligence,74
BB,2000,Artificial Intelligence,1
BB,2002,Artificial Intelligence,1
BB,2004,Artificial Intelligence,2
BB,2005,Artificial Intelligence,1
BB,2010,Artificial Intelligence,1
BB,2011,Artificial Intelligence,1
BB,2014,Artificial Intelligence,2
BB,2015,Artificial Intelligence,2
BB,2018,Artificial Intelligence,2
BB,2019,Artificial Intelligence,1
BB,2021,Artificial Intelligence,1
BB,2022,Artificial Intelligence,3
BB,2023,Artificial Intelligence,3
BB,2024,Artificial Intelligence,3
BB,2025,Artificial Intelligence,4
BD,2000,Artificial Intelligence,6
BD,2001,Artificial Intelligence,3
BD,2002,Artificial Intelligence,8
BD,2003,Artificial Intelligence,13
BD,2004,Artificial Intelligence,16
BD,2005,Artificial Intelligence,10
BD,2006,Artificial Intelligence,19
BD,2007,Artificial Intelligence,38
BD,2008,Artificial Intelligence,80
BD,2009,Artificial Intelligence,59
BD,2010,Artificial Intelligence,85
BD,2011,Artificial Intelligence,78
BD,2012,Artificial Intelligence,103
BD,2013,Artificial Intelligence,125
BD,2014,Artificial Intelligence,164
BD,2015,Artificial Intelligence,126
BD,2016,Artificial Intelligence,150
BD,2017,Artificial Intelligence,196
BD,2018,Artificial Intelligence,242
BD,2019,Artificial Intelligence,392
BD,2020,Artificial Intelligence,379
BD,2021,Artificial Intelligence,588
BD,2022,Artificial Intelligence,580
BD,2023,Artificial Intelligence,754
BD,2024,Artificial Intelligence,907
BD,2025,Artificial Intelligence,1605
BE,2000,Artificial Intelligence,197
BE,2001,Artificial Intelligence,186
BE,2002,Artificial Intelligence,413
BE,2003,Artificial Intelligence,299
BE,2004,Artificial Intelligence,316
BE,2005,Artificial Intelligence,380
BE,2006,Artificial Intelligence,400
BE,2007,Artificial Intelligence,434
BE,2008,Artificial Intelligence,443
BE,2009,Artificial Intelligence,472
BE,2010,Artificial Intelligence,558
BE,2011,Artificial Intelligence,579
BE,2012,Artificial Intelligence,637
BE,2013,Artificial Intelligence,562
BE,2014,Artificial Intelligence,568
BE,2015,Artificial Intelligence,534
BE,2016,Artificial Intelligence,632
BE,2017,Artificial Intelligence,581
BE,2018,Artificial Intelligence,647
BE,2019,Artificial Intelligence,755
BE,2020,Artificial Intelligence,785
BE,2021,Artificial Intelligence,849
BE,2022,Artificial Intelligence,792
BE,2023,Artificial Intelligence,886
BE,2024,Artificial Intelligence,921
BE,2025,Artificial Intelligence,1038
BF,2001,Artificial Intelligence,1
BF,2002,Artificial Intelligence,1
BF,2004,Artificial Intelligence,1
BF,2005,Artificial Intelligence,1
BF,2011,Artificial Intelligence,1
BF,2012,Artificial Intelligence,1
BF,2013,Artificial Intelligence,1
BF,2015,Artificial Intelligence,3
BF,2016,Artificial Intelligence,5
BF,2017,Artificial Intelligence,3
BF,2018,Artificial Intelligence,3
BF,2019,Artificial Intelligence,11
BF,2020,Artificial Intelligence,10
BF,2021,Artificial Intelligence,10
BF,2022,Artificial Intelligence,10
BF,2023,Artificial Intelligence,20
BF,2024,Artificial Intelligence,18
BF,2025,Artificial Intelligence,28
BG,2000,Artificial Intelligence,41
BG,2001,Artificial Intelligence,42
BG,2002,Artificial Intelligence,64
BG,2003,Artificial Intelligence,82
BG,2004,Artificial Intelligence,90
BG,2005,Artificial Intelligence,61
BG,2006,Artificial Intelligence,77
BG,2007,Artificial Intelligence,69
BG,2008,Artificial Intelligence,103
BG,2009,Artificial Intelligence,61
BG,2010,Artificial Intelligence,96
BG,2011,Artificial Intelligence,78
BG,2012,Artificial Intelligence,97
BG,2013,Artificial Intelligence,68
BG,2014,Artificial Intelligence,110
BG,2015,Artificial Intelligence,125
BG,2016,Artificial Intelligence,136
BG,2017,Artificial Intelligence,160
BG,2018,Artificial Intelligence,189
BG,2019,Artificial Intelligence,230
BG,2020,Artificial Intelligence,264
BG,2021,Artificial Intelligence,260
BG,2022,Artificial Intelligence,246
BG,2023,Artificial Intelligence,329
BG,2024,Artificial Intelligence,270
BG,2025,Artificial Intelligence,476
BH,2000,Artificial Intelligence,1
BH,2001,Artificial Intelligence,1
BH,2002,Artificial Intelligence,3
BH,2003,Artificial Intelligence,5
BH,2004,Artificial Intelligence,7
BH,2005,Artificial Intelligence,6
BH,2006,Artificial Intelligence,14
BH,2007,Artificial Intelligence,14
BH,2008,Artificial Intelligence,9
BH,2009,Artificial Intelligence,11
BH,2010,Artificial Intelligence,17
BH,2011,Artificial Intelligence,19
BH,2012,Artificial Intelligence,14
BH,2013,Artificial Intelligence,17
BH,2014,Artificial Intelligence,12
BH,2015,Artificial Intelligence,19
BH,2016,Artificial Intelligence,11
BH,2017,Artificial Intelligence,24
BH,2018,Artificial Intelligence,29
BH,2019,Artificial Intelligence,49
BH,2020,Artificial Intelligence,42
BH,2021,Artificial Intelligence,65
BH,2022,Artificial Intelligence,84
BH,2023,Artificial Intelligence,88
BH,2024,Artificial Intelligence,138
BH,2025,Artificial Intelligence,157
BI,2000,Artificial Intelligence,9
BI,2001,Artificial Intelligence,11
BI,2002,Artificial Intelligence,12
BI,2003,Artificial Intelligence,16
BI,2004,Artificial Intelligence,8
BI,2005,Artificial Intelligence,10
BI,2006,Artificial Intelligence,11
BI,2007,Artificial Intelligence,22
BI,2008,Artificial Intelligence,16
BI,2009,Artificial Intelligence,11
BI,2010,Artificial Intelligence,19
BI,2011,Artificial Intelligence,13
BI,2012,Artificial Intelligence,19
BI,2013,Artificial Intelligence,18
BI,2014,Artificial Intelligence,28
BI,2015,Artificial Intelligence,25
BI,2016,Artificial Intelligence,33
BI,2017,Artificial Intelligence,16
BI,2018,Artificial Intelligence,25
BI,2019,Artificial Intelligence,24
BI,2020,Artificial Intelligence,48
BI,2021,Artificial Intelligence,40
BI,2022,Artificial Intelligence,29
BI,2023,Artificial Intelligence,36
BI,2024,Artificial Intelligence,35
BI,2025,Artificial Intelligence,63
BJ,2000,Artificial Intelligence,1
BJ,2002,Artificial Intelligence,1
BJ,2006,Artificial Intelligence,2
BJ,2007,Artificial Intelligence,4
BJ,2008,Artificial Intelligence,2
BJ,2009,Artificial Intelligence,4
BJ,2010,Artificial Intelligence,4
BJ,2011,Artificial Intelligence,3
BJ,2012,Artificial Intelligence,4
BJ,2013,Artificial Intelligence,6
BJ,2014,Artificial Intelligence,7
BJ,2015,Artificial Intelligence,1
BJ,2016,Artificial Intelligence,6
BJ,2017,Artificial Intelligence,8
BJ,2018,Artificial Intelligence,4
BJ,2019,Artificial Intelligence,9
BJ,2020,Artificial Intelligence,9
BJ,2021,Artificial Intelligence,10
BJ,2022,Artificial Intelligence,17
BJ,2023,Artificial Intelligence,8
BJ,2024,Artificial Intelligence,13
BJ,2025,Artificial Intelligence,20
BM,2000,Artificial Intelligence,1
BM,2001,Artificial Intelligence,1
BM,2002,Artificial Intelligence,4
BM,2003,Artificial Intelligence,7
BM,2004,Artificial Intelligence,6
BM,2006,Artificial Intelligence,4
BM,2007,Artificial Intelligence,3
BM,2008,Artificial Intelligence,1
BM,2013,Artificial Intelligence,1
BM,2017,Artificial Intelligence,1
BM,2019,Artificial Intelligence,1
BM,2020,Artificial Intelligence,2
BM,2021,Artificial Intelligence,1
BM,2024,Artificial Intelligence,1
BM,2025,Artificial Intelligence,1
BN,2000,Artificial Intelligence,2
BN,2001,Artificial Intelligence,1
BN,2002,Artificial Intelligence,6
BN,2003,Artificial Intelligence,3
BN,2004,Artificial Intelligence,3
BN,2005,Artificial Intelligence,5
BN,2006,Artificial Intelligence,3
BN,2007,Artificial Intelligence,2
BN,2008,Artificial Intelligence,3
BN,2009,Artificial Intelligence,3
BN,2011,Artificial Intelligence,1
BN,2012,Artificial Intelligence,6
BN,2013,Artificial Intelligence,3
BN,2014,Artificial Intelligence,2
BN,2015,Artificial Intelligence,6
BN,2016,Artificial Intelligence,5
BN,2017,Artificial Intelligence,12
BN,2018,Artificial Intelligence,9
BN,2019,Artificial Intelligence,11
BN,2020,Artificial Intelligence,7
BN,2021,Artificial Intelligence,14
BN,2022,Artificial Intelligence,35
BN,2023,Artificial Intelligence,35
BN,2024,Artificial Intelligence,50
BN,2025,Artificial Intelligence,39
BO,2000,Artificial Intelligence,6
BO,2001,Artificial Intelligence,3
BO,2002,Artificial Intelligence,3
BO,2004,Artificial Intelligence,2
BO,2005,Artificial Intelligence,1
BO,2006,Artificial Intelligence,4
BO,2007,Artificial Intelligence,6
BO,2008,Artificial Intelligence,4
BO,2010,Artificial Intelligence,3
BO,2011,Artificial Intelligence,6
BO,2012,Artificial Intelligence,8
BO,2013,Artificial Intelligence,4
BO,2014,Artificial Intelligence,8
BO,2015,Artificial Intelligence,6
BO,2016,Artificial Intelligence,7
BO,2017,Artificial Intelligence,5
BO,2018,Artificial Intelligence,8
BO,2019,Artificial Intelligence,9
BO,2020,Artificial Intelligence,10
BO,2021,Artificial Intelligence,15
BO,2022,Artificial Intelligence,9
BO,2023,Artificial Intelligence,18
BO,2024,Artificial Intelligence,20
BO,2025,Artificial Intelligence,21
BR,2000,Artificial Intelligence,237
BR,2001,Artificial Intelligence,247
BR,2002,Artificial Intelligence,698
BR,2003,Artificial Intelligence,536
BR,2004,Artificial Intelligence,550
BR,2005,Artificial Intelligence,571
BR,2006,Artificial Intelligence,757
BR,2007,Artificial Intelligence,824
BR,2008,Artificial Intelligence,892
BR,2009,Artificial Intelligence,860
BR,2010,Artificial Intelligence,862
BR,2011,Artificial Intelligence,964
BR,2012,Artificial Intelligence,1099
BR,2013,Artificial Intelligence,1151
BR,2014,Artificial Intelligence,1224
BR,2015,Artificial Intelligence,1313
BR,2016,Artificial Intelligence,1410
BR,2017,Artificial Intelligence,1473
BR,2018,Artificial Intelligence,1734
BR,2019,Artificial Intelligence,1788
BR,2020,Artificial Intelligence,2037
BR,2021,Artificial Intelligence,1903
BR,2022,Artificial Intelligence,1829
BR,2023,Artificial Intelligence,1865
BR,2024,Artificial Intelligence,2001
BR,2025,Artificial Intelligence,2250
BS,2003,Artificial Intelligence,1
BS,2012,Artificial Intelligence,1
BS,2016,Artificial Intelligence,2
BS,2019,Artificial Intelligence,1
BS,2021,Artificial Intelligence,3
BS,2022,Artificial Intelligence,1
BS,2023,Artificial Intelligence,3
BS,2024,Artificial Intelligence,4
BS,2025,Artificial Intelligence,3
BT,2006,Artificial Intelligence,2
BT,2007,Artificial Intelligence,1
BT,2013,Artificial Intelligence,2
BT,2015,Artificial Intelligence,2
BT,2017,Artificial Intelligence,2
BT,2018,Artificial Intelligence,2
BT,2019,Artificial Intelligence,2
BT,2020,Artificial Intelligence,1
BT,2021,Artificial Intelligence,4
BT,2022,Artificial Intelligence,2
BT,2023,Artificial Intelligence,6
BT,2024,Artificial Intelligence,4
BT,2025,Artificial Intelligence,5
BW,2002,Artificial Intelligence,1
BW,2003,Artificial Intelligence,3
BW,2004,Artificial Intelligence,1
BW,2005,Artificial Intelligence,2
BW,2006,Artificial Intelligence,6
BW,2007,Artificial Intelligence,4
BW,2008,Artificial Intelligence,3
BW,2009,Artificial Intelligence,2
BW,2011,Artificial Intelligence,2
BW,2012,Artificial Intelligence,4
BW,2013,Artificial Intelligence,3
BW,2014,Artificial Intelligence,3
BW,2015,Artificial Intelligence,8
BW,2016,Artificial Intelligence,10
BW,2017,Artificial Intelligence,14
BW,2018,Artificial Intelligence,17
BW,2019,Artificial Intelligence,8
BW,2020,Artificial Intelligence,12
BW,2021,Artificial Intelligence,21
BW,2022,Artificial Intelligence,20
BW,2023,Artificial Intelligence,23
BW,2024,Artificial Intelligence,38
BW,2025,Artificial Intelligence,33
BY,2000,Artificial Intelligence,16
BY,2001,Artificial Intelligence,7
BY,2002,Artificial Intelligence,26
BY,2003,Artificial Intelligence,18
BY,2004,Artificial Intelligence,7
BY,2005,Artificial Intelligence,17
BY,2006,Artificial Intelligence,24
BY,2007,Artificial Intelligence,26
BY,2008,Artificial Intelligence,17
BY,2009,Artificial Intelligence,15
BY,2010,Artificial Intelligence,26
BY,2011,Artificial Intelligence,22
BY,2012,Artificial Intelligence,19
BY,2013,Artificial Intelligence,23
BY,2014,Artificial Intelligence,28
BY,2015,Artificial Intelligence,18
BY,2016,Artificial Intelligence,38
BY,2017,Artificial Intelligence,37
BY,2018,Artificial Intelligence,32
BY,2019,Artificial Intelligence,50
BY,2020,Artificial Intelligence,54
BY,2021,Artificial Intelligence,55
BY,2022,Artificial Intelligence,65
BY,2023,Artificial Intelligence,48
BY,2024,Artificial Intelligence,86
BY,2025,Artificial Intelligence,115
BZ,2002,Artificial Intelligence,1
BZ,2005,Artificial Intelligence,1
BZ,2008,Artificial Intelligence,1
BZ,2011,Artificial Intelligence,2
CD,2001,Artificial Intelligence,2
CD,2002,Artificial Intelligence,2
CD,2006,Artificial Intelligence,2
CD,2012,Artificial Intelligence,3
CD,2013,Artificial Intelligence,1
CD,2015,Artificial Intelligence,5
CD,2016,Artificial Intelligence,1
CD,2018,Artificial Intelligence,1
CD,2019,Artificial Intelligence,3
CD,2020,Artificial Intelligence,3
CD,2021,Artificial Intelligence,9
CD,2022,Artificial Intelligence,7
CD,2023,Artificial Intelligence,12
CD,2024,Artificial Intelligence,28
CD,2025,Artificial Intelligence,30
CF,2006,Artificial Intelligence,1
CF,2015,Artificial Intelligence,1
CF,2020,Artificial Intelligence,2
CF,2022,Artificial Intelligence,2
CF,2023,Artificial Intelligence,1
CF,2024,Artificial Intelligence,2
CF,2025,Artificial Intelligence,4
CG,2003,Artificial Intelligence,1
CG,2006,Artificial Intelligence,1
CG,2011,Artificial Intelligence,2
CG,2013,Artificial Intelligence,5
CG,2016,Artificial Intelligence,1
CG,2018,Artificial Intelligence,3
CG,2021,Artificial Intelligence,1
CG,2022,Artificial Intelligence,5
CG,2023,Artificial Intelligence,4
CG,2024,Artificial Intelligence,2
CG,2025,Artificial Intelligence,5
CH,2000,Artificial Intelligence,202
CH,2001,Artificial Intelligence,220
CH,2002,Artificial Intelligence,421
CH,2003,Artificial Intelligence,374
CH,2004,Artificial Intelligence,351
CH,2005,Artificial Intelligence,385
CH,2006,Artificial Intelligence,363
CH,2007,Artificial Intelligence,479
CH,2008,Artificial Intelligence,425
CH,2009,Artificial Intelligence,556
CH,2010,Artificial Intelligence,590
CH,2011,Artificial Intelligence,601
CH,2012,Artificial Intelligence,638
CH,2013,Artificial Intelligence,617
CH,2014,Artificial Intelligence,725
CH,2015,Artificial Intelligence,686
CH,2016,Artificial Intelligence,703
CH,2017,Artificial Intelligence,796
CH,2018,Artificial Intelligence,1009
CH,2019,Artificial Intelligence,1202
CH,2020,Artificial Intelligence,1528
CH,2021,Artificial Intelligence,1646
CH,2022,Artificial Intelligence,1406
CH,2023,Artificial Intelligence,1602
CH,2024,Artificial Intelligence,1494
CH,2025,Artificial Intelligence,1820
CI,2001,Artificial Intelligence,1
CI,2003,Artificial Intelligence,1
CI,2005,Artificial Intelligence,1
CI,2006,Artificial Intelligence,1
CI,2007,Artificial Intelligence,1
CI,2008,Artificial Intelligence,1
CI,2009,Artificial Intelligence,2
CI,2010,Artificial Intelligence,1
CI,2011,Artificial Intelligence,2
CI,2012,Artificial Intelligence,1
CI,2013,Artificial Intelligence,4
CI,2014,Artificial Intelligence,2
CI,2015,Artificial Intelligence,4
CI,2016,Artificial Intelligence,8
CI,2017,Artificial Intelligence,3
CI,2018,Artificial Intelligence,8
CI,2019,Artificial Intelligence,8
CI,2020,Artificial Intelligence,14
CI,2021,Artificial Intelligence,18
CI,2022,Artificial Intelligence,14
CI,2023,Artificial Intelligence,13
CI,2024,Artificial Intelligence,8
CI,2025,Artificial Intelligence,15
CL,2000,Artificial Intelligence,42
CL,2001,Artificial Intelligence,28
CL,2002,Artificial Intelligence,71
CL,2003,Artificial Intelligence,66
CL,2004,Artificial Intelligence,79
CL,2005,Artificial Intelligence,80
CL,2006,Artificial Intelligence,112
CL,2007,Artificial Intelligence,105
CL,2008,Artificial Intelligence,106
CL,2009,Artificial Intelligence,123
CL,2010,Artificial Intelligence,127
CL,2011,Artificial Intelligence,151
CL,2012,Artificial Intelligence,168
CL,2013,Artificial Intelligence,138
CL,2014,Artificial Intelligence,190
CL,2015,Artificial Intelligence,184
CL,2016,Artificial Intelligence,212
CL,2017,Artificial Intelligence,200
CL,2018,Artificial Intelligence,246
CL,2019,Artificial Intelligence,238
CL,2020,Artificial Intelligence,294
CL,2021,Artificial Intelligence,302
CL,2022,Artificial Intelligence,262
CL,2023,Artificial Intelligence,275
CL,2024,Artificial Intelligence,316
CL,2025,Artificial Intelligence,455
CM,2000,Artificial Intelligence,1
CM,2003,Artificial Intelligence,3
CM,2004,Artificial Intelligence,5
CM,2005,Artificial Intelligence,5
CM,2006,Artificial Intelligence,9
CM,2007,Artificial Intelligence,3
CM,2008,Artificial Intelligence,6
CM,2009,Artificial Intelligence,4
CM,2010,Artificial Intelligence,4
CM,2011,Artificial Intelligence,11
CM,2012,Artificial Intelligence,10
CM,2013,Artificial Intelligence,16
CM,2014,Artificial Intelligence,12
CM,2015,Artificial Intelligence,19
CM,2016,Artificial Intelligence,20
CM,2017,Artificial Intelligence,38
CM,2018,Artificial Intelligence,41
CM,2019,Artificial Intelligence,33
CM,2020,Artificial Intelligence,54
CM,2021,Artificial Intelligence,67
CM,2022,Artificial Intelligence,78
CM,2023,Artificial Intelligence,75
CM,2024,Artificial Intelligence,122
CM,2025,Artificial Intelligence,82
CO,2000,Artificial Intelligence,14
CO,2001,Artificial Intelligence,9
CO,2002,Artificial Intelligence,23
CO,2003,Artificial Intelligence,25
CO,2004,Artificial Intelligence,38
CO,2005,Artificial Intelligence,40
CO,2006,Artificial Intelligence,42
CO,2007,Artificial Intelligence,48
CO,2008,Artificial Intelligence,67
CO,2009,Artificial Intelligence,62
CO,2010,Artificial Intelligence,84
CO,2011,Artificial Intelligence,93
CO,2012,Artificial Intelligence,115
CO,2013,Artificial Intelligence,152
CO,2014,Artificial Intelligence,167
CO,2015,Artificial Intelligence,167
CO,2016,Artificial Intelligence,140
CO,2017,Artificial Intelligence,152
CO,2018,Artificial Intelligence,231
CO,2019,Artificial Intelligence,225
CO,2020,Artificial Intelligence,246
CO,2021,Artificial Intelligence,218
CO,2022,Artificial Intelligence,208
CO,2023,Artificial Intelligence,232
CO,2024,Artificial Intelligence,283
CO,2025,Artificial Intelligence,298
CR,2000,Artificial Intelligence,8
CR,2001,Artificial Intelligence,2
CR,2002,Artificial Intelligence,2
CR,2003,Artificial Intelligence,3
CR,2004,Artificial Intelligence,3
CR,2005,Artificial Intelligence,5
CR,2006,Artificial Intelligence,9
CR,2007,Artificial Intelligence,6
CR,2008,Artificial Intelligence,2
CR,2009,Artificial Intelligence,3
CR,2010,Artificial Intelligence,4
CR,2011,Artificial Intelligence,12
CR,2012,Artificial Intelligence,13
CR,2013,Artificial Intelligence,7
CR,2014,Artificial Intelligence,11
CR,2015,Artificial Intelligence,11
CR,2016,Artificial Intelligence,17
CR,2017,Artificial Intelligence,14
CR,2018,Artificial Intelligence,12
CR,2019,Artificial Intelligence,25
CR,2020,Artificial Intelligence,22
CR,2021,Artificial Intelligence,29
CR,2022,Artificial Intelligence,32
CR,2023,Artificial Intelligence,38
CR,2024,Artificial Intelligence,37
CR,2025,Artificial Intelligence,56
CU,2000,Artificial Intelligence,5
CU,2001,Artificial Intelligence,1
CU,2002,Artificial Intelligence,13
CU,2003,Artificial Intelligence,16
CU,2004,Artificial Intelligence,18
CU,2005,Artificial Intelligence,17
CU,2006,Artificial Intelligence,29
CU,2007,Artificial Intelligence,38
CU,2008,Artificial Intelligence,36
CU,2009,Artificial Intelligence,26
CU,2010,Artificial Intelligence,44
CU,2011,Artificial Intelligence,37
CU,2012,Artificial Intelligence,38
CU,2013,Artificial Intelligence,54
CU,2014,Artificial Intelligence,52
CU,2015,Artificial Intelligence,47
CU,2016,Artificial Intelligence,35
CU,2017,Artificial Intelligence,31
CU,2018,Artificial Intelligence,36
CU,2019,Artificial Intelligence,47
CU,2020,Artificial Intelligence,36
CU,2021,Artificial Intelligence,49
CU,2022,Artificial Intelligence,29
CU,2023,Artificial Intelligence,36
CU,2024,Artificial Intelligence,33
CU,2025,Artificial Intelligence,34
CV,2005,Artificial Intelligence,2
CV,2006,Artificial Intelligence,2
CV,2008,Artificial Intelligence,1
CV,2009,Artificial Intelligence,2
CV,2010,Artificial Intelligence,1
CV,2017,Artificial Intelligence,1
CV,2021,Artificial Intelligence,1
CV,2024,Artificial Intelligence,3
CV,2025,Artificial Intelligence,1
CW,2013,Artificial Intelligence,1
CW,2016,Artificial Intelligence,1
CW,2024,Artificial Intelligence,2
CY,2000,Artificial Intelligence,22
CY,2001,Artificial Intelligence,11
CY,2002,Artificial Intelligence,36
CY,2003,Artificial Intelligence,24
CY,2004,Artificial Intelligence,31
CY,2005,Artificial Intelligence,35
CY,2006,Artificial Intelligence,32
CY,2007,Artificial Intelligence,31
CY,2008,Artificial Intelligence,39
CY,2009,Artificial Intelligence,43
CY,2010,Artificial Intelligence,36
CY,2011,Artificial Intelligence,35
CY,2012,Artificial Intelligence,44
CY,2013,Artificial Intelligence,48
CY,2014,Artificial Intelligence,61
CY,2015,Artificial Intelligence,52
CY,2016,Artificial Intelligence,66
CY,2017,Artificial Intelligence,85
CY,2018,Artificial Intelligence,72
CY,2019,Artificial Intelligence,74
CY,2020,Artificial Intelligence,114
CY,2021,Artificial Intelligence,117
CY,2022,Artificial Intelligence,126
CY,2023,Artificial Intelligence,166
CY,2024,Artificial Intelligence,177
CY,2025,Artificial Intelligence,254
CZ,2000,Artificial Intelligence,137
CZ,2001,Artificial Intelligence,140
CZ,2002,Artificial Intelligence,194
CZ,2003,Artificial Intelligence,188
CZ,2004,Artificial Intelligence,200
CZ,2005,Artificial Intelligence,229
CZ,2006,Artificial Intelligence,268
CZ,2007,Artificial Intelligence,283
CZ,2008,Artificial Intelligence,318
CZ,2009,Artificial Intelligence,374
CZ,2010,Artificial Intelligence,360
CZ,2011,Artificial Intelligence,397
CZ,2012,Artificial Intelligence,504
CZ,2013,Artificial Intelligence,524
CZ,2014,Artificial Intelligence,597
CZ,2015,Artificial Intelligence,580
CZ,2016,Artificial Intelligence,641
CZ,2017,Artificial Intelligence,656
CZ,2018,Artificial Intelligence,646
CZ,2019,Artificial Intelligence,685
CZ,2020,Artificial Intelligence,703
CZ,2021,Artificial Intelligence,756
CZ,2022,Artificial Intelligence,696
CZ,2023,Artificial Intelligence,798
CZ,2024,Artificial Intelligence,659
CZ,2025,Artificial Intelligence,924
Canada,2000,Artificial Intelligence,630
Canada,2001,Artificial Intelligence,672
Canada,2002,Artificial Intelligence,1875
Canada,2003,Artificial Intelligence,1297
Canada,2004,Artificial Intelligence,1195
Canada,2005,Artificial Intelligence,1556
Canada,2006,Artificial Intelligence,1677
Canada,2007,Artificial Intelligence,1618
Canada,2008,Artificial Intelligence,1677
Canada,2009,Artificial Intelligence,1881
Canada,2010,Artificial Intelligence,1734
Canada,2011,Artificial Intelligence,1851
Canada,2012,Artificial Intelligence,1834
Canada,2013,Artificial Intelligence,1896
Canada,2014,Artificial Intelligence,2031
Canada,2015,Artificial Intelligence,1889
Canada,2016,Artificial Intelligence,1842
Canada,2017,Artificial Intelligence,2009
Canada,2018,Artificial Intelligence,2441
Canada,2019,Artificial Intelligence,2844
Canada,2020,Artificial Intelligence,3311
Canada,2021,Artificial Intelligence,3832
Canada,2022,Artificial Intelligence,3338
Canada,2023,Artificial Intelligence,4069
Canada,2024,Artificial Intelligence,3947
Canada,2025,Artificial Intelligence,4591
China,2000,Artificial Intelligence,561
China,2001,Artificial Intelligence,538
China,2002,Artificial Intelligence,2020
China,2003,Artificial Intelligence,1574
China,2004,Artificial Intelligence,1952
China,2005,Artificial Intelligence,3111
China,2006,Artificial Intelligence,4333
China,2007,Artificial Intelligence,4339
China,2008,Artificial Intelligence,6221
China,2009,Artificial Intelligence,7542
China,2010,Artificial Intelligence,8772
China,2011,Artificial Intelligence,7818
China,2012,Artificial Intelligence,7943
China,2013,Artificial Intelligence,8160
China,2014,Artificial Intelligence,9297
China,2015,Artificial Intelligence,8533
China,2016,Artificial Intelligence,9448
China,2017,Artificial Intelligence,10740
China,2018,Artificial Intelligence,13791
China,2019,Artificial Intelligence,17668
China,2020,Artificial Intelligence,20899
China,2021,Artificial Intelligence,26059
China,2022,Artificial Intelligence,29902
China,2023,Artificial Intelligence,36465
China,2024,Artificial Intelligence,40871
China,2025,Artificial Intelligence,48714
DJ,2007,Artificial Intelligence,3
DJ,2013,Artificial Intelligence,3
DJ,2014,Artificial Intelligence,1
DJ,2023,Artificial Intelligence,2
DJ,2024,Artificial Intelligence,1
DJ,2025,Artificial Intelligence,1
DK,2000,Artificial Intelligence,148
DK,2001,Artificial Intelligence,176
DK,2002,Artificial Intelligence,275
DK,2003,Artificial Intelligence,210
DK,2004,Artificial Intelligence,196
DK,2005,Artificial Intelligence,205
DK,2006,Artificial Intelligence,207
DK,2007,Artificial Intelligence,224
DK,2008,Artificial Intelligence,241
DK,2009,Artificial Intelligence,290
DK,2010,Artificial Intelligence,301
DK,2011,Artificial Intelligence,341
DK,2012,Artificial Intelligence,381
DK,2013,Artificial Intelligence,392
DK,2014,Artificial Intelligence,383
DK,2015,Artificial Intelligence,406
DK,2016,Artificial Intelligence,406
DK,2017,Artificial Intelligence,462
DK,2018,Artificial Intelligence,459
DK,2019,Artificial Intelligence,555
DK,2020,Artificial Intelligence,629
DK,2021,Artificial Intelligence,813
DK,2022,Artificial Intelligence,759
DK,2023,Artificial Intelligence,847
DK,2024,Artificial Intelligence,809
DK,2025,Artificial Intelligence,842
DM,2005,Artificial Intelligence,1
DM,2024,Artificial Intelligence,1
DM,2025,Artificial Intelligence,1
DO,2000,Artificial Intelligence,1
DO,2003,Artificial Intelligence,1
DO,2004,Artificial Intelligence,1
DO,2005,Artificial Intelligence,2
DO,2006,Artificial Intelligence,1
DO,2010,Artificial Intelligence,1
DO,2011,Artificial Intelligence,1
DO,2012,Artificial Intelligence,3
DO,2014,Artificial Intelligence,6
DO,2015,Artificial Intelligence,3
DO,2016,Artificial Intelligence,3
DO,2017,Artificial Intelligence,4
DO,2018,Artificial Intelligence,4
DO,2019,Artificial Intelligence,12
DO,2020,Artificial Intelligence,9
DO,2021,Artificial Intelligence,9
DO,2022,Artificial Intelligence,4
DO,2023,Artificial Intelligence,2
DO,2024,Artificial Intelligence,7
DO,2025,Artificial Intelligence,13
DZ,2000,Artificial Intelligence,7
DZ,2001,Artificial Intelligence,8
DZ,2002,Artificial Intelligence,42
DZ,2003,Artificial Intelligence,19
DZ,2004,Artificial Intelligence,36
DZ,2005,Artificial Intelligence,51
DZ,2006,Artificial Intelligence,66
DZ,2007,Artificial Intelligence,54
DZ,2008,Artificial Intelligence,72
DZ,2009,Artificial Intelligence,65
DZ,2010,Artificial Intelligence,104
DZ,2011,Artificial Intelligence,135
DZ,2012,Artificial Intelligence,143
DZ,2013,Artificial Intelligence,194
DZ,2014,Artificial Intelligence,200
DZ,2015,Artificial Intelligence,281
DZ,2016,Artificial Intelligence,253
DZ,2017,Artificial Intelligence,290
DZ,2018,Artificial Intelligence,365
DZ,2019,Artificial Intelligence,357
DZ,2020,Artificial Intelligence,325
DZ,2021,Artificial Intelligence,347
DZ,2022,Artificial Intelligence,417
DZ,2023,Artificial Intelligence,428
DZ,2024,Artificial Intelligence,508
DZ,2025,Artificial Intelligence,527
EC,2000,Artificial Intelligence,5
EC,2001,Artificial Intelligence,2
EC,2002,Artificial Intelligence,1
EC,2004,Artificial Intelligence,5
EC,2005,Artificial Intelligence,2
EC,2006,Artificial Intelligence,6
EC,2007,Artificial Intelligence,6
EC,2008,Artificial Intelligence,3
EC,2009,Artificial Intelligence,10
EC,2010,Artificial Intelligence,13
EC,2011,Artificial Intelligence,10
EC,2012,Artificial Intelligence,9
EC,2013,Artificial Intelligence,12
EC,2014,Artificial Intelligence,28
EC,2015,Artificial Intelligence,39
EC,2016,Artificial Intelligence,62
EC,2017,Artificial Intelligence,74
EC,2018,Artificial Intelligence,112
EC,2019,Artificial Intelligence,124
EC,2020,Artificial Intelligence,143
EC,2021,Artificial Intelligence,107
EC,2022,Artificial Intelligence,105
EC,2023,Artificial Intelligence,134
EC,2024,Artificial Intelligence,184
EC,2025,Artificial Intelligence,227
EE,2000,Artificial Intelligence,10
EE,2001,Artificial Intelligence,10
EE,2002,Artificial Intelligence,19
EE,2003,Artificial Intelligence,17
EE,2004,Artificial Intelligence,21
EE,2005,Artificial Intelligence,28
EE,2006,Artificial Intelligence,33
EE,2007,Artificial Intelligence,27
EE,2008,Artificial Intelligence,48
EE,2009,Artificial Intelligence,52
EE,2010,Artificial Intelligence,62
EE,2011,Artificial Intelligence,44
EE,2012,Artificial Intelligence,60
EE,2013,Artificial Intelligence,66
EE,2014,Artificial Intelligence,76
EE,2015,Artificial Intelligence,67
EE,2016,Artificial Intelligence,77
EE,2017,Artificial Intelligence,98
EE,2018,Artificial Intelligence,73
EE,2019,Artificial Intelligence,161
EE,2020,Artificial Intelligence,120
EE,2021,Artificial Intelligence,121
EE,2022,Artificial Intelligence,160
EE,2023,Artificial Intelligence,140
EE,2024,Artificial Intelligence,157
EE,2025,Artificial Intelligence,193
EG,2000,Artificial Intelligence,33
EG,2001,Artificial Intelligence,30
EG,2002,Artificial Intelligence,151
EG,2003,Artificial Intelligence,84
EG,2004,Artificial Intelligence,87
EG,2005,Artificial Intelligence,111
EG,2006,Artificial Intelligence,136
EG,2007,Artificial Intelligence,129
EG,2008,Artificial Intelligence,156
EG,2009,Artificial Intelligence,158
EG,2010,Artificial Intelligence,194
EG,2011,Artificial Intelligence,197
EG,2012,Artificial Intelligence,235
EG,2013,Artificial Intelligence,304
EG,2014,Artificial Intelligence,354
EG,2015,Artificial Intelligence,364
EG,2016,Artificial Intelligence,363
EG,2017,Artificial Intelligence,468
EG,2018,Artificial Intelligence,510
EG,2019,Artificial Intelligence,630
EG,2020,Artificial Intelligence,684
EG,2021,Artificial Intelligence,866
EG,2022,Artificial Intelligence,989
EG,2023,Artificial Intelligence,1017
EG,2024,Artificial Intelligence,1085
EG,2025,Artificial Intelligence,1220
ER,2000,Artificial Intelligence,1
ER,2001,Artificial Intelligence,1
ER,2008,Artificial Intelligence,1
ER,2009,Artificial Intelligence,2
ER,2013,Artificial Intelligence,1
ER,2016,Artificial Intelligence,2
ER,2018,Artificial Intelligence,1
ER,2019,Artificial Intelligence,1
ER,2024,Artificial Intelligence,5
ER,2025,Artificial Intelligence,2
ES,2000,Artificial Intelligence,478
ES,2001,Artificial Intelligence,588
ES,2002,Artificial Intelligence,1118
ES,2003,Artificial Intelligence,904
ES,2004,Artificial Intelligence,1001
ES,2005,Artificial Intelligence,1065
ES,2006,Artificial Intelligence,1304
ES,2007,Artificial Intelligence,1433
ES,2008,Artificial Intelligence,1489
ES,2009,Artificial Intelligence,1705
ES,2010,Artificial Intelligence,1797
ES,2011,Artificial Intelligence,1895
ES,2012,Artificial Intelligence,1809
ES,2013,Artificial Intelligence,1733
ES,2014,Artificial Intelligence,1791
ES,2015,Artificial Intelligence,1712
ES,2016,Artificial Intelligence,1646
ES,2017,Artificial Intelligence,1752
ES,2018,Artificial Intelligence,1843
ES,2019,Artificial Intelligence,1982
ES,2020,Artificial Intelligence,2154
ES,2021,Artificial Intelligence,2331
ES,2022,Artificial Intelligence,2442
ES,2023,Artificial Intelligence,2720
ES,2024,Artificial Intelligence,2807
ES,2025,Artificial Intelligence,3176
ET,2000,Artificial Intelligence,1
ET,2001,Artificial Intelligence,3
ET,2002,Artificial Intelligence,2
ET,2003,Artificial Intelligence,4
ET,2004,Artificial Intelligence,5
ET,2005,Artificial Intelligence,3
ET,2006,Artificial Intelligence,7
ET,2007,Artificial Intelligence,8
ET,2008,Artificial Intelligence,7
ET,2009,Artificial Intelligence,8
ET,2010,Artificial Intelligence,7
ET,2011,Artificial Intelligence,8
ET,2012,Artificial Intelligence,14
ET,2013,Artificial Intelligence,14
ET,2014,Artificial Intelligence,12
ET,2015,Artificial Intelligence,19
ET,2016,Artificial Intelligence,32
ET,2017,Artificial Intelligence,23
ET,2018,Artificial Intelligence,25
ET,2019,Artificial Intelligence,51
ET,2020,Artificial Intelligence,70
ET,2021,Artificial Intelligence,128
ET,2022,Artificial Intelligence,174
ET,2023,Artificial Intelligence,163
ET,2024,Artificial Intelligence,154
ET,2025,Artificial Intelligence,225
FI,2000,Artificial Intelligence,126
FI,2001,Artificial Intelligence,160
FI,2002,Artificial Intelligence,324
FI,2003,Artificial Intelligence,264
FI,2004,Artificial Intelligence,218
FI,2005,Artificial Intelligence,253
FI,2006,Artificial Intelligence,270
FI,2007,Artificial Intelligence,242
FI,2008,Artificial Intelligence,249
FI,2009,Artificial Intelligence,299
FI,2010,Artificial Intelligence,346
FI,2011,Artificial Intelligence,307
FI,2012,Artificial Intelligence,344
FI,2013,Artificial Intelligence,379
FI,2014,Artificial Intelligence,392
FI,2015,Artificial Intelligence,437
FI,2016,Artificial Intelligence,431
FI,2017,Artificial Intelligence,414
FI,2018,Artificial Intelligence,475
FI,2019,Artificial Intelligence,550
FI,2020,Artificial Intelligence,640
FI,2021,Artificial Intelligence,649
FI,2022,Artificial Intelligence,670
FI,2023,Artificial Intelligence,778
FI,2024,Artificial Intelligence,751
FI,2025,Artificial Intelligence,922
FJ,2001,Artificial Intelligence,1
FJ,2004,Artificial Intelligence,2
FJ,2005,Artificial Intelligence,2
FJ,2007,Artificial Intelligence,3
FJ,2008,Artificial Intelligence,1
FJ,2009,Artificial Intelligence,3
FJ,2010,Artificial Intelligence,3
FJ,2011,Artificial Intelligence,2
FJ,2012,Artificial Intelligence,2
FJ,2013,Artificial Intelligence,5
FJ,2014,Artificial Intelligence,10
FJ,2015,Artificial Intelligence,18
FJ,2016,Artificial Intelligence,16
FJ,2017,Artificial Intelligence,9
FJ,2018,Artificial Intelligence,8
FJ,2019,Artificial Intelligence,5
FJ,2020,Artificial Intelligence,14
FJ,2021,Artificial Intelligence,7
FJ,2022,Artificial Intelligence,19
FJ,2023,Artificial Intelligence,8
FJ,2024,Artificial Intelligence,10
FJ,2025,Artificial Intelligence,13
FM,2024,Artificial Intelligence,1
FO,2012,Artificial Intelligence,2
FO,2013,Artificial Intelligence,1
FO,2014,Artificial Intelligence,1
FO,2015,Artificial Intelligence,1
FO,2018,Artificial Intelligence,3
FO,2020,Artificial Intelligence,2
FO,2021,Artificial Intelligence,5
FO,2022,Artificial Intelligence,2
FO,2023,Artificial Intelligence,1
France,2000,Artificial Intelligence,819
France,2001,Artificial Intelligence,822
France,2002,Artificial Intelligence,1825
France,2003,Artificial Intelligence,1361
France,2004,Artificial Intelligence,1250
France,2005,Artificial Intelligence,1687
France,2006,Artificial Intelligence,1855
France,2007,Artificial Intelligence,1953
France,2008,Artificial Intelligence,2020
France,2009,Artificial Intelligence,2171
France,2010,Artificial Intelligence,2253
France,2011,Artificial Intelligence,2380
France,2012,Artificial Intelligence,2520
France,2013,Artificial Intelligence,2560
France,2014,Artificial Intelligence,2815
France,2015,Artificial Intelligence,2740
France,2016,Artificial Intelligence,2768
France,2017,Artificial Intelligence,2735
France,2018,Artificial Intelligence,3049
France,2019,Artificial Intelligence,3381
France,2020,Artificial Intelligence,3699
France,2021,Artificial Intelligence,3931
France,2022,Artificial Intelligence,3706
France,2023,Artificial Intelligence,4186
France,2024,Artificial Intelligence,4194
France,2025,Artificial Intelligence,4320
GA,2003,Artificial Intelligence,2
GA,2010,Artificial Intelligence,1
GA,2011,Artificial Intelligence,4
GA,2012,Artificial Intelligence,1
GA,2013,Artificial Intelligence,3
GA,2014,Artificial Intelligence,10
GA,2015,Artificial Intelligence,1
GA,2016,Artificial Intelligence,1
GA,2019,Artificial Intelligence,1
GA,2020,Artificial Intelligence,1
GA,2022,Artificial Intelligence,3
GA,2023,Artificial Intelligence,3
GA,2024,Artificial Intelligence,1
GA,2025,Artificial Intelligence,7
GD,2009,Artificial Intelligence,1
GD,2014,Artificial Intelligence,2
GD,2016,Artificial Intelligence,1
GD,2019,Artificial Intelligence,2
GD,2021,Artificial Intelligence,1
GD,2023,Artificial Intelligence,1
GD,2024,Artificial Intelligence,1
GE,2000,Artificial Intelligence,2
GE,2001,Artificial Intelligence,3
GE,2002,Artificial Intelligence,3
GE,2003,Artificial Intelligence,3
GE,2004,Artificial Intelligence,1
GE,2005,Artificial Intelligence,3
GE,2006,Artificial Intelligence,3
GE,2007,Artificial Intelligence,2
GE,2008,Artificial Intelligence,7
GE,2009,Artificial Intelligence,3
GE,2010,Artificial Intelligence,3
GE,2011,Artificial Intelligence,6
GE,2012,Artificial Intelligence,9
GE,2013,Artificial Intelligence,8
GE,2014,Artificial Intelligence,13
GE,2015,Artificial Intelligence,15
GE,2016,Artificial Intelligence,15
GE,2017,Artificial Intelligence,18
GE,2018,Artificial Intelligence,11
GE,2019,Artificial Intelligence,14
GE,2020,Artificial Intelligence,22
GE,2021,Artificial Intelligence,32
GE,2022,Artificial Intelligence,21
GE,2023,Artificial Intelligence,33
GE,2024,Artificial Intelligence,41
GE,2025,Artificial Intelligence,46
GF,2002,Artificial Intelligence,1
GF,2004,Artificial Intelligence,1
GF,2008,Artificial Intelligence,1
GF,2015,Artificial Intelligence,4
GF,2016,Artificial Intelligence,2
GF,2017,Artificial Intelligence,1
GF,2018,Artificial Intelligence,2
GF,2019,Artificial Intelligence,3
GF,2020,Artificial Intelligence,1
GF,2022,Artificial Intelligence,3
GF,2023,Artificial Intelligence,1
GF,2024,Artificial Intelligence,3
GF,2025,Artificial Intelligence,1
GH,2000,Artificial Intelligence,5
GH,2001,Artificial Intelligence,2
GH,2002,Artificial Intelligence,3
GH,2003,Artificial Intelligence,1
GH,2004,Artificial Intelligence,2
GH,2005,Artificial Intelligence,3
GH,2006,Artificial Intelligence,6
GH,2007,Artificial Intelligence,3
GH,2008,Artificial Intelligence,8
GH,2009,Artificial Intelligence,13
GH,2010,Artificial Intelligence,12
GH,2011,Artificial Intelligence,6
GH,2012,Artificial Intelligence,15
GH,2013,Artificial Intelligence,20
GH,2014,Artificial Intelligence,19
GH,2015,Artificial Intelligence,25
GH,2016,Artificial Intelligence,24
GH,2017,Artificial Intelligence,24
GH,2018,Artificial Intelligence,26
GH,2019,Artificial Intelligence,63
GH,2020,Artificial Intelligence,61
GH,2021,Artificial Intelligence,87
GH,2022,Artificial Intelligence,120
GH,2023,Artificial Intelligence,114
GH,2024,Artificial Intelligence,164
GH,2025,Artificial Intelligence,185
GI,2006,Artificial Intelligence,1
GI,2015,Artificial Intelligence,1
GL,2002,Artificial Intelligence,1
GL,2005,Artificial Intelligence,1
GL,2015,Artificial Intelligence,2
GL,2019,Artificial Intelligence,1
GL,2025,Artificial Intelligence,1
GM,2014,Artificial Intelligence,1
GM,2019,Artificial Intelligence,1
GM,2020,Artificial Intelligence,3
GM,2021,Artificial Intelligence,2
GM,2023,Artificial Intelligence,4
GM,2024,Artificial Intelligence,3
GM,2025,Artificial Intelligence,5
GN,2023,Artificial Intelligence,3
GN,2024,Artificial Intelligence,2
GN,2025,Artificial Intelligence,1
GP,2000,Artificial Intelligence,2
GP,2001,Artificial Intelligence,3
GP,2002,Artificial Intelligence,2
GP,2003,Artificial Intelligence,1
GP,2004,Artificial Intelligence,3
GP,2006,Artificial Intelligence,1
GP,2007,Artificial Intelligence,4
GP,2008,Artificial Intelligence,2
GP,2009,Artificial Intelligence,1
GP,2010,Artificial Intelligence,4
GP,2011,Artificial Intelligence,3
GP,2012,Artificial Intelligence,6
GP,2013,Artificial Intelligence,2
GP,2014,Artificial Intelligence,4
GP,2015,Artificial Intelligence,3
GP,2016,Artificial Intelligence,3
GP,2018,Artificial Intelligence,3
GP,2019,Artificial Intelligence,3
GP,2020,Artificial Intelligence,4
GP,2021,Artificial Intelligence,1
GP,2022,Artificial Intelligence,1
GP,2024,Artificial Intelligence,2
GP,2025,Artificial Intelligence,1
GQ,2007,Artificial Intelligence,2
GR,2000,Artificial Intelligence,132
GR,2001,Artificial Intelligence,126
GR,2002,Artificial Intelligence,315
GR,2003,Artificial Intelligence,265
GR,2004,Artificial Intelligence,284
GR,2005,Artificial Intelligence,344
GR,2006,Artificial Intelligence,417
GR,2007,Artificial Intelligence,403
GR,2008,Artificial Intelligence,503
GR,2009,Artificial Intelligence,450
GR,2010,Artificial Intelligence,427
GR,2011,Artificial Intelligence,477
GR,2012,Artificial Intelligence,487
GR,2013,Artificial Intelligence,446
GR,2014,Artificial Intelligence,495
GR,2015,Artificial Intelligence,465
GR,2016,Artificial Intelligence,485
GR,2017,Artificial Intelligence,475
GR,2018,Artificial Intelligence,503
GR,2019,Artificial Intelligence,519
GR,2020,Artificial Intelligence,652
GR,2021,Artificial Intelligence,718
GR,2022,Artificial Intelligence,663
GR,2023,Artificial Intelligence,859
GR,2024,Artificial Intelligence,884
GR,2025,Artificial Intelligence,1059
GT,2001,Artificial Intelligence,1
GT,2004,Artificial Intelligence,1
GT,2007,Artificial Intelligence,1
GT,2008,Artificial Intelligence,1
GT,2009,Artificial Intelligence,4
GT,2010,Artificial Intelligence,4
GT,2011,Artificial Intelligence,1
GT,2013,Artificial Intelligence,3
GT,2014,Artificial Intelligence,3
GT,2015,Artificial Intelligence,3
GT,2017,Artificial Intelligence,2
GT,2018,Artificial Intelligence,4
GT,2019,Artificial Intelligence,7
GT,2020,Artificial Intelligence,6
GT,2021,Artificial Intelligence,13
GT,2022,Artificial Intelligence,8
GT,2023,Artificial Intelligence,11
GT,2024,Artificial Intelligence,11
GT,2025,Artificial Intelligence,20
GU,2001,Artificial Intelligence,2
GU,2011,Artificial Intelligence,2
GU,2015,Artificial Intelligence,1
GU,2017,Artificial Intelligence,3
GU,2020,Artificial Intelligence,1
GU,2022,Artificial Intelligence,1
GU,2023,Artificial Intelligence,1
GU,2024,Artificial Intelligence,3
GU,2025,Artificial Intelligence,1
GW,2005,Artificial Intelligence,1
GW,2017,Artificial Intelligence,1
GW,2023,Artificial Intelligence,1
GW,2025,Artificial Intelligence,1
GY,2010,Artificial Intelligence,1
GY,2013,Artificial Intelligence,1
GY,2017,Artificial Intelligence,2
GY,2021,Artificial Intelligence,3
GY,2022,Artificial Intelligence,2
GY,2023,Artificial Intelligence,2
GY,2024,Artificial Intelligence,4
GY,2025,Artificial Intelligence,4
Germany,2000,Artificial Intelligence,1281
Germany,2001,Artificial Intelligence,1335
Germany,2002,Artificial Intelligence,2521
Germany,2003,Artificial Intelligence,1855
Germany,2004,Artificial Intelligence,1756
Germany,2005,Artificial Intelligence,2246
Germany,2006,Artificial Intelligence,2356
Germany,2007,Artificial Intelligence,2172
Germany,2008,Artificial Intelligence,2433
Germany,2009,Artificial Intelligence,2715
Germany,2010,Artificial Intelligence,2859
Germany,2011,Artificial Intelligence,2893
Germany,2012,Artificial Intelligence,3251
Germany,2013,Artificial Intelligence,3129
Germany,2014,Artificial Intelligence,3308
Germany,2015,Artificial Intelligence,3331
Germany,2016,Artificial Intelligence,3435
Germany,2017,Artificial Intelligence,3679
Germany,2018,Artificial Intelligence,4058
Germany,2019,Artificial Intelligence,4873
Germany,2020,Artificial Intelligence,5462
Germany,2021,Artificial Intelligence,6267
Germany,2022,Artificial Intelligence,5548
Germany,2023,Artificial Intelligence,6500
Germany,2024,Artificial Intelligence,6518
Germany,2025,Artificial Intelligence,7418
HK,2000,Artificial Intelligence,143
HK,2001,Artificial Intelligence,146
HK,2002,Artificial Intelligence,436
HK,2003,Artificial Intelligence,291
HK,2004,Artificial Intelligence,298
HK,2005,Artificial Intelligence,343
HK,2006,Artificial Intelligence,353
HK,2007,Artificial Intelligence,300
HK,2008,Artificial Intelligence,366
HK,2009,Artificial Intelligence,370
HK,2010,Artificial Intelligence,371
HK,2011,Artificial Intelligence,332
HK,2012,Artificial Intelligence,362
HK,2013,Artificial Intelligence,342
HK,2014,Artificial Intelligence,407
HK,2015,Artificial Intelligence,412
HK,2016,Artificial Intelligence,370
HK,2017,Artificial Intelligence,512
HK,2018,Artificial Intelligence,603
HK,2019,Artificial Intelligence,780
HK,2020,Artificial Intelligence,1000
HK,2021,Artificial Intelligence,1144
HK,2022,Artificial Intelligence,1236
HK,2023,Artificial Intelligence,1755
HK,2024,Artificial Intelligence,2080
HK,2025,Artificial Intelligence,2660
HN,2007,Artificial Intelligence,1
HN,2013,Artificial Intelligence,3
HN,2014,Artificial Intelligence,1
HN,2015,Artificial Intelligence,3
HN,2016,Artificial Intelligence,1
HN,2018,Artificial Intelligence,3
HN,2019,Artificial Intelligence,6
HN,2020,Artificial Intelligence,17
HN,2021,Artificial Intelligence,7
HN,2022,Artificial Intelligence,3
HN,2023,Artificial Intelligence,6
HN,2024,Artificial Intelligence,4
HN,2025,Artificial Intelligence,5
HR,2000,Artificial Intelligence,16
HR,2001,Artificial Intelligence,11
HR,2002,Artificial Intelligence,49
HR,2003,Artificial Intelligence,22
HR,2004,Artificial Intelligence,25
HR,2005,Artificial Intelligence,28
HR,2006,Artificial Intelligence,30
HR,2007,Artificial Intelligence,54
HR,2008,Artificial Intelligence,44
HR,2009,Artificial Intelligence,44
HR,2010,Artificial Intelligence,41
HR,2011,Artificial Intelligence,45
HR,2012,Artificial Intelligence,64
HR,2013,Artificial Intelligence,67
HR,2014,Artificial Intelligence,103
HR,2015,Artificial Intelligence,90
HR,2016,Artificial Intelligence,93
HR,2017,Artificial Intelligence,104
HR,2018,Artificial Intelligence,121
HR,2019,Artificial Intelligence,108
HR,2020,Artificial Intelligence,151
HR,2021,Artificial Intelligence,151
HR,2022,Artificial Intelligence,162
HR,2023,Artificial Intelligence,204
HR,2024,Artificial Intelligence,194
HR,2025,Artificial Intelligence,194
HT,2015,Artificial Intelligence,1
HT,2019,Artificial Intelligence,2
HT,2020,Artificial Intelligence,1
HT,2022,Artificial Intelligence,2
HT,2023,Artificial Intelligence,2
HT,2025,Artificial Intelligence,1
HU,2000,Artificial Intelligence,71
HU,2001,Artificial Intelligence,62
HU,2002,Artificial Intelligence,210
HU,2003,Artificial Intelligence,104
HU,2004,Artificial Intelligence,99
HU,2005,Artificial Intelligence,132
HU,2006,Artificial Intelligence,155
HU,2007,Artificial Intelligence,162
HU,2008,Artificial Intelligence,136
HU,2009,Artificial Intelligence,151
HU,2010,Artificial Intelligence,162
HU,2011,Artificial Intelligence,150
HU,2012,Artificial Intelligence,197
HU,2013,Artificial Intelligence,197
HU,2014,Artificial Intelligence,223
HU,2015,Artificial Intelligence,199
HU,2016,Artificial Intelligence,192
HU,2017,Artificial Intelligence,169
HU,2018,Artificial Intelligence,277
HU,2019,Artificial Intelligence,302
HU,2020,Artificial Intelligence,295
HU,2021,Artificial Intelligence,343
HU,2022,Artificial Intelligence,358
HU,2023,Artificial Intelligence,430
HU,2024,Artificial Intelligence,487
HU,2025,Artificial Intelligence,588
IE,2000,Artificial Intelligence,49
IE,2001,Artificial Intelligence,62
IE,2002,Artificial Intelligence,104
IE,2003,Artificial Intelligence,133
IE,2004,Artificial Intelligence,143
IE,2005,Artificial Intelligence,185
IE,2006,Artificial Intelligence,194
IE,2007,Artificial Intelligence,254
IE,2008,Artificial Intelligence,260
IE,2009,Artificial Intelligence,297
IE,2010,Artificial Intelligence,319
IE,2011,Artificial Intelligence,320
IE,2012,Artificial Intelligence,328
IE,2013,Artificial Intelligence,288
IE,2014,Artificial Intelligence,307
IE,2015,Artificial Intelligence,353
IE,2016,Artificial Intelligence,331
IE,2017,Artificial Intelligence,338
IE,2018,Artificial Intelligence,381
IE,2019,Artificial Intelligence,408
IE,2020,Artificial Intelligence,492
IE,2021,Artificial Intelligence,551
IE,2022,Artificial Intelligence,493
IE,2023,Artificial Intelligence,656
IE,2024,Artificial Intelligence,635
IE,2025,Artificial Intelligence,678
IL,2000,Artificial Intelligence,202
IL,2001,Artificial Intelligence,266
IL,2002,Artificial Intelligence,490
IL,2003,Artificial Intelligence,317
IL,2004,Artificial Intelligence,330
IL,2005,Artificial Intelligence,397
IL,2006,Artificial Intelligence,448
IL,2007,Artificial Intelligence,433
IL,2008,Artificial Intelligence,437
IL,2009,Artificial Intelligence,373
IL,2010,Artificial Intelligence,454
IL,2011,Artificial Intelligence,472
IL,2012,Artificial Intelligence,538
IL,2013,Artificial Intelligence,544
IL,2014,Artificial Intelligence,625
IL,2015,Artificial Intelligence,545
IL,2016,Artificial Intelligence,630
IL,2017,Artificial Intelligence,650
IL,2018,Artificial Intelligence,695
IL,2019,Artificial Intelligence,997
IL,2020,Artificial Intelligence,1111
IL,2021,Artificial Intelligence,1305
IL,2022,Artificial Intelligence,858
IL,2023,Artificial Intelligence,922
IL,2024,Artificial Intelligence,901
IL,2025,Artificial Intelligence,902
IM,2007,Artificial Intelligence,1
IM,2019,Artificial Intelligence,1
IQ,2002,Artificial Intelligence,2
IQ,2004,Artificial Intelligence,5
IQ,2005,Artificial Intelligence,17
IQ,2006,Artificial Intelligence,20
IQ,2007,Artificial Intelligence,23
IQ,2008,Artificial Intelligence,22
IQ,2009,Artificial Intelligence,34
IQ,2010,Artificial Intelligence,50
IQ,2011,Artificial Intelligence,42
IQ,2012,Artificial Intelligence,71
IQ,2013,Artificial Intelligence,79
IQ,2014,Artificial Intelligence,72
IQ,2015,Artificial Intelligence,99
IQ,2016,Artificial Intelligence,109
IQ,2017,Artificial Intelligence,154
IQ,2018,Artificial Intelligence,186
IQ,2019,Artificial Intelligence,317
IQ,2020,Artificial Intelligence,461
IQ,2021,Artificial Intelligence,558
IQ,2022,Artificial Intelligence,732
IQ,2023,Artificial Intelligence,864
IQ,2024,Artificial Intelligence,914
IQ,2025,Artificial Intelligence,1235
IR,2000,Artificial Intelligence,14
IR,2001,Artificial Intelligence,18
IR,2002,Artificial Intelligence,99
IR,2003,Artificial Intelligence,60
IR,2004,Artificial Intelligence,101
IR,2005,Artificial Intelligence,123
IR,2006,Artificial Intelligence,252
IR,2007,Artificial Intelligence,328
IR,2008,Artificial Intelligence,413
IR,2009,Artificial Intelligence,475
IR,2010,Artificial Intelligence,567
IR,2011,Artificial Intelligence,668
IR,2012,Artificial Intelligence,721
IR,2013,Artificial Intelligence,635
IR,2014,Artificial Intelligence,866
IR,2015,Artificial Intelligence,952
IR,2016,Artificial Intelligence,909
IR,2017,Artificial Intelligence,1001
IR,2018,Artificial Intelligence,1045
IR,2019,Artificial Intelligence,1127
IR,2020,Artificial Intelligence,1343
IR,2021,Artificial Intelligence,1477
IR,2022,Artificial Intelligence,1361
IR,2023,Artificial Intelligence,1352
IR,2024,Artificial Intelligence,1419
IR,2025,Artificial Intelligence,1515
IS,2000,Artificial Intelligence,2
IS,2001,Artificial Intelligence,1
IS,2002,Artificial Intelligence,13
IS,2003,Artificial Intelligence,8
IS,2004,Artificial Intelligence,3
IS,2005,Artificial Intelligence,9
IS,2006,Artificial Intelligence,11
IS,2007,Artificial Intelligence,13
IS,2008,Artificial Intelligence,16
IS,2009,Artificial Intelligence,28
IS,2010,Artificial Intelligence,32
IS,2011,Artificial Intelligence,25
IS,2012,Artificial Intelligence,30
IS,2013,Artificial Intelligence,22
IS,2014,Artificial Intelligence,31
IS,2015,Artificial Intelligence,26
IS,2016,Artificial Intelligence,20
IS,2017,Artificial Intelligence,21
IS,2018,Artificial Intelligence,18
IS,2019,Artificial Intelligence,23
IS,2020,Artificial Intelligence,35
IS,2021,Artificial Intelligence,40
IS,2022,Artificial Intelligence,48
IS,2023,Artificial Intelligence,41
IS,2024,Artificial Intelligence,55
IS,2025,Artificial Intelligence,51
India,2000,Artificial Intelligence,196
India,2001,Artificial Intelligence,201
India,2002,Artificial Intelligence,457
India,2003,Artificial Intelligence,362
India,2004,Artificial Intelligence,421
India,2005,Artificial Intelligence,491
India,2006,Artificial Intelligence,664
India,2007,Artificial Intelligence,700
India,2008,Artificial Intelligence,764
India,2009,Artificial Intelligence,984
India,2010,Artificial Intelligence,1380
India,2011,Artificial Intelligence,1630
India,2012,Artificial Intelligence,2331
India,2013,Artificial Intelligence,2265
India,2014,Artificial Intelligence,2839
India,2015,Artificial Intelligence,3302
India,2016,Artificial Intelligence,3685
India,2017,Artificial Intelligence,4268
India,2018,Artificial Intelligence,5182
India,2019,Artificial Intelligence,5303
India,2020,Artificial Intelligence,6804
India,2021,Artificial Intelligence,7839
India,2022,Artificial Intelligence,9406
India,2023,Artificial Intelligence,11600
India,2024,Artificial Intelligence,13661
India,2025,Artificial Intelligence,18829
Indonesia,2000,Artificial Intelligence,8
Indonesia,2001,Artificial Intelligence,13
Indonesia,2002,Artificial Intelligence,15
Indonesia,2003,Artificial Intelligence,23
Indonesia,2004,Artificial Intelligence,46
Indonesia,2005,Artificial Intelligence,29
Indonesia,2006,Artificial Intelligence,43
Indonesia,2007,Artificial Intelligence,64
Indonesia,2008,Artificial Intelligence,87
Indonesia,2009,Artificial Intelligence,104
Indonesia,2010,Artificial Intelligence,136
Indonesia,2011,Artificial Intelligence,237
Indonesia,2012,Artificial Intelligence,403
Indonesia,2013,Artificial Intelligence,502
Indonesia,2014,Artificial Intelligence,695
Indonesia,2015,Artificial Intelligence,941
Indonesia,2016,Artificial Intelligence,1709
Indonesia,2017,Artificial Intelligence,2284
Indonesia,2018,Artificial Intelligence,3280
Indonesia,2019,Artificial Intelligence,4029
Indonesia,2020,Artificial Intelligence,4694
Indonesia,2021,Artificial Intelligence,5665
Indonesia,2022,Artificial Intelligence,6281
Indonesia,2023,Artificial Intelligence,8203
Indonesia,2024,Artificial Intelligence,9011
Indonesia,2025,Artificial Intelligence,8961
Italy,2000,Artificial Intelligence,650
Italy,2001,Artificial Intelligence,703
Italy,2002,Artificial Intelligence,1486
Italy,2003,Artificial Intelligence,1141
Italy,2004,Artificial Intelligence,1090
Italy,2005,Artificial Intelligence,1308
Italy,2006,Artificial Intelligence,1434
Italy,2007,Artificial Intelligence,1524
Italy,2008,Artificial Intelligence,1564
Italy,2009,Artificial Intelligence,1751
Italy,2010,Artificial Intelligence,1744
Italy,2011,Artificial Intelligence,1829
Italy,2012,Artificial Intelligence,1937
Italy,2013,Artificial Intelligence,2141
Italy,2014,Artificial Intelligence,2060
Italy,2015,Artificial Intelligence,2008
Italy,2016,Artificial Intelligence,2167
Italy,2017,Artificial Intelligence,2203
Italy,2018,Artificial Intelligence,2398
Italy,2019,Artificial Intelligence,2702
Italy,2020,Artificial Intelligence,3020
Italy,2021,Artificial Intelligence,3369
Italy,2022,Artificial Intelligence,3490
Italy,2023,Artificial Intelligence,4222
Italy,2024,Artificial Intelligence,4366
Italy,2025,Artificial Intelligence,5435
JM,2000,Artificial Intelligence,3
JM,2001,Artificial Intelligence,1
JM,2002,Artificial Intelligence,7
JM,2003,Artificial Intelligence,2
JM,2004,Artificial Intelligence,12
JM,2005,Artificial Intelligence,7
JM,2006,Artificial Intelligence,3
JM,2007,Artificial Intelligence,2
JM,2008,Artificial Intelligence,4
JM,2009,Artificial Intelligence,5
JM,2010,Artificial Intelligence,3
JM,2011,Artificial Intelligence,5
JM,2012,Artificial Intelligence,4
JM,2013,Artificial Intelligence,4
JM,2014,Artificial Intelligence,3
JM,2015,Artificial Intelligence,6
JM,2016,Artificial Intelligence,3
JM,2017,Artificial Intelligence,7
JM,2018,Artificial Intelligence,5
JM,2019,Artificial Intelligence,12
JM,2020,Artificial Intelligence,9
JM,2021,Artificial Intelligence,21
JM,2022,Artificial Intelligence,13
JM,2023,Artificial Intelligence,12
JM,2024,Artificial Intelligence,13
JM,2025,Artificial Intelligence,11
JO,2000,Artificial Intelligence,7
JO,2001,Artificial Intelligence,11
JO,2002,Artificial Intelligence,10
JO,2003,Artificial Intelligence,10
JO,2004,Artificial Intelligence,22
JO,2005,Artificial Intelligence,34
JO,2006,Artificial Intelligence,42
JO,2007,Artificial Intelligence,32
JO,2008,Artificial Intelligence,52
JO,2009,Artificial Intelligence,59
JO,2010,Artificial Intelligence,63
JO,2011,Artificial Intelligence,82
JO,2012,Artificial Intelligence,72
JO,2013,Artificial Intelligence,99
JO,2014,Artificial Intelligence,118
JO,2015,Artificial Intelligence,140
JO,2016,Artificial Intelligence,206
JO,2017,Artificial Intelligence,213
JO,2018,Artificial Intelligence,296
JO,2019,Artificial Intelligence,362
JO,2020,Artificial Intelligence,406
JO,2021,Artificial Intelligence,414
JO,2022,Artificial Intelligence,590
JO,2023,Artificial Intelligence,870
JO,2024,Artificial Intelligence,842
JO,2025,Artificial Intelligence,1089
Japan,2000,Artificial Intelligence,1118
Japan,2001,Artificial Intelligence,1203
Japan,2002,Artificial Intelligence,3900
Japan,2003,Artificial Intelligence,2505
Japan,2004,Artificial Intelligence,1903
Japan,2005,Artificial Intelligence,2428
Japan,2006,Artificial Intelligence,2418
Japan,2007,Artificial Intelligence,2227
Japan,2008,Artificial Intelligence,2619
Japan,2009,Artificial Intelligence,2481
Japan,2010,Artificial Intelligence,2453
Japan,2011,Artificial Intelligence,2436
Japan,2012,Artificial Intelligence,2555
Japan,2013,Artificial Intelligence,2469
Japan,2014,Artificial Intelligence,2622
Japan,2015,Artificial Intelligence,2597
Japan,2016,Artificial Intelligence,2698
Japan,2017,Artificial Intelligence,2842
Japan,2018,Artificial Intelligence,3182
Japan,2019,Artificial Intelligence,3447
Japan,2020,Artificial Intelligence,3661
Japan,2021,Artificial Intelligence,3762
Japan,2022,Artificial Intelligence,3837
Japan,2023,Artificial Intelligence,4347
Japan,2024,Artificial Intelligence,4447
Japan,2025,Artificial Intelligence,4905
KE,2000,Artificial Intelligence,3
KE,2001,Artificial Intelligence,2
KE,2002,Artificial Intelligence,4
KE,2003,Artificial Intelligence,2
KE,2004,Artificial Intelligence,1
KE,2005,Artificial Intelligence,5
KE,2006,Artificial Intelligence,6
KE,2007,Artificial Intelligence,3
KE,2008,Artificial Intelligence,5
KE,2009,Artificial Intelligence,5
KE,2010,Artificial Intelligence,7
KE,2011,Artificial Intelligence,15
KE,2012,Artificial Intelligence,10
KE,2013,Artificial Intelligence,8
KE,2014,Artificial Intelligence,12
KE,2015,Artificial Intelligence,22
KE,2016,Artificial Intelligence,21
KE,2017,Artificial Intelligence,27
KE,2018,Artificial Intelligence,31
KE,2019,Artificial Intelligence,64
KE,2020,Artificial Intelligence,53
KE,2021,Artificial Intelligence,88
KE,2022,Artificial Intelligence,104
KE,2023,Artificial Intelligence,105
KE,2024,Artificial Intelligence,104
KE,2025,Artificial Intelligence,141
KG,2003,Artificial Intelligence,1
KG,2004,Artificial Intelligence,1
KG,2005,Artificial Intelligence,1
KG,2006,Artificial Intelligence,1
KG,2007,Artificial Intelligence,1
KG,2008,Artificial Intelligence,2
KG,2013,Artificial Intelligence,1
KG,2015,Artificial Intelligence,2
KG,2016,Artificial Intelligence,2
KG,2017,Artificial Intelligence,1
KG,2018,Artificial Intelligence,2
KG,2019,Artificial Intelligence,3
KG,2020,Artificial Intelligence,7
KG,2021,Artificial Intelligence,21
KG,2022,Artificial Intelligence,14
KG,2023,Artificial Intelligence,9
KG,2024,Artificial Intelligence,22
KG,2025,Artificial Intelligence,76
KH,2000,Artificial Intelligence,1
KH,2001,Artificial Intelligence,1
KH,2003,Artificial Intelligence,1
KH,2004,Artificial Intelligence,4
KH,2005,Artificial Intelligence,2
KH,2006,Artificial Intelligence,5
KH,2007,Artificial Intelligence,2
KH,2008,Artificial Intelligence,4
KH,2009,Artificial Intelligence,4
KH,2010,Artificial Intelligence,2
KH,2011,Artificial Intelligence,4
KH,2012,Artificial Intelligence,7
KH,2013,Artificial Intelligence,3
KH,2014,Artificial Intelligence,2
KH,2015,Artificial Intelligence,2
KH,2016,Artificial Intelligence,3
KH,2017,Artificial Intelligence,7
KH,2018,Artificial Intelligence,10
KH,2019,Artificial Intelligence,14
KH,2020,Artificial Intelligence,10
KH,2021,Artificial Intelligence,16
KH,2022,Artificial Intelligence,18
KH,2023,Artificial Intelligence,35
KH,2024,Artificial Intelligence,55
KH,2025,Artificial Intelligence,85
KI,2020,Artificial Intelligence,1
KI,2022,Artificial Intelligence,1
KI,2023,Artificial Intelligence,1
KN,2012,Artificial Intelligence,1
KN,2019,Artificial Intelligence,2
KN,2020,Artificial Intelligence,1
KN,2021,Artificial Intelligence,1
KN,2022,Artificial Intelligence,2
KN,2023,Artificial Intelligence,1
KN,2024,Artificial Intelligence,6
KN,2025,Artificial Intelligence,6
KP,2005,Artificial Intelligence,2
KP,2006,Artificial Intelligence,1
KP,2013,Artificial Intelligence,2
KP,2014,Artificial Intelligence,2
KP,2015,Artificial Intelligence,4
KP,2016,Artificial Intelligence,3
KP,2018,Artificial Intelligence,1
KP,2019,Artificial Intelligence,2
KP,2020,Artificial Intelligence,4
KP,2021,Artificial Intelligence,5
KP,2022,Artificial Intelligence,9
KP,2023,Artificial Intelligence,12
KP,2024,Artificial Intelligence,15
KP,2025,Artificial Intelligence,32
KR,2000,Artificial Intelligence,191
KR,2001,Artificial Intelligence,183
KR,2002,Artificial Intelligence,821
KR,2003,Artificial Intelligence,545
KR,2004,Artificial Intelligence,567
KR,2005,Artificial Intelligence,754
KR,2006,Artificial Intelligence,858
KR,2007,Artificial Intelligence,761
KR,2008,Artificial Intelligence,759
KR,2009,Artificial Intelligence,702
KR,2010,Artificial Intelligence,741
KR,2011,Artificial Intelligence,812
KR,2012,Artificial Intelligence,911
KR,2013,Artificial Intelligence,924
KR,2014,Artificial Intelligence,954
KR,2015,Artificial Intelligence,960
KR,2016,Artificial Intelligence,931
KR,2017,Artificial Intelligence,1021
KR,2018,Artificial Intelligence,1260
KR,2019,Artificial Intelligence,1576
KR,2020,Artificial Intelligence,1944
KR,2021,Artificial Intelligence,2360
KR,2022,Artificial Intelligence,2527
KR,2023,Artificial Intelligence,2969
KR,2024,Artificial Intelligence,3147
KR,2025,Artificial Intelligence,3668
KW,2000,Artificial Intelligence,10
KW,2001,Artificial Intelligence,7
KW,2002,Artificial Intelligence,14
KW,2003,Artificial Intelligence,12
KW,2004,Artificial Intelligence,15
KW,2005,Artificial Intelligence,12
KW,2006,Artificial Intelligence,16
KW,2007,Artificial Intelligence,22
KW,2008,Artificial Intelligence,21
KW,2009,Artificial Intelligence,17
KW,2010,Artificial Intelligence,21
KW,2011,Artificial Intelligence,17
KW,2012,Artificial Intelligence,16
KW,2013,Artificial Intelligence,27
KW,2014,Artificial Intelligence,23
KW,2015,Artificial Intelligence,30
KW,2016,Artificial Intelligence,40
KW,2017,Artificial Intelligence,33
KW,2018,Artificial Intelligence,38
KW,2019,Artificial Intelligence,55
KW,2020,Artificial Intelligence,60
KW,2021,Artificial Intelligence,57
KW,2022,Artificial Intelligence,72
KW,2023,Artificial Intelligence,104
KW,2024,Artificial Intelligence,122
KW,2025,Artificial Intelligence,164
KY,2018,Artificial Intelligence,2
KY,2019,Artificial Intelligence,11
KY,2020,Artificial Intelligence,39
KY,2021,Artificial Intelligence,53
KY,2022,Artificial Intelligence,43
KY,2023,Artificial Intelligence,56
KY,2024,Artificial Intelligence,15
KY,2025,Artificial Intelligence,26
KZ,2000,Artificial Intelligence,1
KZ,2001,Artificial Intelligence,5
KZ,2002,Artificial Intelligence,3
KZ,2003,Artificial Intelligence,2
KZ,2004,Artificial Intelligence,4
KZ,2005,Artificial Intelligence,5
KZ,2007,Artificial Intelligence,2
KZ,2008,Artificial Intelligence,5
KZ,2009,Artificial Intelligence,4
KZ,2010,Artificial Intelligence,8
KZ,2011,Artificial Intelligence,4
KZ,2012,Artificial Intelligence,14
KZ,2013,Artificial Intelligence,20
KZ,2014,Artificial Intelligence,33
KZ,2015,Artificial Intelligence,33
KZ,2016,Artificial Intelligence,43
KZ,2017,Artificial Intelligence,50
KZ,2018,Artificial Intelligence,74
KZ,2019,Artificial Intelligence,103
KZ,2020,Artificial Intelligence,99
KZ,2021,Artificial Intelligence,138
KZ,2022,Artificial Intelligence,139
KZ,2023,Artificial Intelligence,206
KZ,2024,Artificial Intelligence,284
KZ,2025,Artificial Intelligence,414
LA,2003,Artificial Intelligence,1
LA,2005,Artificial Intelligence,2
LA,2013,Artificial Intelligence,1
LA,2015,Artificial Intelligence,1
LA,2017,Artificial Intelligence,1
LA,2019,Artificial Intelligence,2
LA,2022,Artificial Intelligence,2
LA,2023,Artificial Intelligence,1
LA,2024,Artificial Intelligence,5
LA,2025,Artificial Intelligence,8
LB,2000,Artificial Intelligence,3
LB,2001,Artificial Intelligence,2
LB,2002,Artificial Intelligence,10
LB,2003,Artificial Intelligence,10
LB,2004,Artificial Intelligence,14
LB,2005,Artificial Intelligence,16
LB,2006,Artificial Intelligence,27
LB,2007,Artificial Intelligence,9
LB,2008,Artificial Intelligence,10
LB,2009,Artificial Intelligence,17
LB,2010,Artificial Intelligence,30
LB,2011,Artificial Intelligence,42
LB,2012,Artificial Intelligence,34
LB,2013,Artificial Intelligence,39
LB,2014,Artificial Intelligence,41
LB,2015,Artificial Intelligence,59
LB,2016,Artificial Intelligence,56
LB,2017,Artificial Intelligence,55
LB,2018,Artificial Intelligence,73
LB,2019,Artificial Intelligence,72
LB,2020,Artificial Intelligence,77
LB,2021,Artificial Intelligence,77
LB,2022,Artificial Intelligence,119
LB,2023,Artificial Intelligence,265
LB,2024,Artificial Intelligence,222
LB,2025,Artificial Intelligence,187
LC,2022,Artificial Intelligence,1
LC,2025,Artificial Intelligence,2
LI,2007,Artificial Intelligence,1
LI,2009,Artificial Intelligence,2
LI,2011,Artificial Intelligence,3
LI,2012,Artificial Intelligence,1
LI,2014,Artificial Intelligence,1
LI,2015,Artificial Intelligence,1
LI,2016,Artificial Intelligence,1
LI,2017,Artificial Intelligence,5
LI,2018,Artificial Intelligence,4
LI,2019,Artificial Intelligence,2
LI,2020,Artificial Intelligence,6
LI,2021,Artificial Intelligence,5
LI,2022,Artificial Intelligence,8
LI,2023,Artificial Intelligence,9
LI,2024,Artificial Intelligence,11
LI,2025,Artificial Intelligence,11
LK,2000,Artificial Intelligence,1
LK,2001,Artificial Intelligence,3
LK,2002,Artificial Intelligence,5
LK,2003,Artificial Intelligence,4
LK,2004,Artificial Intelligence,4
LK,2005,Artificial Intelligence,6
LK,2006,Artificial Intelligence,14
LK,2007,Artificial Intelligence,12
LK,2008,Artificial Intelligence,23
LK,2009,Artificial Intelligence,22
LK,2010,Artificial Intelligence,18
LK,2011,Artificial Intelligence,32
LK,2012,Artificial Intelligence,24
LK,2013,Artificial Intelligence,34
LK,2014,Artificial Intelligence,46
LK,2015,Artificial Intelligence,58
LK,2016,Artificial Intelligence,52
LK,2017,Artificial Intelligence,67
LK,2018,Artificial Intelligence,89
LK,2019,Artificial Intelligence,122
LK,2020,Artificial Intelligence,140
LK,2021,Artificial Intelligence,158
LK,2022,Artificial Intelligence,158
LK,2023,Artificial Intelligence,143
LK,2024,Artificial Intelligence,176
LK,2025,Artificial Intelligence,243
LR,2005,Artificial Intelligence,1
LR,2007,Artificial Intelligence,1
LR,2014,Artificial Intelligence,1
LR,2015,Artificial Intelligence,3
LR,2020,Artificial Intelligence,1
LR,2021,Artificial Intelligence,1
LR,2022,Artificial Intelligence,4
LR,2023,Artificial Intelligence,5
LR,2024,Artificial Intelligence,2
LR,2025,Artificial Intelligence,7
LS,2006,Artificial Intelligence,1
LS,2010,Artificial Intelligence,1
LS,2016,Artificial Intelligence,1
LS,2017,Artificial Intelligence,1
LS,2018,Artificial Intelligence,1
LS,2019,Artificial Intelligence,1
LS,2020,Artificial Intelligence,3
LS,2021,Artificial Intelligence,1
LS,2022,Artificial Intelligence,1
LS,2023,Artificial Intelligence,1
LS,2024,Artificial Intelligence,4
LS,2025,Artificial Intelligence,2
LT,2000,Artificial Intelligence,28
LT,2001,Artificial Intelligence,20
LT,2002,Artificial Intelligence,28
LT,2003,Artificial Intelligence,25
LT,2004,Artificial Intelligence,40
LT,2005,Artificial Intelligence,50
LT,2006,Artificial Intelligence,42
LT,2007,Artificial Intelligence,53
LT,2008,Artificial Intelligence,37
LT,2009,Artificial Intelligence,53
LT,2010,Artificial Intelligence,52
LT,2011,Artificial Intelligence,55
LT,2012,Artificial Intelligence,65
LT,2013,Artificial Intelligence,45
LT,2014,Artificial Intelligence,49
LT,2015,Artificial Intelligence,54
LT,2016,Artificial Intelligence,41
LT,2017,Artificial Intelligence,53
LT,2018,Artificial Intelligence,49
LT,2019,Artificial Intelligence,67
LT,2020,Artificial Intelligence,81
LT,2021,Artificial Intelligence,85
LT,2022,Artificial Intelligence,78
LT,2023,Artificial Intelligence,112
LT,2024,Artificial Intelligence,120
LT,2025,Artificial Intelligence,129
LU,2000,Artificial Intelligence,1
LU,2001,Artificial Intelligence,4
LU,2002,Artificial Intelligence,5
LU,2003,Artificial Intelligence,2
LU,2004,Artificial Intelligence,7
LU,2005,Artificial Intelligence,12
LU,2006,Artificial Intelligence,28
LU,2007,Artificial Intelligence,49
LU,2008,Artificial Intelligence,49
LU,2009,Artificial Intelligence,97
LU,2010,Artificial Intelligence,101
LU,2011,Artificial Intelligence,105
LU,2012,Artificial Intelligence,123
LU,2013,Artificial Intelligence,109
LU,2014,Artificial Intelligence,124
LU,2015,Artificial Intelligence,114
LU,2016,Artificial Intelligence,104
LU,2017,Artificial Intelligence,122
LU,2018,Artificial Intelligence,114
LU,2019,Artificial Intelligence,130
LU,2020,Artificial Intelligence,149
LU,2021,Artificial Intelligence,134
LU,2022,Artificial Intelligence,159
LU,2023,Artificial Intelligence,176
LU,2024,Artificial Intelligence,195
LU,2025,Artificial Intelligence,210
LV,2000,Artificial Intelligence,9
LV,2001,Artificial Intelligence,21
LV,2002,Artificial Intelligence,13
LV,2003,Artificial Intelligence,14
LV,2004,Artificial Intelligence,18
LV,2005,Artificial Intelligence,14
LV,2006,Artificial Intelligence,20
LV,2007,Artificial Intelligence,24
LV,2008,Artificial Intelligence,22
LV,2009,Artificial Intelligence,21
LV,2010,Artificial Intelligence,38
LV,2011,Artificial Intelligence,35
LV,2012,Artificial Intelligence,58
LV,2013,Artificial Intelligence,40
LV,2014,Artificial Intelligence,57
LV,2015,Artificial Intelligence,60
LV,2016,Artificial Intelligence,61
LV,2017,Artificial Intelligence,52
LV,2018,Artificial Intelligence,67
LV,2019,Artificial Intelligence,58
LV,2020,Artificial Intelligence,86
LV,2021,Artificial Intelligence,77
LV,2022,Artificial Intelligence,80
LV,2023,Artificial Intelligence,130
LV,2024,Artificial Intelligence,102
LV,2025,Artificial Intelligence,119
LY,2000,Artificial Intelligence,1
LY,2003,Artificial Intelligence,1
LY,2004,Artificial Intelligence,4
LY,2005,Artificial Intelligence,2
LY,2006,Artificial Intelligence,1
LY,2007,Artificial Intelligence,2
LY,2008,Artificial Intelligence,4
LY,2009,Artificial Intelligence,4
LY,2010,Artificial Intelligence,8
LY,2011,Artificial Intelligence,5
LY,2012,Artificial Intelligence,3
LY,2013,Artificial Intelligence,8
LY,2014,Artificial Intelligence,8
LY,2015,Artificial Intelligence,9
LY,2016,Artificial Intelligence,9
LY,2017,Artificial Intelligence,18
LY,2018,Artificial Intelligence,10
LY,2019,Artificial Intelligence,14
LY,2020,Artificial Intelligence,28
LY,2021,Artificial Intelligence,40
LY,2022,Artificial Intelligence,39
LY,2023,Artificial Intelligence,51
LY,2024,Artificial Intelligence,51
LY,2025,Artificial Intelligence,69
MA,2000,Artificial Intelligence,14
MA,2001,Artificial Intelligence,11
MA,2002,Artificial Intelligence,24
MA,2003,Artificial Intelligence,16
MA,2004,Artificial Intelligence,11
MA,2005,Artificial Intelligence,11
MA,2006,Artificial Intelligence,19
MA,2007,Artificial Intelligence,21
MA,2008,Artificial Intelligence,25
MA,2009,Artificial Intelligence,25
MA,2010,Artificial Intelligence,37
MA,2011,Artificial Intelligence,61
MA,2012,Artificial Intelligence,99
MA,2013,Artificial Intelligence,105
MA,2014,Artificial Intelligence,149
MA,2015,Artificial Intelligence,171
MA,2016,Artificial Intelligence,224
MA,2017,Artificial Intelligence,293
MA,2018,Artificial Intelligence,372
MA,2019,Artificial Intelligence,369
MA,2020,Artificial Intelligence,416
MA,2021,Artificial Intelligence,476
MA,2022,Artificial Intelligence,531
MA,2023,Artificial Intelligence,603
MA,2024,Artificial Intelligence,746
MA,2025,Artificial Intelligence,961
MC,2020,Artificial Intelligence,1
MC,2021,Artificial Intelligence,1
MC,2022,Artificial Intelligence,3
MC,2024,Artificial Intelligence,2
MC,2025,Artificial Intelligence,1
MD,2000,Artificial Intelligence,2
MD,2001,Artificial Intelligence,4
MD,2003,Artificial Intelligence,6
MD,2004,Artificial Intelligence,6
MD,2005,Artificial Intelligence,2
MD,2006,Artificial Intelligence,4
MD,2007,Artificial Intelligence,5
MD,2008,Artificial Intelligence,10
MD,2009,Artificial Intelligence,5
MD,2010,Artificial Intelligence,11
MD,2011,Artificial Intelligence,8
MD,2012,Artificial Intelligence,7
MD,2013,Artificial Intelligence,7
MD,2014,Artificial Intelligence,17
MD,2015,Artificial Intelligence,9
MD,2016,Artificial Intelligence,4
MD,2017,Artificial Intelligence,17
MD,2018,Artificial Intelligence,11
MD,2019,Artificial Intelligence,14
MD,2020,Artificial Intelligence,11
MD,2021,Artificial Intelligence,19
MD,2022,Artificial Intelligence,30
MD,2023,Artificial Intelligence,25
MD,2024,Artificial Intelligence,28
MD,2025,Artificial Intelligence,75
ME,2002,Artificial Intelligence,2
ME,2003,Artificial Intelligence,1
ME,2005,Artificial Intelligence,5
ME,2006,Artificial Intelligence,1
ME,2007,Artificial Intelligence,4
ME,2008,Artificial Intelligence,3
ME,2009,Artificial Intelligence,3
ME,2010,Artificial Intelligence,2
ME,2011,Artificial Intelligence,4
ME,2012,Artificial Intelligence,1
ME,2013,Artificial Intelligence,6
ME,2014,Artificial Intelligence,4
ME,2015,Artificial Intelligence,6
ME,2016,Artificial Intelligence,8
ME,2017,Artificial Intelligence,11
ME,2018,Artificial Intelligence,8
ME,2019,Artificial Intelligence,6
ME,2020,Artificial Intelligence,15
ME,2021,Artificial Intelligence,17
ME,2022,Artificial Intelligence,14
ME,2023,Artificial Intelligence,25
ME,2024,Artificial Intelligence,40
ME,2025,Artificial Intelligence,81
MG,2001,Artificial Intelligence,1
MG,2002,Artificial Intelligence,3
MG,2008,Artificial Intelligence,2
MG,2009,Artificial Intelligence,1
MG,2010,Artificial Intelligence,1
MG,2011,Artificial Intelligence,1
MG,2012,Artificial Intelligence,1
MG,2015,Artificial Intelligence,1
MG,2016,Artificial Intelligence,6
MG,2017,Artificial Intelligence,5
MG,2018,Artificial Intelligence,6
MG,2019,Artificial Intelligence,7
MG,2020,Artificial Intelligence,6
MG,2021,Artificial Intelligence,9
MG,2022,Artificial Intelligence,9
MG,2023,Artificial Intelligence,4
MG,2024,Artificial Intelligence,12
MG,2025,Artificial Intelligence,21
MK,2000,Artificial Intelligence,2
MK,2001,Artificial Intelligence,6
MK,2002,Artificial Intelligence,9
MK,2003,Artificial Intelligence,7
MK,2004,Artificial Intelligence,8
MK,2005,Artificial Intelligence,14
MK,2006,Artificial Intelligence,14
MK,2007,Artificial Intelligence,13
MK,2008,Artificial Intelligence,14
MK,2009,Artificial Intelligence,12
MK,2010,Artificial Intelligence,18
MK,2011,Artificial Intelligence,22
MK,2012,Artificial Intelligence,25
MK,2013,Artificial Intelligence,34
MK,2014,Artificial Intelligence,50
MK,2015,Artificial Intelligence,41
MK,2016,Artificial Intelligence,33
MK,2017,Artificial Intelligence,52
MK,2018,Artificial Intelligence,50
MK,2019,Artificial Intelligence,37
MK,2020,Artificial Intelligence,71
MK,2021,Artificial Intelligence,67
MK,2022,Artificial Intelligence,66
MK,2023,Artificial Intelligence,96
MK,2024,Artificial Intelligence,88
MK,2025,Artificial Intelligence,140
ML,2005,Artificial Intelligence,1
ML,2014,Artificial Intelligence,2
ML,2015,Artificial Intelligence,1
ML,2016,Artificial Intelligence,2
ML,2017,Artificial Intelligence,7
ML,2018,Artificial Intelligence,2
ML,2019,Artificial Intelligence,3
ML,2020,Artificial Intelligence,6
ML,2021,Artificial Intelligence,6
ML,2022,Artificial Intelligence,4
ML,2023,Artificial Intelligence,2
ML,2024,Artificial Intelligence,6
ML,2025,Artificial Intelligence,4
MM,2000,Artificial Intelligence,1
MM,2001,Artificial Intelligence,2
MM,2005,Artificial Intelligence,3
MM,2006,Artificial Intelligence,2
MM,2007,Artificial Intelligence,4
MM,2008,Artificial Intelligence,6
MM,2009,Artificial Intelligence,13
MM,2010,Artificial Intelligence,11
MM,2011,Artificial Intelligence,9
MM,2012,Artificial Intelligence,6
MM,2013,Artificial Intelligence,10
MM,2014,Artificial Intelligence,14
MM,2015,Artificial Intelligence,26
MM,2016,Artificial Intelligence,15
MM,2017,Artificial Intelligence,18
MM,2018,Artificial Intelligence,44
MM,2019,Artificial Intelligence,56
MM,2020,Artificial Intelligence,80
MM,2021,Artificial Intelligence,29
MM,2022,Artificial Intelligence,18
MM,2023,Artificial Intelligence,33
MM,2024,Artificial Intelligence,49
MM,2025,Artificial Intelligence,78
MN,2000,Artificial Intelligence,1
MN,2001,Artificial Intelligence,1
MN,2002,Artificial Intelligence,2
MN,2003,Artificial Intelligence,2
MN,2004,Artificial Intelligence,1
MN,2005,Artificial Intelligence,2
MN,2006,Artificial Intelligence,5
MN,2007,Artificial Intelligence,5
MN,2008,Artificial Intelligence,7
MN,2009,Artificial Intelligence,6
MN,2010,Artificial Intelligence,11
MN,2011,Artificial Intelligence,17
MN,2012,Artificial Intelligence,17
MN,2013,Artificial Intelligence,17
MN,2014,Artificial Intelligence,23
MN,2015,Artificial Intelligence,15
MN,2016,Artificial Intelligence,11
MN,2017,Artificial Intelligence,18
MN,2018,Artificial Intelligence,11
MN,2019,Artificial Intelligence,28
MN,2020,Artificial Intelligence,25
MN,2021,Artificial Intelligence,38
MN,2022,Artificial Intelligence,37
MN,2023,Artificial Intelligence,56
MN,2024,Artificial Intelligence,61
MN,2025,Artificial Intelligence,67
MO,2001,Artificial Intelligence,1
MO,2002,Artificial Intelligence,7
MO,2003,Artificial Intelligence,4
MO,2004,Artificial Intelligence,8
MO,2005,Artificial Intelligence,10
MO,2006,Artificial Intelligence,16
MO,2007,Artificial Intelligence,19
MO,2008,Artificial Intelligence,13
MO,2009,Artificial Intelligence,17
MO,2010,Artificial Intelligence,17
MO,2011,Artificial Intelligence,29
MO,2012,Artificial Intelligence,49
MO,2013,Artificial Intelligence,56
MO,2014,Artificial Intelligence,79
MO,2015,Artificial Intelligence,59
MO,2016,Artificial Intelligence,95
MO,2017,Artificial Intelligence,83
MO,2018,Artificial Intelligence,101
MO,2019,Artificial Intelligence,122
MO,2020,Artificial Intelligence,153
MO,2021,Artificial Intelligence,214
MO,2022,Artificial Intelligence,277
MO,2023,Artificial Intelligence,380
MO,2024,Artificial Intelligence,560
MO,2025,Artificial Intelligence,746
MQ,2004,Artificial Intelligence,1
MQ,2005,Artificial Intelligence,2
MQ,2006,Artificial Intelligence,2
MQ,2008,Artificial Intelligence,1
MQ,2012,Artificial Intelligence,1
MQ,2018,Artificial Intelligence,1
MR,2016,Artificial Intelligence,1
MR,2017,Artificial Intelligence,1
MR,2019,Artificial Intelligence,1
MR,2020,Artificial Intelligence,2
MR,2021,Artificial Intelligence,5
MR,2022,Artificial Intelligence,4
MR,2023,Artificial Intelligence,8
MR,2024,Artificial Intelligence,13
MR,2025,Artificial Intelligence,8
MS,2003,Artificial Intelligence,1
MS,2006,Artificial Intelligence,2
MS,2018,Artificial Intelligence,1
MS,2023,Artificial Intelligence,1
MT,2000,Artificial Intelligence,1
MT,2001,Artificial Intelligence,4
MT,2002,Artificial Intelligence,10
MT,2003,Artificial Intelligence,3
MT,2004,Artificial Intelligence,1
MT,2005,Artificial Intelligence,9
MT,2006,Artificial Intelligence,1
MT,2007,Artificial Intelligence,4
MT,2008,Artificial Intelligence,8
MT,2009,Artificial Intelligence,5
MT,2010,Artificial Intelligence,9
MT,2011,Artificial Intelligence,10
MT,2012,Artificial Intelligence,21
MT,2013,Artificial Intelligence,26
MT,2014,Artificial Intelligence,24
MT,2015,Artificial Intelligence,25
MT,2016,Artificial Intelligence,33
MT,2017,Artificial Intelligence,37
MT,2018,Artificial Intelligence,45
MT,2019,Artificial Intelligence,41
MT,2020,Artificial Intelligence,45
MT,2021,Artificial Intelligence,44
MT,2022,Artificial Intelligence,54
MT,2023,Artificial Intelligence,47
MT,2024,Artificial Intelligence,47
MT,2025,Artificial Intelligence,60
MU,2000,Artificial Intelligence,2
MU,2001,Artificial Intelligence,2
MU,2002,Artificial Intelligence,5
MU,2003,Artificial Intelligence,6
MU,2004,Artificial Intelligence,1
MU,2006,Artificial Intelligence,4
MU,2007,Artificial Intelligence,2
MU,2008,Artificial Intelligence,1
MU,2009,Artificial Intelligence,2
MU,2010,Artificial Intelligence,2
MU,2011,Artificial Intelligence,1
MU,2012,Artificial Intelligence,7
MU,2013,Artificial Intelligence,10
MU,2014,Artificial Intelligence,7
MU,2015,Artificial Intelligence,6
MU,2016,Artificial Intelligence,7
MU,2017,Artificial Intelligence,5
MU,2018,Artificial Intelligence,12
MU,2019,Artificial Intelligence,13
MU,2020,Artificial Intelligence,14
MU,2021,Artificial Intelligence,9
MU,2022,Artificial Intelligence,20
MU,2023,Artificial Intelligence,24
MU,2024,Artificial Intelligence,29
MU,2025,Artificial Intelligence,30
MV,2008,Artificial Intelligence,1
MV,2013,Artificial Intelligence,1
MV,2015,Artificial Intelligence,1
MV,2016,Artificial Intelligence,1
MV,2017,Artificial Intelligence,2
MV,2019,Artificial Intelligence,2
MV,2020,Artificial Intelligence,3
MV,2022,Artificial Intelligence,1
MV,2023,Artificial Intelligence,5
MV,2024,Artificial Intelligence,4
MV,2025,Artificial Intelligence,12
MW,2001,Artificial Intelligence,2
MW,2004,Artificial Intelligence,3
MW,2005,Artificial Intelligence,4
MW,2006,Artificial Intelligence,2
MW,2007,Artificial Intelligence,2
MW,2009,Artificial Intelligence,2
MW,2010,Artificial Intelligence,3
MW,2011,Artificial Intelligence,3
MW,2012,Artificial Intelligence,2
MW,2013,Artificial Intelligence,2
MW,2014,Artificial Intelligence,6
MW,2015,Artificial Intelligence,2
MW,2016,Artificial Intelligence,3
MW,2017,Artificial Intelligence,1
MW,2018,Artificial Intelligence,4
MW,2019,Artificial Intelligence,6
MW,2020,Artificial Intelligence,3
MW,2021,Artificial Intelligence,3
MW,2022,Artificial Intelligence,15
MW,2023,Artificial Intelligence,15
MW,2024,Artificial Intelligence,21
MW,2025,Artificial Intelligence,29
MX,2000,Artificial Intelligence,80
MX,2001,Artificial Intelligence,79
MX,2002,Artificial Intelligence,215
MX,2003,Artificial Intelligence,201
MX,2004,Artificial Intelligence,255
MX,2005,Artificial Intelligence,248
MX,2006,Artificial Intelligence,377
MX,2007,Artificial Intelligence,389
MX,2008,Artificial Intelligence,349
MX,2009,Artificial Intelligence,388
MX,2010,Artificial Intelligence,351
MX,2011,Artificial Intelligence,403
MX,2012,Artificial Intelligence,370
MX,2013,Artificial Intelligence,424
MX,2014,Artificial Intelligence,483
MX,2015,Artificial Intelligence,479
MX,2016,Artificial Intelligence,512
MX,2017,Artificial Intelligence,505
MX,2018,Artificial Intelligence,616
MX,2019,Artificial Intelligence,675
MX,2020,Artificial Intelligence,748
MX,2021,Artificial Intelligence,695
MX,2022,Artificial Intelligence,652
MX,2023,Artificial Intelligence,722
MX,2024,Artificial Intelligence,821
MX,2025,Artificial Intelligence,981
MY,2000,Artificial Intelligence,24
MY,2001,Artificial Intelligence,13
MY,2002,Artificial Intelligence,74
MY,2003,Artificial Intelligence,57
MY,2004,Artificial Intelligence,61
MY,2005,Artificial Intelligence,77
MY,2006,Artificial Intelligence,106
MY,2007,Artificial Intelligence,121
MY,2008,Artificial Intelligence,243
MY,2009,Artificial Intelligence,258
MY,2010,Artificial Intelligence,404
MY,2011,Artificial Intelligence,445
MY,2012,Artificial Intelligence,450
MY,2013,Artificial Intelligence,525
MY,2014,Artificial Intelligence,636
MY,2015,Artificial Intelligence,587
MY,2016,Artificial Intelligence,591
MY,2017,Artificial Intelligence,648
MY,2018,Artificial Intelligence,754
MY,2019,Artificial Intelligence,823
MY,2020,Artificial Intelligence,861
MY,2021,Artificial Intelligence,1078
MY,2022,Artificial Intelligence,1308
MY,2023,Artificial Intelligence,1422
MY,2024,Artificial Intelligence,1666
MY,2025,Artificial Intelligence,2062
MZ,2000,Artificial Intelligence,2
MZ,2001,Artificial Intelligence,2
MZ,2003,Artificial Intelligence,1
MZ,2004,Artificial Intelligence,3
MZ,2005,Artificial Intelligence,3
MZ,2006,Artificial Intelligence,1
MZ,2007,Artificial Intelligence,3
MZ,2008,Artificial Intelligence,2
MZ,2009,Artificial Intelligence,4
MZ,2010,Artificial Intelligence,8
MZ,2011,Artificial Intelligence,5
MZ,2012,Artificial Intelligence,4
MZ,2013,Artificial Intelligence,4
MZ,2014,Artificial Intelligence,3
MZ,2015,Artificial Intelligence,8
MZ,2016,Artificial Intelligence,4
MZ,2017,Artificial Intelligence,6
MZ,2018,Artificial Intelligence,8
MZ,2019,Artificial Intelligence,5
MZ,2020,Artificial Intelligence,8
MZ,2021,Artificial Intelligence,11
MZ,2022,Artificial Intelligence,5
MZ,2023,Artificial Intelligence,16
MZ,2024,Artificial Intelligence,11
MZ,2025,Artificial Intelligence,30
NA,2000,Artificial Intelligence,1
NA,2004,Artificial Intelligence,2
NA,2011,Artificial Intelligence,1
NA,2012,Artificial Intelligence,1
NA,2013,Artificial Intelligence,3
NA,2015,Artificial Intelligence,4
NA,2016,Artificial Intelligence,3
NA,2018,Artificial Intelligence,3
NA,2019,Artificial Intelligence,2
NA,2020,Artificial Intelligence,6
NA,2021,Artificial Intelligence,6
NA,2022,Artificial Intelligence,5
NA,2023,Artificial Intelligence,43
NA,2024,Artificial Intelligence,8
NA,2025,Artificial Intelligence,11
NC,2002,Artificial Intelligence,1
NC,2009,Artificial Intelligence,1
NC,2013,Artificial Intelligence,2
NC,2015,Artificial Intelligence,1
NC,2016,Artificial Intelligence,1
NC,2017,Artificial Intelligence,1
NC,2019,Artificial Intelligence,1
NC,2020,Artificial Intelligence,1
NC,2021,Artificial Intelligence,1
NC,2023,Artificial Intelligence,4
NC,2024,Artificial Intelligence,1
NC,2025,Artificial Intelligence,4
NE,2000,Artificial Intelligence,1
NE,2001,Artificial Intelligence,1
NE,2004,Artificial Intelligence,1
NE,2005,Artificial Intelligence,1
NE,2006,Artificial Intelligence,1
NE,2007,Artificial Intelligence,4
NE,2008,Artificial Intelligence,1
NE,2009,Artificial Intelligence,1
NE,2010,Artificial Intelligence,1
NE,2015,Artificial Intelligence,1
NE,2016,Artificial Intelligence,5
NE,2017,Artificial Intelligence,4
NE,2018,Artificial Intelligence,1
NE,2019,Artificial Intelligence,6
NE,2020,Artificial Intelligence,4
NE,2021,Artificial Intelligence,5
NE,2022,Artificial Intelligence,5
NE,2023,Artificial Intelligence,7
NE,2024,Artificial Intelligence,8
NE,2025,Artificial Intelligence,7
NG,2000,Artificial Intelligence,8
NG,2001,Artificial Intelligence,8
NG,2002,Artificial Intelligence,10
NG,2003,Artificial Intelligence,14
NG,2004,Artificial Intelligence,18
NG,2005,Artificial Intelligence,15
NG,2006,Artificial Intelligence,20
NG,2007,Artificial Intelligence,22
NG,2008,Artificial Intelligence,18
NG,2009,Artificial Intelligence,24
NG,2010,Artificial Intelligence,40
NG,2011,Artificial Intelligence,55
NG,2012,Artificial Intelligence,57
NG,2013,Artificial Intelligence,87
NG,2014,Artificial Intelligence,114
NG,2015,Artificial Intelligence,111
NG,2016,Artificial Intelligence,137
NG,2017,Artificial Intelligence,180
NG,2018,Artificial Intelligence,213
NG,2019,Artificial Intelligence,349
NG,2020,Artificial Intelligence,392
NG,2021,Artificial Intelligence,457
NG,2022,Artificial Intelligence,564
NG,2023,Artificial Intelligence,603
NG,2024,Artificial Intelligence,667
NG,2025,Artificial Intelligence,880
NI,2001,Artificial Intelligence,1
NI,2005,Artificial Intelligence,1
NI,2006,Artificial Intelligence,5
NI,2007,Artificial Intelligence,1
NI,2008,Artificial Intelligence,1
NI,2009,Artificial Intelligence,3
NI,2010,Artificial Intelligence,1
NI,2011,Artificial Intelligence,1
NI,2013,Artificial Intelligence,3
NI,2014,Artificial Intelligence,3
NI,2015,Artificial Intelligence,1
NI,2016,Artificial Intelligence,2
NI,2017,Artificial Intelligence,5
NI,2018,Artificial Intelligence,1
NI,2019,Artificial Intelligence,3
NI,2020,Artificial Intelligence,4
NI,2021,Artificial Intelligence,3
NI,2022,Artificial Intelligence,1
NI,2023,Artificial Intelligence,9
NI,2024,Artificial Intelligence,8
NI,2025,Artificial Intelligence,18
NL,2000,Artificial Intelligence,446
NL,2001,Artificial Intelligence,461
NL,2002,Artificial Intelligence,767
NL,2003,Artificial Intelligence,663
NL,2004,Artificial Intelligence,668
NL,2005,Artificial Intelligence,739
NL,2006,Artificial Intelligence,806
NL,2007,Artificial Intelligence,807
NL,2008,Artificial Intelligence,831
NL,2009,Artificial Intelligence,910
NL,2010,Artificial Intelligence,911
NL,2011,Artificial Intelligence,933
NL,2012,Artificial Intelligence,942
NL,2013,Artificial Intelligence,881
NL,2014,Artificial Intelligence,965
NL,2015,Artificial Intelligence,951
NL,2016,Artificial Intelligence,1017
NL,2017,Artificial Intelligence,1094
NL,2018,Artificial Intelligence,1285
NL,2019,Artificial Intelligence,1535
NL,2020,Artificial Intelligence,1760
NL,2021,Artificial Intelligence,1969
NL,2022,Artificial Intelligence,1863
NL,2023,Artificial Intelligence,2192
NL,2024,Artificial Intelligence,2082
NL,2025,Artificial Intelligence,2273
NO,2000,Artificial Intelligence,66
NO,2001,Artificial Intelligence,106
NO,2002,Artificial Intelligence,173
NO,2003,Artificial Intelligence,125
NO,2004,Artificial Intelligence,150
NO,2005,Artificial Intelligence,159
NO,2006,Artificial Intelligence,197
NO,2007,Artificial Intelligence,222
NO,2008,Artificial Intelligence,242
NO,2009,Artificial Intelligence,223
NO,2010,Artificial Intelligence,235
NO,2011,Artificial Intelligence,251
NO,2012,Artificial Intelligence,272
NO,2013,Artificial Intelligence,222
NO,2014,Artificial Intelligence,260
NO,2015,Artificial Intelligence,261
NO,2016,Artificial Intelligence,269
NO,2017,Artificial Intelligence,349
NO,2018,Artificial Intelligence,380
NO,2019,Artificial Intelligence,439
NO,2020,Artificial Intelligence,552
NO,2021,Artificial Intelligence,634
NO,2022,Artificial Intelligence,688
NO,2023,Artificial Intelligence,740
NO,2024,Artificial Intelligence,806
NO,2025,Artificial Intelligence,874
NP,2000,Artificial Intelligence,1
NP,2001,Artificial Intelligence,2
NP,2002,Artificial Intelligence,3
NP,2003,Artificial Intelligence,2
NP,2004,Artificial Intelligence,1
NP,2005,Artificial Intelligence,2
NP,2006,Artificial Intelligence,5
NP,2007,Artificial Intelligence,6
NP,2008,Artificial Intelligence,11
NP,2009,Artificial Intelligence,2
NP,2010,Artificial Intelligence,9
NP,2011,Artificial Intelligence,7
NP,2012,Artificial Intelligence,21
NP,2013,Artificial Intelligence,23
NP,2014,Artificial Intelligence,33
NP,2015,Artificial Intelligence,28
NP,2016,Artificial Intelligence,30
NP,2017,Artificial Intelligence,56
NP,2018,Artificial Intelligence,37
NP,2019,Artificial Intelligence,60
NP,2020,Artificial Intelligence,78
NP,2021,Artificial Intelligence,89
NP,2022,Artificial Intelligence,109
NP,2023,Artificial Intelligence,178
NP,2024,Artificial Intelligence,217
NP,2025,Artificial Intelligence,313
NU,2024,Artificial Intelligence,1
NZ,2000,Artificial Intelligence,66
NZ,2001,Artificial Intelligence,81
NZ,2002,Artificial Intelligence,224
NZ,2003,Artificial Intelligence,140
NZ,2004,Artificial Intelligence,132
NZ,2005,Artificial Intelligence,147
NZ,2006,Artificial Intelligence,185
NZ,2007,Artificial Intelligence,152
NZ,2008,Artificial Intelligence,173
NZ,2009,Artificial Intelligence,166
NZ,2010,Artificial Intelligence,154
NZ,2011,Artificial Intelligence,206
NZ,2012,Artificial Intelligence,234
NZ,2013,Artificial Intelligence,222
NZ,2014,Artificial Intelligence,220
NZ,2015,Artificial Intelligence,213
NZ,2016,Artificial Intelligence,254
NZ,2017,Artificial Intelligence,252
NZ,2018,Artificial Intelligence,269
NZ,2019,Artificial Intelligence,330
NZ,2020,Artificial Intelligence,489
NZ,2021,Artificial Intelligence,388
NZ,2022,Artificial Intelligence,349
NZ,2023,Artificial Intelligence,352
NZ,2024,Artificial Intelligence,442
NZ,2025,Artificial Intelligence,530
OM,2000,Artificial Intelligence,3
OM,2001,Artificial Intelligence,3
OM,2002,Artificial Intelligence,6
OM,2003,Artificial Intelligence,3
OM,2004,Artificial Intelligence,7
OM,2005,Artificial Intelligence,9
OM,2006,Artificial Intelligence,8
OM,2007,Artificial Intelligence,8
OM,2008,Artificial Intelligence,9
OM,2009,Artificial Intelligence,13
OM,2010,Artificial Intelligence,11
OM,2011,Artificial Intelligence,18
OM,2012,Artificial Intelligence,24
OM,2013,Artificial Intelligence,31
OM,2014,Artificial Intelligence,23
OM,2015,Artificial Intelligence,29
OM,2016,Artificial Intelligence,42
OM,2017,Artificial Intelligence,55
OM,2018,Artificial Intelligence,31
OM,2019,Artificial Intelligence,43
OM,2020,Artificial Intelligence,70
OM,2021,Artificial Intelligence,79
OM,2022,Artificial Intelligence,80
OM,2023,Artificial Intelligence,114
OM,2024,Artificial Intelligence,186
OM,2025,Artificial Intelligence,318
PA,2002,Artificial Intelligence,1
PA,2003,Artificial Intelligence,1
PA,2007,Artificial Intelligence,1
PA,2008,Artificial Intelligence,2
PA,2009,Artificial Intelligence,3
PA,2010,Artificial Intelligence,1
PA,2011,Artificial Intelligence,1
PA,2012,Artificial Intelligence,4
PA,2014,Artificial Intelligence,2
PA,2015,Artificial Intelligence,1
PA,2018,Artificial Intelligence,5
PA,2019,Artificial Intelligence,9
PA,2020,Artificial Intelligence,3
PA,2021,Artificial Intelligence,5
PA,2022,Artificial Intelligence,9
PA,2023,Artificial Intelligence,9
PA,2024,Artificial Intelligence,7
PA,2025,Artificial Intelligence,20
PE,2000,Artificial Intelligence,3
PE,2001,Artificial Intelligence,7
PE,2002,Artificial Intelligence,8
PE,2003,Artificial Intelligence,7
PE,2004,Artificial Intelligence,5
PE,2005,Artificial Intelligence,7
PE,2006,Artificial Intelligence,13
PE,2007,Artificial Intelligence,34
PE,2008,Artificial Intelligence,11
PE,2009,Artificial Intelligence,6
PE,2010,Artificial Intelligence,7
PE,2011,Artificial Intelligence,9
PE,2012,Artificial Intelligence,17
PE,2013,Artificial Intelligence,20
PE,2014,Artificial Intelligence,17
PE,2015,Artificial Intelligence,37
PE,2016,Artificial Intelligence,30
PE,2017,Artificial Intelligence,38
PE,2018,Artificial Intelligence,62
PE,2019,Artificial Intelligence,67
PE,2020,Artificial Intelligence,83
PE,2021,Artificial Intelligence,117
PE,2022,Artificial Intelligence,117
PE,2023,Artificial Intelligence,132
PE,2024,Artificial Intelligence,180
PE,2025,Artificial Intelligence,224
PF,2003,Artificial Intelligence,3
PF,2004,Artificial Intelligence,2
PF,2005,Artificial Intelligence,1
PF,2007,Artificial Intelligence,1
PF,2008,Artificial Intelligence,3
PF,2009,Artificial Intelligence,1
PF,2013,Artificial Intelligence,3
PF,2014,Artificial Intelligence,4
PF,2015,Artificial Intelligence,2
PF,2016,Artificial Intelligence,1
PF,2017,Artificial Intelligence,2
PF,2018,Artificial Intelligence,5
PF,2019,Artificial Intelligence,1
PF,2020,Artificial Intelligence,1
PF,2021,Artificial Intelligence,1
PF,2022,Artificial Intelligence,1
PF,2023,Artificial Intelligence,5
PF,2024,Artificial Intelligence,1
PF,2025,Artificial Intelligence,4
PG,2010,Artificial Intelligence,1
PG,2013,Artificial Intelligence,1
PG,2014,Artificial Intelligence,1
PG,2015,Artificial Intelligence,1
PG,2016,Artificial Intelligence,2
PG,2017,Artificial Intelligence,1
PG,2018,Artificial Intelligence,1
PG,2019,Artificial Intelligence,2
PG,2020,Artificial Intelligence,1
PG,2021,Artificial Intelligence,5
PG,2022,Artificial Intelligence,4
PG,2023,Artificial Intelligence,4
PG,2024,Artificial Intelligence,4
PG,2025,Artificial Intelligence,11
PH,2000,Artificial Intelligence,6
PH,2001,Artificial Intelligence,3
PH,2002,Artificial Intelligence,14
PH,2003,Artificial Intelligence,16
PH,2004,Artificial Intelligence,11
PH,2005,Artificial Intelligence,6
PH,2006,Artificial Intelligence,11
PH,2007,Artificial Intelligence,18
PH,2008,Artificial Intelligence,9
PH,2009,Artificial Intelligence,17
PH,2010,Artificial Intelligence,18
PH,2011,Artificial Intelligence,13
PH,2012,Artificial Intelligence,35
PH,2013,Artificial Intelligence,32
PH,2014,Artificial Intelligence,57
PH,2015,Artificial Intelligence,35
PH,2016,Artificial Intelligence,31
PH,2017,Artificial Intelligence,80
PH,2018,Artificial Intelligence,107
PH,2019,Artificial Intelligence,163
PH,2020,Artificial Intelligence,128
PH,2021,Artificial Intelligence,158
PH,2022,Artificial Intelligence,250
PH,2023,Artificial Intelligence,344
PH,2024,Artificial Intelligence,360
PH,2025,Artificial Intelligence,456
PK,2000,Artificial Intelligence,13
PK,2001,Artificial Intelligence,12
PK,2002,Artificial Intelligence,25
PK,2003,Artificial Intelligence,19
PK,2004,Artificial Intelligence,27
PK,2005,Artificial Intelligence,72
PK,2006,Artificial Intelligence,73
PK,2007,Artificial Intelligence,75
PK,2008,Artificial Intelligence,124
PK,2009,Artificial Intelligence,138
PK,2010,Artificial Intelligence,179
PK,2011,Artificial Intelligence,153
PK,2012,Artificial Intelligence,188
PK,2013,Artificial Intelligence,195
PK,2014,Artificial Intelligence,237
PK,2015,Artificial Intelligence,234
PK,2016,Artificial Intelligence,276
PK,2017,Artificial Intelligence,348
PK,2018,Artificial Intelligence,441
PK,2019,Artificial Intelligence,577
PK,2020,Artificial Intelligence,705
PK,2021,Artificial Intelligence,862
PK,2022,Artificial Intelligence,976
PK,2023,Artificial Intelligence,1140
PK,2024,Artificial Intelligence,1213
PK,2025,Artificial Intelligence,1590
PL,2000,Artificial Intelligence,175
PL,2001,Artificial Intelligence,172
PL,2002,Artificial Intelligence,412
PL,2003,Artificial Intelligence,328
PL,2004,Artificial Intelligence,360
PL,2005,Artificial Intelligence,367
PL,2006,Artificial Intelligence,515
PL,2007,Artificial Intelligence,496
PL,2008,Artificial Intelligence,569
PL,2009,Artificial Intelligence,553
PL,2010,Artificial Intelligence,635
PL,2011,Artificial Intelligence,672
PL,2012,Artificial Intelligence,785
PL,2013,Artificial Intelligence,829
PL,2014,Artificial Intelligence,918
PL,2015,Artificial Intelligence,900
PL,2016,Artificial Intelligence,1039
PL,2017,Artificial Intelligence,1094
PL,2018,Artificial Intelligence,1124
PL,2019,Artificial Intelligence,1077
PL,2020,Artificial Intelligence,1102
PL,2021,Artificial Intelligence,1171
PL,2022,Artificial Intelligence,1154
PL,2023,Artificial Intelligence,1308
PL,2024,Artificial Intelligence,1302
PL,2025,Artificial Intelligence,1475
PR,2000,Artificial Intelligence,8
PR,2001,Artificial Intelligence,3
PR,2002,Artificial Intelligence,26
PR,2003,Artificial Intelligence,15
PR,2004,Artificial Intelligence,8
PR,2005,Artificial Intelligence,10
PR,2006,Artificial Intelligence,12
PR,2007,Artificial Intelligence,20
PR,2008,Artificial Intelligence,11
PR,2009,Artificial Intelligence,13
PR,2010,Artificial Intelligence,7
PR,2011,Artificial Intelligence,16
PR,2012,Artificial Intelligence,19
PR,2013,Artificial Intelligence,11
PR,2014,Artificial Intelligence,10
PR,2015,Artificial Intelligence,10
PR,2016,Artificial Intelligence,15
PR,2017,Artificial Intelligence,23
PR,2018,Artificial Intelligence,15
PR,2019,Artificial Intelligence,19
PR,2020,Artificial Intelligence,19
PR,2021,Artificial Intelligence,27
PR,2022,Artificial Intelligence,27
PR,2023,Artificial Intelligence,36
PR,2024,Artificial Intelligence,40
PR,2025,Artificial Intelligence,46
PS,2000,Artificial Intelligence,2
PS,2002,Artificial Intelligence,3
PS,2003,Artificial Intelligence,3
PS,2005,Artificial Intelligence,2
PS,2006,Artificial Intelligence,4
PS,2007,Artificial Intelligence,1
PS,2008,Artificial Intelligence,4
PS,2009,Artificial Intelligence,2
PS,2010,Artificial Intelligence,8
PS,2011,Artificial Intelligence,19
PS,2012,Artificial Intelligence,14
PS,2013,Artificial Intelligence,14
PS,2014,Artificial Intelligence,27
PS,2015,Artificial Intelligence,28
PS,2016,Artificial Intelligence,24
PS,2017,Artificial Intelligence,43
PS,2018,Artificial Intelligence,38
PS,2019,Artificial Intelligence,68
PS,2020,Artificial Intelligence,66
PS,2021,Artificial Intelligence,72
PS,2022,Artificial Intelligence,72
PS,2023,Artificial Intelligence,82
PS,2024,Artificial Intelligence,109
PS,2025,Artificial Intelligence,133
PT,2000,Artificial Intelligence,88
PT,2001,Artificial Intelligence,108
PT,2002,Artificial Intelligence,256
PT,2003,Artificial Intelligence,191
PT,2004,Artificial Intelligence,193
PT,2005,Artificial Intelligence,237
PT,2006,Artificial Intelligence,293
PT,2007,Artificial Intelligence,317
PT,2008,Artificial Intelligence,344
PT,2009,Artificial Intelligence,336
PT,2010,Artificial Intelligence,412
PT,2011,Artificial Intelligence,479
PT,2012,Artificial Intelligence,486
PT,2013,Artificial Intelligence,495
PT,2014,Artificial Intelligence,537
PT,2015,Artificial Intelligence,530
PT,2016,Artificial Intelligence,521
PT,2017,Artificial Intelligence,516
PT,2018,Artificial Intelligence,619
PT,2019,Artificial Intelligence,594
PT,2020,Artificial Intelligence,662
PT,2021,Artificial Intelligence,742
PT,2022,Artificial Intelligence,749
PT,2023,Artificial Intelligence,926
PT,2024,Artificial Intelligence,836
PT,2025,Artificial Intelligence,1103
PW,2021,Artificial Intelligence,1
PW,2023,Artificial Intelligence,1
PY,2003,Artificial Intelligence,2
PY,2004,Artificial Intelligence,2
PY,2005,Artificial Intelligence,1
PY,2006,Artificial Intelligence,1
PY,2007,Artificial Intelligence,3
PY,2008,Artificial Intelligence,3
PY,2009,Artificial Intelligence,4
PY,2011,Artificial Intelligence,6
PY,2012,Artificial Intelligence,2
PY,2014,Artificial Intelligence,3
PY,2015,Artificial Intelligence,3
PY,2016,Artificial Intelligence,5
PY,2017,Artificial Intelligence,7
PY,2018,Artificial Intelligence,5
PY,2019,Artificial Intelligence,7
PY,2020,Artificial Intelligence,4
PY,2021,Artificial Intelligence,9
PY,2022,Artificial Intelligence,12
PY,2023,Artificial Intelligence,6
PY,2024,Artificial Intelligence,17
PY,2025,Artificial Intelligence,23
QA,2000,Artificial Intelligence,1
QA,2001,Artificial Intelligence,1
QA,2002,Artificial Intelligence,2
QA,2003,Artificial Intelligence,3
QA,2004,Artificial Intelligence,5
QA,2006,Artificial Intelligence,6
QA,2007,Artificial Intelligence,11
QA,2008,Artificial Intelligence,19
QA,2009,Artificial Intelligence,19
QA,2010,Artificial Intelligence,20
QA,2011,Artificial Intelligence,41
QA,2012,Artificial Intelligence,55
QA,2013,Artificial Intelligence,73
QA,2014,Artificial Intelligence,122
QA,2015,Artificial Intelligence,113
QA,2016,Artificial Intelligence,141
QA,2017,Artificial Intelligence,130
QA,2018,Artificial Intelligence,130
QA,2019,Artificial Intelligence,165
QA,2020,Artificial Intelligence,136
QA,2021,Artificial Intelligence,185
QA,2022,Artificial Intelligence,203
QA,2023,Artificial Intelligence,248
QA,2024,Artificial Intelligence,211
QA,2025,Artificial Intelligence,320
RE,2000,Artificial Intelligence,2
RE,2001,Artificial Intelligence,1
RE,2002,Artificial Intelligence,5
RE,2003,Artificial Intelligence,8
RE,2004,Artificial Intelligence,3
RE,2005,Artificial Intelligence,4
RE,2006,Artificial Intelligence,4
RE,2007,Artificial Intelligence,5
RE,2008,Artificial Intelligence,4
RE,2009,Artificial Intelligence,6
RE,2010,Artificial Intelligence,4
RE,2011,Artificial Intelligence,1
RE,2012,Artificial Intelligence,3
RE,2013,Artificial Intelligence,1
RE,2014,Artificial Intelligence,8
RE,2015,Artificial Intelligence,2
RE,2016,Artificial Intelligence,4
RE,2017,Artificial Intelligence,5
RE,2018,Artificial Intelligence,10
RE,2019,Artificial Intelligence,6
RE,2020,Artificial Intelligence,6
RE,2021,Artificial Intelligence,11
RE,2022,Artificial Intelligence,6
RE,2023,Artificial Intelligence,12
RE,2024,Artificial Intelligence,10
RE,2025,Artificial Intelligence,8
RO,2000,Artificial Intelligence,39
RO,2001,Artificial Intelligence,38
RO,2002,Artificial Intelligence,145
RO,2003,Artificial Intelligence,79
RO,2004,Artificial Intelligence,64
RO,2005,Artificial Intelligence,105
RO,2006,Artificial Intelligence,130
RO,2007,Artificial Intelligence,194
RO,2008,Artificial Intelligence,209
RO,2009,Artificial Intelligence,242
RO,2010,Artificial Intelligence,244
RO,2011,Artificial Intelligence,239
RO,2012,Artificial Intelligence,280
RO,2013,Artificial Intelligence,318
RO,2014,Artificial Intelligence,301
RO,2015,Artificial Intelligence,321
RO,2016,Artificial Intelligence,289
RO,2017,Artificial Intelligence,314
RO,2018,Artificial Intelligence,332
RO,2019,Artificial Intelligence,339
RO,2020,Artificial Intelligence,388
RO,2021,Artificial Intelligence,439
RO,2022,Artificial Intelligence,446
RO,2023,Artificial Intelligence,507
RO,2024,Artificial Intelligence,463
RO,2025,Artificial Intelligence,648
RS,2000,Artificial Intelligence,29
RS,2001,Artificial Intelligence,28
RS,2002,Artificial Intelligence,79
RS,2003,Artificial Intelligence,67
RS,2004,Artificial Intelligence,40
RS,2005,Artificial Intelligence,57
RS,2006,Artificial Intelligence,53
RS,2007,Artificial Intelligence,55
RS,2008,Artificial Intelligence,48
RS,2009,Artificial Intelligence,77
RS,2010,Artificial Intelligence,65
RS,2011,Artificial Intelligence,95
RS,2012,Artificial Intelligence,124
RS,2013,Artificial Intelligence,101
RS,2014,Artificial Intelligence,136
RS,2015,Artificial Intelligence,132
RS,2016,Artificial Intelligence,137
RS,2017,Artificial Intelligence,130
RS,2018,Artificial Intelligence,131
RS,2019,Artificial Intelligence,155
RS,2020,Artificial Intelligence,167
RS,2021,Artificial Intelligence,201
RS,2022,Artificial Intelligence,187
RS,2023,Artificial Intelligence,209
RS,2024,Artificial Intelligence,253
RS,2025,Artificial Intelligence,368
RU,2000,Artificial Intelligence,197
RU,2001,Artificial Intelligence,253
RU,2002,Artificial Intelligence,385
RU,2003,Artificial Intelligence,340
RU,2004,Artificial Intelligence,253
RU,2005,Artificial Intelligence,359
RU,2006,Artificial Intelligence,434
RU,2007,Artificial Intelligence,443
RU,2008,Artificial Intelligence,433
RU,2009,Artificial Intelligence,475
RU,2010,Artificial Intelligence,438
RU,2011,Artificial Intelligence,546
RU,2012,Artificial Intelligence,523
RU,2013,Artificial Intelligence,638
RU,2014,Artificial Intelligence,811
RU,2015,Artificial Intelligence,1056
RU,2016,Artificial Intelligence,1212
RU,2017,Artificial Intelligence,1363
RU,2018,Artificial Intelligence,1736
RU,2019,Artificial Intelligence,2215
RU,2020,Artificial Intelligence,2408
RU,2021,Artificial Intelligence,2706
RU,2022,Artificial Intelligence,2243
RU,2023,Artificial Intelligence,2177
RU,2024,Artificial Intelligence,2321
RU,2025,Artificial Intelligence,2331
RW,2007,Artificial Intelligence,1
RW,2008,Artificial Intelligence,1
RW,2010,Artificial Intelligence,1
RW,2013,Artificial Intelligence,4
RW,2014,Artificial Intelligence,2
RW,2015,Artificial Intelligence,2
RW,2016,Artificial Intelligence,1
RW,2017,Artificial Intelligence,3
RW,2018,Artificial Intelligence,7
RW,2019,Artificial Intelligence,7
RW,2020,Artificial Intelligence,8
RW,2021,Artificial Intelligence,13
RW,2022,Artificial Intelligence,19
RW,2023,Artificial Intelligence,28
RW,2024,Artificial Intelligence,37
RW,2025,Artificial Intelligence,74
SA,2000,Artificial Intelligence,21
SA,2001,Artificial Intelligence,13
SA,2002,Artificial Intelligence,44
SA,2003,Artificial Intelligence,32
SA,2004,Artificial Intelligence,29
SA,2005,Artificial Intelligence,30
SA,2006,Artificial Intelligence,33
SA,2007,Artificial Intelligence,58
SA,2008,Artificial Intelligence,52
SA,2009,Artificial Intelligence,77
SA,2010,Artificial Intelligence,138
SA,2011,Artificial Intelligence,185
SA,2012,Artificial Intelligence,222
SA,2013,Artificial Intelligence,293
SA,2014,Artificial Intelligence,336
SA,2015,Artificial Intelligence,395
SA,2016,Artificial Intelligence,388
SA,2017,Artificial Intelligence,481
SA,2018,Artificial Intelligence,582
SA,2019,Artificial Intelligence,761
SA,2020,Artificial Intelligence,985
SA,2021,Artificial Intelligence,1155
SA,2022,Artificial Intelligence,1543
SA,2023,Artificial Intelligence,1749
SA,2024,Artificial Intelligence,2002
SA,2025,Artificial Intelligence,2599
SC,2021,Artificial Intelligence,1
SC,2025,Artificial Intelligence,3
SD,2000,Artificial Intelligence,2
SD,2002,Artificial Intelligence,1
SD,2004,Artificial Intelligence,1
SD,2006,Artificial Intelligence,5
SD,2008,Artificial Intelligence,4
SD,2009,Artificial Intelligence,2
SD,2010,Artificial Intelligence,6
SD,2011,Artificial Intelligence,8
SD,2012,Artificial Intelligence,11
SD,2013,Artificial Intelligence,23
SD,2014,Artificial Intelligence,23
SD,2015,Artificial Intelligence,21
SD,2016,Artificial Intelligence,25
SD,2017,Artificial Intelligence,24
SD,2018,Artificial Intelligence,30
SD,2019,Artificial Intelligence,33
SD,2020,Artificial Intelligence,33
SD,2021,Artificial Intelligence,41
SD,2022,Artificial Intelligence,39
SD,2023,Artificial Intelligence,42
SD,2024,Artificial Intelligence,49
SD,2025,Artificial Intelligence,61
SE,2000,Artificial Intelligence,195
SE,2001,Artificial Intelligence,204
SE,2002,Artificial Intelligence,410
SE,2003,Artificial Intelligence,326
SE,2004,Artificial Intelligence,238
SE,2005,Artificial Intelligence,364
SE,2006,Artificial Intelligence,315
SE,2007,Artificial Intelligence,340
SE,2008,Artificial Intelligence,348
SE,2009,Artificial Intelligence,383
SE,2010,Artificial Intelligence,365
SE,2011,Artificial Intelligence,418
SE,2012,Artificial Intelligence,519
SE,2013,Artificial Intelligence,483
SE,2014,Artificial Intelligence,585
SE,2015,Artificial Intelligence,578
SE,2016,Artificial Intelligence,547
SE,2017,Artificial Intelligence,573
SE,2018,Artificial Intelligence,674
SE,2019,Artificial Intelligence,761
SE,2020,Artificial Intelligence,925
SE,2021,Artificial Intelligence,1069
SE,2022,Artificial Intelligence,1040
SE,2023,Artificial Intelligence,1261
SE,2024,Artificial Intelligence,1227
SE,2025,Artificial Intelligence,1408
SG,2000,Artificial Intelligence,121
SG,2001,Artificial Intelligence,142
SG,2002,Artificial Intelligence,420
SG,2003,Artificial Intelligence,282
SG,2004,Artificial Intelligence,385
SG,2005,Artificial Intelligence,416
SG,2006,Artificial Intelligence,470
SG,2007,Artificial Intelligence,404
SG,2008,Artificial Intelligence,450
SG,2009,Artificial Intelligence,505
SG,2010,Artificial Intelligence,538
SG,2011,Artificial Intelligence,595
SG,2012,Artificial Intelligence,601
SG,2013,Artificial Intelligence,674
SG,2014,Artificial Intelligence,788
SG,2015,Artificial Intelligence,692
SG,2016,Artificial Intelligence,794
SG,2017,Artificial Intelligence,770
SG,2018,Artificial Intelligence,890
SG,2019,Artificial Intelligence,1087
SG,2020,Artificial Intelligence,1309
SG,2021,Artificial Intelligence,1500
SG,2022,Artificial Intelligence,1459
SG,2023,Artificial Intelligence,1839
SG,2024,Artificial Intelligence,1904
SG,2025,Artificial Intelligence,2250
SI,2000,Artificial Intelligence,41
SI,2001,Artificial Intelligence,48
SI,2002,Artificial Intelligence,81
SI,2003,Artificial Intelligence,102
SI,2004,Artificial Intelligence,69
SI,2005,Artificial Intelligence,66
SI,2006,Artificial Intelligence,77
SI,2007,Artificial Intelligence,65
SI,2008,Artificial Intelligence,98
SI,2009,Artificial Intelligence,87
SI,2010,Artificial Intelligence,88
SI,2011,Artificial Intelligence,125
SI,2012,Artificial Intelligence,127
SI,2013,Artificial Intelligence,111
SI,2014,Artificial Intelligence,131
SI,2015,Artificial Intelligence,129
SI,2016,Artificial Intelligence,142
SI,2017,Artificial Intelligence,137
SI,2018,Artificial Intelligence,142
SI,2019,Artificial Intelligence,168
SI,2020,Artificial Intelligence,194
SI,2021,Artificial Intelligence,237
SI,2022,Artificial Intelligence,187
SI,2023,Artificial Intelligence,219
SI,2024,Artificial Intelligence,256
SI,2025,Artificial Intelligence,311
SJ,2002,Artificial Intelligence,1
SK,2000,Artificial Intelligence,57
SK,2001,Artificial Intelligence,45
SK,2002,Artificial Intelligence,52
SK,2003,Artificial Intelligence,46
SK,2004,Artificial Intelligence,56
SK,2005,Artificial Intelligence,76
SK,2006,Artificial Intelligence,67
SK,2007,Artificial Intelligence,69
SK,2008,Artificial Intelligence,125
SK,2009,Artificial Intelligence,90
SK,2010,Artificial Intelligence,89
SK,2011,Artificial Intelligence,113
SK,2012,Artificial Intelligence,120
SK,2013,Artificial Intelligence,161
SK,2014,Artificial Intelligence,169
SK,2015,Artificial Intelligence,156
SK,2016,Artificial Intelligence,168
SK,2017,Artificial Intelligence,139
SK,2018,Artificial Intelligence,140
SK,2019,Artificial Intelligence,154
SK,2020,Artificial Intelligence,174
SK,2021,Artificial Intelligence,209
SK,2022,Artificial Intelligence,224
SK,2023,Artificial Intelligence,233
SK,2024,Artificial Intelligence,235
SK,2025,Artificial Intelligence,360
SL,2019,Artificial Intelligence,1
SL,2021,Artificial Intelligence,1
SL,2022,Artificial Intelligence,1
SL,2023,Artificial Intelligence,4
SL,2024,Artificial Intelligence,4
SL,2025,Artificial Intelligence,3
SM,2012,Artificial Intelligence,1
SM,2018,Artificial Intelligence,1
SM,2019,Artificial Intelligence,1
SM,2020,Artificial Intelligence,1
SM,2022,Artificial Intelligence,2
SM,2025,Artificial Intelligence,2
SN,2002,Artificial Intelligence,1
SN,2005,Artificial Intelligence,2
SN,2007,Artificial Intelligence,2
SN,2008,Artificial Intelligence,1
SN,2009,Artificial Intelligence,5
SN,2010,Artificial Intelligence,2
SN,2011,Artificial Intelligence,5
SN,2012,Artificial Intelligence,10
SN,2013,Artificial Intelligence,9
SN,2014,Artificial Intelligence,8
SN,2015,Artificial Intelligence,13
SN,2016,Artificial Intelligence,16
SN,2017,Artificial Intelligence,15
SN,2018,Artificial Intelligence,25
SN,2019,Artificial Intelligence,34
SN,2020,Artificial Intelligence,32
SN,2021,Artificial Intelligence,20
SN,2022,Artificial Intelligence,27
SN,2023,Artificial Intelligence,34
SN,2024,Artificial Intelligence,26
SN,2025,Artificial Intelligence,37
SO,2015,Artificial Intelligence,1
SO,2016,Artificial Intelligence,1
SO,2018,Artificial Intelligence,1
SO,2020,Artificial Intelligence,1
SO,2022,Artificial Intelligence,4
SO,2023,Artificial Intelligence,11
SO,2024,Artificial Intelligence,8
SO,2025,Artificial Intelligence,17
SR,2004,Artificial Intelligence,1
SR,2022,Artificial Intelligence,1
SR,2025,Artificial Intelligence,2
SS,2000,Artificial Intelligence,11
SS,2001,Artificial Intelligence,4
SS,2002,Artificial Intelligence,10
SS,2003,Artificial Intelligence,1
SS,2004,Artificial Intelligence,5
SS,2005,Artificial Intelligence,14
SS,2006,Artificial Intelligence,16
SS,2007,Artificial Intelligence,22
SS,2008,Artificial Intelligence,21
SS,2009,Artificial Intelligence,8
SS,2010,Artificial Intelligence,13
SS,2011,Artificial Intelligence,8
SS,2012,Artificial Intelligence,8
SS,2013,Artificial Intelligence,8
SS,2014,Artificial Intelligence,15
SS,2015,Artificial Intelligence,20
SS,2016,Artificial Intelligence,22
SS,2017,Artificial Intelligence,19
SS,2018,Artificial Intelligence,27
SS,2019,Artificial Intelligence,25
SS,2020,Artificial Intelligence,28
SS,2021,Artificial Intelligence,46
SS,2022,Artificial Intelligence,52
SS,2023,Artificial Intelligence,69
SS,2024,Artificial Intelligence,79
SS,2025,Artificial Intelligence,65
ST,2003,Artificial Intelligence,1
ST,2018,Artificial Intelligence,1
ST,2023,Artificial Intelligence,1
ST,2024,Artificial Intelligence,1
SV,2004,Artificial Intelligence,1
SV,2006,Artificial Intelligence,2
SV,2007,Artificial Intelligence,2
SV,2015,Artificial Intelligence,2
SV,2016,Artificial Intelligence,2
SV,2017,Artificial Intelligence,1
SV,2018,Artificial Intelligence,4
SV,2019,Artificial Intelligence,3
SV,2020,Artificial Intelligence,5
SV,2021,Artificial Intelligence,2
SV,2022,Artificial Intelligence,3
SV,2023,Artificial Intelligence,9
SV,2024,Artificial Intelligence,7
SV,2025,Artificial Intelligence,26
SX,2024,Artificial Intelligence,1
SX,2025,Artificial Intelligence,2
SY,2000,Artificial Intelligence,1
SY,2001,Artificial Intelligence,1
SY,2002,Artificial Intelligence,4
SY,2003,Artificial Intelligence,1
SY,2004,Artificial Intelligence,11
SY,2005,Artificial Intelligence,1
SY,2006,Artificial Intelligence,11
SY,2007,Artificial Intelligence,1
SY,2008,Artificial Intelligence,13
SY,2009,Artificial Intelligence,3
SY,2010,Artificial Intelligence,17
SY,2011,Artificial Intelligence,6
SY,2012,Artificial Intelligence,6
SY,2013,Artificial Intelligence,5
SY,2014,Artificial Intelligence,14
SY,2015,Artificial Intelligence,10
SY,2016,Artificial Intelligence,15
SY,2017,Artificial Intelligence,19
SY,2018,Artificial Intelligence,16
SY,2019,Artificial Intelligence,25
SY,2020,Artificial Intelligence,23
SY,2021,Artificial Intelligence,35
SY,2022,Artificial Intelligence,31
SY,2023,Artificial Intelligence,34
SY,2024,Artificial Intelligence,34
SY,2025,Artificial Intelligence,55
SZ,2016,Artificial Intelligence,1
SZ,2019,Artificial Intelligence,1
SZ,2020,Artificial Intelligence,3
SZ,2021,Artificial Intelligence,3
SZ,2023,Artificial Intelligence,1
SZ,2024,Artificial Intelligence,10
SZ,2025,Artificial Intelligence,1
TC,2015,Artificial Intelligence,1
TC,2017,Artificial Intelligence,1
TC,2020,Artificial Intelligence,2
TC,2024,Artificial Intelligence,2
TC,2025,Artificial Intelligence,3
TD,2006,Artificial Intelligence,1
TD,2018,Artificial Intelligence,1
TD,2019,Artificial Intelligence,2
TD,2020,Artificial Intelligence,1
TD,2021,Artificial Intelligence,2
TD,2022,Artificial Intelligence,6
TD,2023,Artificial Intelligence,1
TD,2024,Artificial Intelligence,3
TD,2025,Artificial Intelligence,5
TG,2000,Artificial Intelligence,2
TG,2002,Artificial Intelligence,3
TG,2007,Artificial Intelligence,1
TG,2013,Artificial Intelligence,1
TG,2014,Artificial Intelligence,1
TG,2015,Artificial Intelligence,1
TG,2017,Artificial Intelligence,3
TG,2018,Artificial Intelligence,1
TG,2019,Artificial Intelligence,3
TG,2020,Artificial Intelligence,2
TG,2021,Artificial Intelligence,5
TG,2022,Artificial Intelligence,4
TG,2023,Artificial Intelligence,1
TG,2024,Artificial Intelligence,3
TG,2025,Artificial Intelligence,8
TH,2000,Artificial Intelligence,13
TH,2001,Artificial Intelligence,30
TH,2002,Artificial Intelligence,80
TH,2003,Artificial Intelligence,66
TH,2004,Artificial Intelligence,57
TH,2005,Artificial Intelligence,76
TH,2006,Artificial Intelligence,83
TH,2007,Artificial Intelligence,95
TH,2008,Artificial Intelligence,144
TH,2009,Artificial Intelligence,158
TH,2010,Artificial Intelligence,143
TH,2011,Artificial Intelligence,139
TH,2012,Artificial Intelligence,149
TH,2013,Artificial Intelligence,155
TH,2014,Artificial Intelligence,222
TH,2015,Artificial Intelligence,191
TH,2016,Artificial Intelligence,251
TH,2017,Artificial Intelligence,271
TH,2018,Artificial Intelligence,341
TH,2019,Artificial Intelligence,310
TH,2020,Artificial Intelligence,305
TH,2021,Artificial Intelligence,369
TH,2022,Artificial Intelligence,432
TH,2023,Artificial Intelligence,492
TH,2024,Artificial Intelligence,542
TH,2025,Artificial Intelligence,761
TJ,2000,Artificial Intelligence,4
TJ,2001,Artificial Intelligence,4
TJ,2002,Artificial Intelligence,2
TJ,2003,Artificial Intelligence,3
TJ,2004,Artificial Intelligence,8
TJ,2005,Artificial Intelligence,2
TJ,2006,Artificial Intelligence,11
TJ,2007,Artificial Intelligence,3
TJ,2008,Artificial Intelligence,22
TJ,2009,Artificial Intelligence,24
TJ,2010,Artificial Intelligence,30
TJ,2011,Artificial Intelligence,26
TJ,2012,Artificial Intelligence,26
TJ,2013,Artificial Intelligence,31
TJ,2014,Artificial Intelligence,34
TJ,2015,Artificial Intelligence,29
TJ,2016,Artificial Intelligence,9
TJ,2017,Artificial Intelligence,11
TJ,2018,Artificial Intelligence,16
TJ,2019,Artificial Intelligence,32
TJ,2020,Artificial Intelligence,49
TJ,2021,Artificial Intelligence,30
TJ,2022,Artificial Intelligence,46
TJ,2023,Artificial Intelligence,45
TJ,2024,Artificial Intelligence,64
TJ,2025,Artificial Intelligence,73
TL,2018,Artificial Intelligence,3
TL,2020,Artificial Intelligence,2
TL,2021,Artificial Intelligence,1
TL,2022,Artificial Intelligence,3
TL,2023,Artificial Intelligence,3
TL,2024,Artificial Intelligence,2
TL,2025,Artificial Intelligence,2
TM,2000,Artificial Intelligence,1
TM,2006,Artificial Intelligence,1
TM,2007,Artificial Intelligence,1
TM,2023,Artificial Intelligence,3
TM,2024,Artificial Intelligence,2
TN,2000,Artificial Intelligence,6
TN,2001,Artificial Intelligence,12
TN,2002,Artificial Intelligence,25
TN,2003,Artificial Intelligence,32
TN,2004,Artificial Intelligence,23
TN,2005,Artificial Intelligence,40
TN,2006,Artificial Intelligence,55
TN,2007,Artificial Intelligence,40
TN,2008,Artificial Intelligence,79
TN,2009,Artificial Intelligence,86
TN,2010,Artificial Intelligence,97
TN,2011,Artificial Intelligence,112
TN,2012,Artificial Intelligence,157
TN,2013,Artificial Intelligence,219
TN,2014,Artificial Intelligence,230
TN,2015,Artificial Intelligence,243
TN,2016,Artificial Intelligence,255
TN,2017,Artificial Intelligence,346
TN,2018,Artificial Intelligence,299
TN,2019,Artificial Intelligence,300
TN,2020,Artificial Intelligence,278
TN,2021,Artificial Intelligence,305
TN,2022,Artificial Intelligence,328
TN,2023,Artificial Intelligence,337
TN,2024,Artificial Intelligence,354
TN,2025,Artificial Intelligence,429
TO,2023,Artificial Intelligence,1
TO,2024,Artificial Intelligence,1
TR,2000,Artificial Intelligence,70
TR,2001,Artificial Intelligence,51
TR,2002,Artificial Intelligence,195
TR,2003,Artificial Intelligence,156
TR,2004,Artificial Intelligence,188
TR,2005,Artificial Intelligence,180
TR,2006,Artificial Intelligence,280
TR,2007,Artificial Intelligence,291
TR,2008,Artificial Intelligence,286
TR,2009,Artificial Intelligence,352
TR,2010,Artificial Intelligence,393
TR,2011,Artificial Intelligence,385
TR,2012,Artificial Intelligence,451
TR,2013,Artificial Intelligence,521
TR,2014,Artificial Intelligence,508
TR,2015,Artificial Intelligence,604
TR,2016,Artificial Intelligence,632
TR,2017,Artificial Intelligence,840
TR,2018,Artificial Intelligence,921
TR,2019,Artificial Intelligence,1054
TR,2020,Artificial Intelligence,1148
TR,2021,Artificial Intelligence,1386
TR,2022,Artificial Intelligence,1483
TR,2023,Artificial Intelligence,1715
TR,2024,Artificial Intelligence,1888
TR,2025,Artificial Intelligence,2364
TT,2001,Artificial Intelligence,1
TT,2002,Artificial Intelligence,2
TT,2003,Artificial Intelligence,1
TT,2004,Artificial Intelligence,3
TT,2005,Artificial Intelligence,3
TT,2006,Artificial Intelligence,1
TT,2007,Artificial Intelligence,2
TT,2009,Artificial Intelligence,3
TT,2010,Artificial Intelligence,6
TT,2011,Artificial Intelligence,3
TT,2012,Artificial Intelligence,4
TT,2013,Artificial Intelligence,4
TT,2014,Artificial Intelligence,2
TT,2015,Artificial Intelligence,2
TT,2016,Artificial Intelligence,5
TT,2017,Artificial Intelligence,3
TT,2018,Artificial Intelligence,4
TT,2019,Artificial Intelligence,8
TT,2020,Artificial Intelligence,9
TT,2021,Artificial Intelligence,10
TT,2022,Artificial Intelligence,10
TT,2023,Artificial Intelligence,10
TT,2024,Artificial Intelligence,14
TT,2025,Artificial Intelligence,17
TW,2000,Artificial Intelligence,251
TW,2001,Artificial Intelligence,211
TW,2002,Artificial Intelligence,929
TW,2003,Artificial Intelligence,553
TW,2004,Artificial Intelligence,522
TW,2005,Artificial Intelligence,701
TW,2006,Artificial Intelligence,751
TW,2007,Artificial Intelligence,726
TW,2008,Artificial Intelligence,754
TW,2009,Artificial Intelligence,735
TW,2010,Artificial Intelligence,822
TW,2011,Artificial Intelligence,757
TW,2012,Artificial Intelligence,763
TW,2013,Artificial Intelligence,805
TW,2014,Artificial Intelligence,700
TW,2015,Artificial Intelligence,637
TW,2016,Artificial Intelligence,634
TW,2017,Artificial Intelligence,593
TW,2018,Artificial Intelligence,717
TW,2019,Artificial Intelligence,840
TW,2020,Artificial Intelligence,996
TW,2021,Artificial Intelligence,1065
TW,2022,Artificial Intelligence,1150
TW,2023,Artificial Intelligence,1261
TW,2024,Artificial Intelligence,1384
TW,2025,Artificial Intelligence,1661
TZ,2000,Artificial Intelligence,2
TZ,2001,Artificial Intelligence,1
TZ,2002,Artificial Intelligence,6
TZ,2003,Artificial Intelligence,1
TZ,2004,Artificial Intelligence,5
TZ,2005,Artificial Intelligence,2
TZ,2006,Artificial Intelligence,3
TZ,2007,Artificial Intelligence,4
TZ,2008,Artificial Intelligence,2
TZ,2009,Artificial Intelligence,1
TZ,2010,Artificial Intelligence,6
TZ,2011,Artificial Intelligence,5
TZ,2012,Artificial Intelligence,4
TZ,2013,Artificial Intelligence,8
TZ,2014,Artificial Intelligence,9
TZ,2015,Artificial Intelligence,5
TZ,2016,Artificial Intelligence,4
TZ,2017,Artificial Intelligence,7
TZ,2018,Artificial Intelligence,8
TZ,2019,Artificial Intelligence,5
TZ,2020,Artificial Intelligence,10
TZ,2021,Artificial Intelligence,15
TZ,2022,Artificial Intelligence,36
TZ,2023,Artificial Intelligence,36
TZ,2024,Artificial Intelligence,61
TZ,2025,Artificial Intelligence,66
UA,2000,Artificial Intelligence,42
UA,2001,Artificial Intelligence,49
UA,2002,Artificial Intelligence,71
UA,2003,Artificial Intelligence,60
UA,2004,Artificial Intelligence,64
UA,2005,Artificial Intelligence,64
UA,2006,Artificial Intelligence,74
UA,2007,Artificial Intelligence,82
UA,2008,Artificial Intelligence,79
UA,2009,Artificial Intelligence,65
UA,2010,Artificial Intelligence,76
UA,2011,Artificial Intelligence,84
UA,2012,Artificial Intelligence,120
UA,2013,Artificial Intelligence,134
UA,2014,Artificial Intelligence,145
UA,2015,Artificial Intelligence,156
UA,2016,Artificial Intelligence,228
UA,2017,Artificial Intelligence,280
UA,2018,Artificial Intelligence,388
UA,2019,Artificial Intelligence,446
UA,2020,Artificial Intelligence,479
UA,2021,Artificial Intelligence,480
UA,2022,Artificial Intelligence,426
UA,2023,Artificial Intelligence,555
UA,2024,Artificial Intelligence,579
UA,2025,Artificial Intelligence,725
UG,2000,Artificial Intelligence,2
UG,2001,Artificial Intelligence,2
UG,2003,Artificial Intelligence,1
UG,2004,Artificial Intelligence,2
UG,2005,Artificial Intelligence,6
UG,2006,Artificial Intelligence,15
UG,2007,Artificial Intelligence,4
UG,2008,Artificial Intelligence,7
UG,2009,Artificial Intelligence,3
UG,2010,Artificial Intelligence,6
UG,2011,Artificial Intelligence,8
UG,2012,Artificial Intelligence,2
UG,2013,Artificial Intelligence,7
UG,2014,Artificial Intelligence,5
UG,2015,Artificial Intelligence,9
UG,2016,Artificial Intelligence,8
UG,2017,Artificial Intelligence,9
UG,2018,Artificial Intelligence,8
UG,2019,Artificial Intelligence,17
UG,2020,Artificial Intelligence,15
UG,2021,Artificial Intelligence,27
UG,2022,Artificial Intelligence,29
UG,2023,Artificial Intelligence,38
UG,2024,Artificial Intelligence,53
UG,2025,Artificial Intelligence,63
UY,2000,Artificial Intelligence,4
UY,2001,Artificial Intelligence,6
UY,2002,Artificial Intelligence,2
UY,2003,Artificial Intelligence,4
UY,2004,Artificial Intelligence,9
UY,2005,Artificial Intelligence,9
UY,2006,Artificial Intelligence,16
UY,2007,Artificial Intelligence,17
UY,2008,Artificial Intelligence,10
UY,2009,Artificial Intelligence,18
UY,2010,Artificial Intelligence,19
UY,2011,Artificial Intelligence,17
UY,2012,Artificial Intelligence,31
UY,2013,Artificial Intelligence,25
UY,2014,Artificial Intelligence,29
UY,2015,Artificial Intelligence,34
UY,2016,Artificial Intelligence,34
UY,2017,Artificial Intelligence,20
UY,2018,Artificial Intelligence,26
UY,2019,Artificial Intelligence,27
UY,2020,Artificial Intelligence,33
UY,2021,Artificial Intelligence,60
UY,2022,Artificial Intelligence,40
UY,2023,Artificial Intelligence,52
UY,2024,Artificial Intelligence,34
UY,2025,Artificial Intelligence,46
UZ,2000,Artificial Intelligence,1
UZ,2002,Artificial Intelligence,1
UZ,2003,Artificial Intelligence,1
UZ,2004,Artificial Intelligence,1
UZ,2005,Artificial Intelligence,4
UZ,2006,Artificial Intelligence,3
UZ,2007,Artificial Intelligence,4
UZ,2008,Artificial Intelligence,3
UZ,2009,Artificial Intelligence,4
UZ,2010,Artificial Intelligence,7
UZ,2011,Artificial Intelligence,5
UZ,2012,Artificial Intelligence,4
UZ,2013,Artificial Intelligence,5
UZ,2014,Artificial Intelligence,2
UZ,2015,Artificial Intelligence,8
UZ,2016,Artificial Intelligence,10
UZ,2017,Artificial Intelligence,18
UZ,2018,Artificial Intelligence,9
UZ,2019,Artificial Intelligence,31
UZ,2020,Artificial Intelligence,51
UZ,2021,Artificial Intelligence,67
UZ,2022,Artificial Intelligence,74
UZ,2023,Artificial Intelligence,155
UZ,2024,Artificial Intelligence,207
UZ,2025,Artificial Intelligence,491
United Kingdom,2000,Artificial Intelligence,1497
United Kingdom,2001,Artificial Intelligence,1517
United Kingdom,2002,Artificial Intelligence,2912
United Kingdom,2003,Artificial Intelligence,2339
United Kingdom,2004,Artificial Intelligence,2188
United Kingdom,2005,Artificial Intelligence,2610
United Kingdom,2006,Artificial Intelligence,2878
United Kingdom,2007,Artificial Intelligence,2988
United Kingdom,2008,Artificial Intelligence,2900
United Kingdom,2009,Artificial Intelligence,3010
United Kingdom,2010,Artificial Intelligence,3020
United Kingdom,2011,Artificial Intelligence,2985
United Kingdom,2012,Artificial Intelligence,3135
United Kingdom,2013,Artificial Intelligence,3429
United Kingdom,2014,Artificial Intelligence,3657
United Kingdom,2015,Artificial Intelligence,3466
United Kingdom,2016,Artificial Intelligence,3790
United Kingdom,2017,Artificial Intelligence,4018
United Kingdom,2018,Artificial Intelligence,4420
United Kingdom,2019,Artificial Intelligence,5440
United Kingdom,2020,Artificial Intelligence,6114
United Kingdom,2021,Artificial Intelligence,6711
United Kingdom,2022,Artificial Intelligence,5720
United Kingdom,2023,Artificial Intelligence,6888
United Kingdom,2024,Artificial Intelligence,7002
United Kingdom,2025,Artificial Intelligence,8357
United States,2000,Artificial Intelligence,4369
United States,2001,Artificial Intelligence,4308
United States,2002,Artificial Intelligence,12806
United States,2003,Artificial Intelligence,8757
United States,2004,Artificial Intelligence,7034
United States,2005,Artificial Intelligence,8713
United States,2006,Artificial Intelligence,8467
United States,2007,Artificial Intelligence,8399
United States,2008,Artificial Intelligence,8349
United States,2009,Artificial Intelligence,8655
United States,2010,Artificial Intelligence,8510
United States,2011,Artificial Intelligence,8944
United States,2012,Artificial Intelligence,8961
United States,2013,Artificial Intelligence,9690
United States,2014,Artificial Intelligence,9914
United States,2015,Artificial Intelligence,10169
United States,2016,Artificial Intelligence,10552
United States,2017,Artificial Intelligence,11860
United States,2018,Artificial Intelligence,15010
United States,2019,Artificial Intelligence,18122
United States,2020,Artificial Intelligence,20819
United States,2021,Artificial Intelligence,22192
United States,2022,Artificial Intelligence,19382
United States,2023,Artificial Intelligence,22173
United States,2024,Artificial Intelligence,23281
United States,2025,Artificial Intelligence,29169
VA,2002,Artificial Intelligence,1
VA,2016,Artificial Intelligence,1
VA,2019,Artificial Intelligence,1
VA,2023,Artificial Intelligence,1
VC,2025,Artificial Intelligence,1
VE,2000,Artificial Intelligence,16
VE,2001,Artificial Intelligence,15
VE,2002,Artificial Intelligence,32
VE,2003,Artificial Intelligence,27
VE,2004,Artificial Intelligence,33
VE,2005,Artificial Intelligence,21
VE,2006,Artificial Intelligence,15
VE,2007,Artificial Intelligence,22
VE,2008,Artificial Intelligence,24
VE,2009,Artificial Intelligence,19
VE,2010,Artificial Intelligence,22
VE,2011,Artificial Intelligence,22
VE,2012,Artificial Intelligence,15
VE,2013,Artificial Intelligence,35
VE,2014,Artificial Intelligence,27
VE,2015,Artificial Intelligence,23
VE,2016,Artificial Intelligence,23
VE,2017,Artificial Intelligence,30
VE,2018,Artificial Intelligence,32
VE,2019,Artificial Intelligence,35
VE,2020,Artificial Intelligence,24
VE,2021,Artificial Intelligence,27
VE,2022,Artificial Intelligence,28
VE,2023,Artificial Intelligence,24
VE,2024,Artificial Intelligence,34
VE,2025,Artificial Intelligence,44
VG,2000,Artificial Intelligence,1
VG,2001,Artificial Intelligence,2
VG,2002,Artificial Intelligence,2
VG,2003,Artificial Intelligence,2
VG,2004,Artificial Intelligence,1
VG,2005,Artificial Intelligence,2
VG,2006,Artificial Intelligence,3
VG,2007,Artificial Intelligence,2
VG,2008,Artificial Intelligence,5
VG,2009,Artificial Intelligence,2
VG,2010,Artificial Intelligence,5
VG,2011,Artificial Intelligence,2
VG,2012,Artificial Intelligence,2
VG,2013,Artificial Intelligence,3
VG,2014,Artificial Intelligence,5
VG,2015,Artificial Intelligence,4
VG,2016,Artificial Intelligence,5
VG,2017,Artificial Intelligence,3
VG,2018,Artificial Intelligence,5
VG,2019,Artificial Intelligence,4
VG,2020,Artificial Intelligence,7
VG,2021,Artificial Intelligence,4
VG,2022,Artificial Intelligence,4
VG,2023,Artificial Intelligence,2
VG,2024,Artificial Intelligence,1
VG,2025,Artificial Intelligence,1
VI,2005,Artificial Intelligence,2
VI,2006,Artificial Intelligence,1
VI,2018,Artificial Intelligence,1
VI,2019,Artificial Intelligence,1
VI,2021,Artificial Intelligence,1
VI,2024,Artificial Intelligence,1
VN,2000,Artificial Intelligence,3
VN,2001,Artificial Intelligence,4
VN,2002,Artificial Intelligence,10
VN,2003,Artificial Intelligence,8
VN,2004,Artificial Intelligence,3
VN,2005,Artificial Intelligence,12
VN,2006,Artificial Intelligence,27
VN,2007,Artificial Intelligence,30
VN,2008,Artificial Intelligence,43
VN,2009,Artificial Intelligence,60
VN,2010,Artificial Intelligence,79
VN,2011,Artificial Intelligence,62
VN,2012,Artificial Intelligence,128
VN,2013,Artificial Intelligence,152
VN,2014,Artificial Intelligence,164
VN,2015,Artificial Intelligence,183
VN,2016,Artificial Intelligence,241
VN,2017,Artificial Intelligence,215
VN,2018,Artificial Intelligence,294
VN,2019,Artificial Intelligence,385
VN,2020,Artificial Intelligence,544
VN,2021,Artificial Intelligence,582
VN,2022,Artificial Intelligence,648
VN,2023,Artificial Intelligence,703
VN,2024,Artificial Intelligence,752
VN,2025,Artificial Intelligence,1172
VU,2002,Artificial Intelligence,1
VU,2011,Artificial Intelligence,1
VU,2022,Artificial Intelligence,2
VU,2023,Artificial Intelligence,1
WS,2020,Artificial Intelligence,1
XK,2003,Artificial Intelligence,1
XK,2010,Artificial Intelligence,1
XK,2012,Artificial Intelligence,1
XK,2013,Artificial Intelligence,2
XK,2014,Artificial Intelligence,1
XK,2015,Artificial Intelligence,5
XK,2016,Artificial Intelligence,7
XK,2017,Artificial Intelligence,11
XK,2018,Artificial Intelligence,9
XK,2019,Artificial Intelligence,5
XK,2020,Artificial Intelligence,4
XK,2021,Artificial Intelligence,7
XK,2022,Artificial Intelligence,11
XK,2023,Artificial Intelligence,18
XK,2024,Artificial Intelligence,21
XK,2025,Artificial Intelligence,35
YE,2002,Artificial Intelligence,1
YE,2003,Artificial Intelligence,2
YE,2004,Artificial Intelligence,1
YE,2005,Artificial Intelligence,5
YE,2006,Artificial Intelligence,2
YE,2007,Artificial Intelligence,2
YE,2008,Artificial Intelligence,5
YE,2009,Artificial Intelligence,2
YE,2010,Artificial Intelligence,9
YE,2011,Artificial Intelligence,9
YE,2012,Artificial Intelligence,10
YE,2013,Artificial Intelligence,19
YE,2014,Artificial Intelligence,17
YE,2015,Artificial Intelligence,10
YE,2016,Artificial Intelligence,31
YE,2017,Artificial Intelligence,21
YE,2018,Artificial Intelligence,40
YE,2019,Artificial Intelligence,55
YE,2020,Artificial Intelligence,54
YE,2021,Artificial Intelligence,85
YE,2022,Artificial Intelligence,93
YE,2023,Artificial Intelligence,139
YE,2024,Artificial Intelligence,122
YE,2025,Artificial Intelligence,161
ZA,2000,Artificial Intelligence,56
ZA,2001,Artificial Intelligence,33
ZA,2002,Artificial Intelligence,143
ZA,2003,Artificial Intelligence,95
ZA,2004,Artificial Intelligence,58
ZA,2005,Artificial Intelligence,130
ZA,2006,Artificial Intelligence,117
ZA,2007,Artificial Intelligence,120
ZA,2008,Artificial Intelligence,108
ZA,2009,Artificial Intelligence,144
ZA,2010,Artificial Intelligence,114
ZA,2011,Artificial Intelligence,158
ZA,2012,Artificial Intelligence,160
ZA,2013,Artificial Intelligence,186
ZA,2014,Artificial Intelligence,202
ZA,2015,Artificial Intelligence,188
ZA,2016,Artificial Intelligence,244
ZA,2017,Artificial Intelligence,236
ZA,2018,Artificial Intelligence,249
ZA,2019,Artificial Intelligence,352
ZA,2020,Artificial Intelligence,408
ZA,2021,Artificial Intelligence,396
ZA,2022,Artificial Intelligence,479
ZA,2023,Artificial Intelligence,476
ZA,2024,Artificial Intelligence,596
ZA,2025,Artificial Intelligence,626
ZM,2000,Artificial Intelligence,1
ZM,2002,Artificial Intelligence,1
ZM,2004,Artificial Intelligence,1
ZM,2008,Artificial Intelligence,2
ZM,2009,Artificial Intelligence,2
ZM,2010,Artificial Intelligence,1
ZM,2012,Artificial Intelligence,2
ZM,2013,Artificial Intelligence,1
ZM,2015,Artificial Intelligence,2
ZM,2016,Artificial Intelligence,1
ZM,2018,Artificial Intelligence,4
ZM,2019,Artificial Intelligence,7
ZM,2020,Artificial Intelligence,9
ZM,2021,Artificial Intelligence,11
ZM,2022,Artificial Intelligence,11
ZM,2023,Artificial Intelligence,34
ZM,2024,Artificial Intelligence,28
ZM,2025,Artificial Intelligence,46
ZW,2000,Artificial Intelligence,4
ZW,2001,Artificial Intelligence,1
ZW,2002,Artificial Intelligence,2
ZW,2006,Artificial Intelligence,2
ZW,2007,Artificial Intelligence,3
ZW,2008,Artificial Intelligence,9
ZW,2009,Artificial Intelligence,5
ZW,2010,Artificial Intelligence,1
ZW,2011,Artificial Intelligence,7
ZW,2012,Artificial Intelligence,8
ZW,2013,Artificial Intelligence,14
ZW,2014,Artificial Intelligence,7
ZW,2015,Artificial Intelligence,2
ZW,2016,Artificial Intelligence,2
ZW,2017,Artificial Intelligence,5
ZW,2018,Artificial Intelligence,3
ZW,2019,Artificial Intelligence,10
ZW,2020,Artificial Intelligence,6
ZW,2021,Artificial Intelligence,14
ZW,2022,Artificial Intelligence,18
ZW,2023,Artificial Intelligence,39
ZW,2024,Artificial Intelligence,49
ZW,2025,Artificial Intelligence,41
