scope,term,early_count,late_count,early_share_per_1000,late_share_per_1000,delta_share_per_1000,growth_ratio,direction,score,total_docs,early_period,late_period
All AI,programming language,153082,76042,134.48749057774046,80.04429478346819,-54.44319579427227,0.5966796955683982,fading,671.9391738774949,229124,2000-2019,2020-2025
All AI,semantic web,87120,27850,76.5377391145448,29.315820332442456,-47.22191878210235,0.3870287559725802,fading,550.2503487051368,114970,2000-2019,2020-2025
All AI,web ontology,85215,26853,74.86413497068338,28.266345543521624,-46.59778942716176,0.3816980789962191,fading,541.786441448659,112068,2000-2019,2020-2025
All AI,cryptography,151157,99080,132.79631578669938,104.29484662615434,-28.501469160545042,0.7861796180011977,fading,354.2780426154414,250237,2000-2019,2020-2025
All AI,fuzzy logic,56216,17004,49.387575092553384,17.898966209438115,-31.48860888311527,0.3688085896198328,fading,352.7113880315075,73220,2000-2019,2020-2025
All AI,logic reasoning,50968,13139,44.77703727261386,13.830540874253552,-30.94649639836031,0.3165079196319562,fading,342.52586242185475,64107,2000-2019,2020-2025
All AI,reasoning knowledge,50957,13184,44.76737341666506,13.877909345167732,-30.88946407149733,0.31762190425377196,fading,341.9109881643741,64141,2000-2019,2020-2025
All AI,logic programming,43608,10336,38.31103911050356,10.880011452643634,-27.43102765785992,0.29321584047884525,fading,298.8808045720341,53944,2000-2019,2020-2025
All AI,programming type,40990,9577,36.01104139468769,10.081063243224467,-25.92997815146322,0.2898044766470013,fading,280.84951850774087,50567,2000-2019,2020-2025
All AI,web service,34543,4341,30.347143276328296,4.569478494187889,-25.777664782140405,0.16434191162454068,fading,272.4277406500949,38884,2000-2019,2020-2025
All AI,discrete mathematic,56064,24057,49.254038173988064,25.32318455072058,-23.930853623267485,0.5190168576954064,fading,270.21058516725316,80121,2000-2019,2020-2025
All AI,architecture web,32106,3908,28.20615991748824,4.113688540724779,-24.09247137676346,0.1607212024870679,fading,252.77076022836812,36014,2000-2019,2020-2025
All AI,data type,69911,37858,61.41907574881706,39.85056826375607,-21.56850748506099,0.6516661913275886,fading,249.9305719457368,107769,2000-2019,2020-2025
All AI,abstract data,69039,37475,60.65299553178442,39.44740994464205,-21.205585587142373,0.6532371733757389,fading,245.47673029115097,106514,2000-2019,2020-2025
All AI,data compression,39148,11205,34.392784789442146,11.794749257630798,-22.598035531811348,0.352357925336786,fading,244.66516448909942,50353,2000-2019,2020-2025
All AI,logic control,35644,8074,31.314407403567895,8.498956314690858,-22.815451088877037,0.28285789518372895,fading,243.79537117620737,43718,2000-2019,2020-2025
All AI,set abstract,68179,37057,59.89745770305958,39.00740948148366,-20.890048221575917,0.6541237161954636,fading,241.57189570574317,105236,2000-2019,2020-2025
All AI,robotic engineering,37548,10559,32.98713301507034,11.114748541840571,-21.872384473229772,0.34684212997910396,fading,235.81063377611144,48107,2000-2019,2020-2025
All AI,educational robotic,37558,10570,32.99591833866017,11.12632750139737,-21.8695908372628,0.34709684278094705,fading,235.79005940095996,48128,2000-2019,2020-2025
All AI,engineering methodology,29848,3806,26.22243385090603,4.006320006652639,-22.21611384425339,0.16863434041206735,fading,231.57892482991227,33654,2000-2019,2020-2025
All AI,system negotiation,34612,8623,30.407762009098082,9.076851659843852,-21.330910349254232,0.309852640156372,fading,227.69528292049637,43235,2000-2019,2020-2025
All AI,information retrieval,91770,59451,80.62291458381287,62.580065873753554,-18.042848710059317,0.7775862861606361,fading,215.1881115481723,151221,2000-2019,2020-2025
All AI,metaheuristic optimization,46809,21386,41.12322119160615,22.511602643792255,-18.611618547813894,0.552854920522894,fading,207.14994223178726,68195,2000-2019,2020-2025
All AI,world wide,90228,59008,79.26821768626203,62.11374959342062,-17.154468092841412,0.7849460776432038,fading,204.36616905851602,149236,2000-2019,2020-2025
All AI,wide web,90225,59006,79.26558208918509,62.11164432804666,-17.15393776113843,0.7849456205063634,fading,204.35927633168234,149231,2000-2019,2020-2025
All AI,theoretical computer,111854,79614,98.26735848161495,83.80429874136709,-14.463059740247857,0.8535643763021152,fading,175.90669210718883,191468,2000-2019,2020-2025
All AI,coding theory,36832,15555,32.35810384603896,16.373701446001522,-15.984402400037435,0.5135324157798486,fading,173.69343511078569,52387,2000-2019,2020-2025
All AI,advanced computational,29158,8713,25.61624652320819,9.171588601672212,-16.444657921535978,0.3703284311195929,fading,173.35904659069806,37871,2000-2019,2020-2025
All AI,theory cryptography,36743,15518,32.27991446608953,16.334754036583195,-15.945160429506334,0.5135691874363665,fading,173.22861848214518,52261,2000-2019,2020-2025
All AI,sensor network,32900,14652,28.90371461052025,15.423174129656978,-13.480540480863272,0.5415361406058499,fading,145.1800308854319,47552,2000-2019,2020-2025
All AI,problem solving,23619,7328,20.750055786804797,7.713692330202453,-13.036363456602345,0.3865256831609231,fading,134.79682797970992,30947,2000-2019,2020-2025
All AI,fusion sensor,26668,10127,23.428700949342065,10.660011221064444,-12.768689728277621,0.466386004183453,fading,134.2390792007141,36795,2000-2019,2020-2025
All AI,target tracking,26701,10164,23.457692517188487,10.69895863048277,-12.758733886705718,0.4674472978751212,fading,134.1586609114166,36865,2000-2019,2020-2025
All AI,tracking data,26679,10145,23.438364805290874,10.678958609430115,-12.759406195860759,0.4669892325711125,fading,134.1515321828968,36824,2000-2019,2020-2025
All AI,data fusion,27170,10685,23.86972419355122,11.247380260400273,-12.622343933150947,0.4820481416654233,fading,133.05900363298085,37855,2000-2019,2020-2025
All AI,solving planning,23045,6992,20.24577821274891,7.360007747376576,-12.885770465372334,0.3788726393761581,fading,132.8551093708441,30037,2000-2019,2020-2025
All AI,ai-based problem,23039,6992,20.240507018595014,7.360007747376576,-12.880499271218438,0.3789689297532429,fading,132.79818910931047,30031,2000-2019,2020-2025
All AI,mathematical optimization,61816,40889,54.3073563028547,43.04109793799783,-11.266258364856867,0.7944389380395994,fading,130.00840588584333,102705,2000-2019,2020-2025
All AI,pure mathematic,32482,15821,28.536488084465613,16.653701740738676,-11.882786343726938,0.5907636519554108,fading,128.15905493356388,48303,2000-2019,2020-2025
All AI,system query,18535,3375,16.283597273738383,3.5526353185634933,-12.730961955174891,0.24146404685869874,fading,127.24270654262432,21910,2000-2019,2020-2025
All AI,advanced database,18525,3372,16.27481195014856,3.549477420502548,-12.725334529646013,0.2414022543165788,fading,127.17890956474785,21897,2000-2019,2020-2025
All AI,process computing,54434,34924,47.82203042884679,36.76214396015154,-11.059886468695247,0.7711212386867579,fading,126.08732040323746,89358,2000-2019,2020-2025
All AI,method verification,20187,5037,17.734932730777274,5.3021108443272045,-12.43282188645007,0.3181865779265689,fading,126.01399569257667,25224,2000-2019,2020-2025
All AI,mechanic application,35228,18530,30.948937942231225,19.505283689772305,-11.44365425245892,0.6361195321291978,fading,124.64733040783561,53758,2000-2019,2020-2025
All AI,theory sociology,24212,9716,21.271025475681345,10.227379186714934,-11.04364628896641,0.4927365134314699,fading,115.20759842836188,33928,2000-2019,2020-2025
All AI,group theory,35152,19574,30.882169482948566,20.60423221498128,-10.277937267967285,0.6724911809060308,fading,112.13345153351182,54726,2000-2019,2020-2025
All AI,control theory,26682,12214,23.44100040236782,12.856855638795409,-10.58414476357241,0.5579071640412481,fading,111.86035870186564,38896,2000-2019,2020-2025
All AI,mathematical analysi,66489,46439,58.41273801637936,48.88320935074668,-9.529528665632675,0.8382433241689903,fading,110.87144021641744,112928,2000-2019,2020-2025
All AI,data management,22181,8769,19.486726254588135,9.230536032143192,-10.256190222444943,0.4868499177002266,fading,106.05065391878169,30950,2000-2019,2020-2025
All AI,fuzzy control,15790,3036,13.872025948331755,3.195792837676671,-10.676233110655083,0.25715183447088497,fading,105.08666737362651,18826,2000-2019,2020-2025
All AI,semantic computer,22017,8804,19.342646947715025,9.267378176187554,-10.07526877152747,0.4922416954715971,fading,104.13781681513788,30821,2000-2019,2020-2025
All AI,method mixture,21931,8882,19.267093164842542,9.349483525772133,-9.91760963907041,0.4982767796779689,fading,102.50568004671446,30813,2000-2019,2020-2025
All AI,implementation security,26614,13107,23.38126020195702,13.796856628270135,-9.584403573686885,0.5986642458298134,fading,101.49557964665262,39721,2000-2019,2020-2025
All AI,cryptographic implementation,26599,13104,23.368082216572283,13.79369873020919,-9.574383486363093,0.5988624725066797,fading,101.38513071468068,39703,2000-2019,2020-2025
All AI,function biology,28019,14669,24.61559816632726,15.44106888533567,-9.17452928099159,0.634707912579523,fading,97.81604722694988,42688,2000-2019,2020-2025
All AI,control management,25097,12455,22.04852661338075,13.110540116358017,-8.937986497022735,0.603611062918907,fading,94.14835716361704,37552,2000-2019,2020-2025
All AI,bayesian modeling,24785,12397,21.77442451737825,13.049487420513074,-8.724937096865176,0.6082979791438347,fading,91.81780864089136,37182,2000-2019,2020-2025
All AI,modeling causal,24727,12364,21.72346964055727,13.014750541842675,-8.708719098714594,0.6081296377402112,fading,91.62579735262166,37091,2000-2019,2020-2025
All AI,speech dialogue,34503,20831,30.312001981969,21.92739150251737,-8.38461047945163,0.7278784259342105,fading,91.56968011900807,55334,2000-2019,2020-2025
All AI,linguistic study,18853,7242,16.56297056389478,7.6231659191220205,-8.93980464477276,0.47606985481828273,fading,90.91367701198048,26095,2000-2019,2020-2025
All AI,study language,19022,7404,16.711442532562803,7.7936924144130675,-8.917750118149735,0.48187084834533783,fading,90.80179350915523,26426,2000-2019,2020-2025
All AI,language acquisition,21540,9747,18.923587012480432,10.260010800011369,-8.663576212469064,0.5539662057835986,fading,89.67659001553645,31287,2000-2019,2020-2025
All AI,cluster analysi,33575,20306,29.496723952833356,21.374759341851938,-8.121964610981419,0.7292382786949555,fading,88.48516376080971,53881,2000-2019,2020-2025
All AI,simple philosophy,18885,7802,16.591083599382216,8.212640223831814,-8.378443375550402,0.5097769356266414,fading,85.39283770861805,26687,2000-2019,2020-2025
All AI,causal inference,25004,13217,21.966823103995388,13.91264622383813,-8.054176880157257,0.6415079763224315,fading,84.9809616458218,38221,2000-2019,2020-2025
All AI,over field,17366,6603,15.256592946087983,6.950533632140665,-8.306059313947317,0.4728518187677413,fading,83.7629396225819,23969,2000-2019,2020-2025
All AI,algebra over,17325,6588,15.220573119369705,6.934744141835939,-8.285828977533766,0.47293085852419764,fading,83.53954516919663,23913,2000-2019,2020-2025
All AI,scheme mathematic,21300,10227,18.71273924632466,10.765274489762621,-7.947464756562038,0.5863440056793378,fading,82.32485733297753,31527,2000-2019,2020-2025
All AI,quantum entanglement,23508,12302,20.65253869495775,12.949487315249806,-7.703051379707945,0.6358332448509283,fading,80.77427678509076,35810,2000-2019,2020-2025
All AI,data security,48225,33740,42.3672230119252,35.51582685876512,-6.851396153160081,0.8401716819572358,fading,77.51710583224312,81965,2000-2019,2020-2025
All AI,information cryptography,65988,48785,57.972593304529184,51.35268563440593,-6.619907670123254,0.8867861455084379,fading,77.12669238767502,114773,2000-2019,2020-2025
All AI,graph theory,36944,24215,32.456499470244985,25.4895005152637,-6.966998954981285,0.788600152717327,fading,76.78502789710846,61159,2000-2019,2020-2025
All AI,software development,12487,2971,10.97023356661296,3.127371713022856,-7.842861853590104,0.31624218390645914,fading,75.65182692106428,15458,2000-2019,2020-2025
All AI,state computer,22866,12242,20.088520920491064,12.886329354030899,-7.202191566460165,0.6501841198659363,fading,75.3796694661773,35108,2000-2019,2020-2025
All AI,word group,25025,14145,21.98527228353402,14.889489357357219,-7.095782926176801,0.684425305742326,fading,75.04281441443047,39170,2000-2019,2020-2025
All AI,human auditory,12730,3297,11.183716929845676,3.470529968978915,-7.713186960866762,0.3398344887007939,fading,74.67978940705488,16027,2000-2019,2020-2025
All AI,perception evaluation,12720,3294,11.174931606255853,3.4673720709179694,-7.707559535337884,0.33981972697742463,fading,74.61905016403759,16014,2000-2019,2020-2025
All AI,auditory perception,12727,3302,11.18108133276873,3.4757931324138234,-7.705288200354907,0.3403617369960948,fading,74.60427429582221,16029,2000-2019,2020-2025
All AI,cryptography data,45218,31474,39.72547620846519,33.13056119006441,-6.594915018400776,0.8360512878897151,fading,74.17674007753665,76692,2000-2019,2020-2025
All AI,library science,14363,4987,12.618360272063901,5.249479209978116,-7.368881062085785,0.4382772763316977,fading,72.73453593036159,19350,2000-2019,2020-2025
Applied / Interdisciplinary AI,engineering methodology,26377,3246,189.01875353823442,23.057088669635817,-165.9616648685986,0.12429951247480792,fading,1708.7977487989594,29623,2000-2019,2020-2025
Applied / Interdisciplinary AI,advanced computational,23551,7145,168.7675120210395,50.75258735198642,-118.01492466905307,0.30279045718835795,fading,1219.3207851436218,30696,2000-2019,2020-2025
Applied / Interdisciplinary AI,programming language,23666,8741,169.591607128781,62.089344442787024,-107.50226268599397,0.3679743257137839,fading,1116.5357634949582,32407,2000-2019,2020-2025
Applied / Interdisciplinary AI,web service,14214,1259,101.85815531684665,8.942968156214262,-92.91518716063239,0.09225418460291544,fading,896.345049807778,15473,2000-2019,2020-2025
Applied / Interdisciplinary AI,architecture web,13625,1130,97.63735515632726,8.026651323687146,-89.61070383264011,0.08688486978383178,fading,860.2094436861976,14755,2000-2019,2020-2025
Applied / Interdisciplinary AI,geologic mapping,33710,23001,241.56735723448014,163.38142220896285,-78.1859350255173,0.6770075241917811,fading,855.8030030398538,56711,2000-2019,2020-2025
Applied / Interdisciplinary AI,geochemistry geologic,33710,23001,241.56735723448014,163.38142220896285,-78.1859350255173,0.6770075241917811,fading,855.8030030398538,56711,2000-2019,2020-2025
Applied / Interdisciplinary AI,software development,9175,1423,65.74845750893964,10.107898082837883,-55.64055942610175,0.16012294446865336,fading,515.7053560897361,10598,2000-2019,2020-2025
Applied / Interdisciplinary AI,performance reliability,7756,1716,55.57984048385132,12.18914484198862,-43.3906956418627,0.22626927488573315,fading,397.29392761040674,9472,2000-2019,2020-2025
Applied / Interdisciplinary AI,world wide,10152,5409,72.74968290253463,38.421377884799796,-34.328305017734834,0.531352168945062,fading,331.3569618746647,15561,2000-2019,2020-2025
Applied / Interdisciplinary AI,wide web,10151,5409,72.74251685811949,38.421377884799796,-34.32113897331969,0.5314041564163571,fading,331.2855854890661,15560,2000-2019,2020-2025
Applied / Interdisciplinary AI,distributed computing,6187,1255,44.3363167964915,8.914555231174662,-35.42176156531684,0.20997610650996565,fading,315.7860412333529,7442,2000-2019,2020-2025
Applied / Interdisciplinary AI,model-driven software,5280,644,37.836714511956544,4.574480931375683,-33.26223358058086,0.1323660881214284,fading,288.9468932007517,5924,2000-2019,2020-2025
Applied / Interdisciplinary AI,remote sensing,11846,8026,84.88896214178736,57.010534091958434,-27.878428049828926,0.6735125085191089,fading,275.91607270288705,19872,2000-2019,2020-2025
Applied / Interdisciplinary AI,component thermodynamic,4472,635,32.04655062452077,4.510551850036582,-27.535998774484188,0.15395031897056402,fading,235.11786628336506,5107,2000-2019,2020-2025
Applied / Interdisciplinary AI,process computing,8093,5001,57.99479745175461,35.52325953076054,-22.471537920994066,0.6158369820918149,fading,213.02985942760156,13094,2000-2019,2020-2025
Applied / Interdisciplinary AI,software architecture,3770,299,27.015987445090186,2.1238661467101383,-24.892121298380047,0.09535787701408942,fading,206.888334105992,4069,2000-2019,2020-2025
Applied / Interdisciplinary AI,software construction,3658,355,26.21339047059414,2.5216470972645455,-23.691743373329594,0.11311357502862647,fading,196.5832719265406,4013,2000-2019,2020-2025
Applied / Interdisciplinary AI,technique practice,3574,469,25.6114427397221,3.3314154608931603,-22.28002727882894,0.14673319659448036,fading,185.03539439591736,4043,2000-2019,2020-2025
Applied / Interdisciplinary AI,product line,3489,540,25.00232896443492,3.8357448803460694,-21.16658408408885,0.17001368331467373,fading,175.71485613518735,4029,2000-2019,2020-2025
Applied / Interdisciplinary AI,geological geochemical,7752,5295,55.55117630619075,37.61160952117118,-17.939566785019565,0.6799430811760114,fading,170.00233387458627,13047,2000-2019,2020-2025
Applied / Interdisciplinary AI,geochemical analysi,7778,5324,55.737493460984474,37.81760322770828,-17.919890233276192,0.6813533262162839,fading,169.89124845761765,13102,2000-2019,2020-2025
Applied / Interdisciplinary AI,component-based software,3079,164,22.064250754226176,1.164929926623621,-20.899320827602555,0.07378618261064075,fading,168.96186366678,3243,2000-2019,2020-2025
Applied / Interdisciplinary AI,software product,3158,471,22.630368263022493,3.3456219234129607,-19.284746339609534,0.16625856880803702,fading,158.07683292602957,3629,2000-2019,2020-2025
Applied / Interdisciplinary AI,product mathematic,3222,776,23.088995105591664,5.5121074576825,-17.576887647909164,0.254869163810092,fading,145.77918389897349,3998,2000-2019,2020-2025
Applied / Interdisciplinary AI,modeling analysi,3692,1428,26.45703598070901,10.143414239137384,-16.313621741571623,0.39482880264558845,fading,139.3363564120418,5120,2000-2019,2020-2025
Applied / Interdisciplinary AI,modeling language,2753,525,19.728120274889463,3.7291964114475675,-15.998923863441895,0.20907510702798993,fading,129.5159887879325,3278,2000-2019,2020-2025
Applied / Interdisciplinary AI,computational physic,11866,10239,85.03228303009023,72.72998487011742,-12.302298159972807,0.8561677798820726,fading,123.06732331269896,22105,2000-2019,2020-2025
Applied / Interdisciplinary AI,physic python,11726,10185,84.02903681197016,72.34641038208281,-11.68262642988735,0.8617915586111,fading,116.76539443822783,21911,2000-2019,2020-2025
Applied / Interdisciplinary AI,python application,11726,10187,84.02903681197016,72.3606168446026,-11.668419967367555,0.8619596246752076,fading,116.62446880975818,21913,2000-2019,2020-2025
Applied / Interdisciplinary AI,environmental science,15371,13926,110.14926870516743,98.9195985253692,-11.229670179798234,0.8985111215717072,fading,115.50024071752172,29297,2000-2019,2020-2025
Applied / Interdisciplinary AI,earth science,4503,2762,32.26869800139021,19.619124739844157,-12.649573261546056,0.6139738826056074,fading,112.46686522663948,7265,2000-2019,2020-2025
Applied / Interdisciplinary AI,unified modeling,2417,481,17.32032935140132,3.416654236011962,-13.903675115389358,0.21978573789400652,fading,110.84178215705774,2898,2000-2019,2020-2025
Applied / Interdisciplinary AI,data management,2845,1241,20.387396361082647,8.81510999353606,-11.572286367546587,0.4459679814805427,fading,96.2301166561782,4086,2000-2019,2020-2025
Applied / Interdisciplinary AI,aspect-oriented programming,1810,58,12.970540391409346,0.41198741307420744,-12.558552978335138,0.06770236282842929,fading,94.60557397764263,1868,2000-2019,2020-2025
Applied / Interdisciplinary AI,geographic information,2587,989,18.538556901975678,7.0250957160412275,-11.51346118593445,0.3952555729294971,fading,94.20636019041655,3576,2000-2019,2020-2025
Applied / Interdisciplinary AI,data type,5838,4529,41.835367295606495,32.17053437608768,-9.664832919518815,0.771707828775072,fading,89.3656786744617,10367,2000-2019,2020-2025
Applied / Interdisciplinary AI,business process,1888,280,13.529491855790523,1.988904752772036,-11.540587103018487,0.17740519602246088,fading,88.65503837295923,2168,2000-2019,2020-2025
Applied / Interdisciplinary AI,abstract data,5740,4465,41.133094942922455,31.715927575454074,-9.41716736746838,0.7738057336266018,fading,86.92733933140151,10205,2000-2019,2020-2025
Applied / Interdisciplinary AI,reference architecture,1728,123,12.382924749367596,0.8736974449677158,-11.50922730439988,0.10662931529078043,fading,86.59567271077977,1851,2000-2019,2020-2025
Applied / Interdisciplinary AI,thermal photovoltaic,3828,2475,27.431618021168497,17.580497368252818,-9.851120652915679,0.6473129252501655,fading,86.18685989535366,6303,2000-2019,2020-2025
Applied / Interdisciplinary AI,solar thermal,3848,2499,27.57493890947136,17.75097491849042,-9.823963990980939,0.6500806636602608,fading,86.01759799090036,6347,2000-2019,2020-2025
Applied / Interdisciplinary AI,process management,2150,644,15.406995492558062,4.574480931375683,-10.832514561182379,0.31900939016106034,fading,85.96236590593021,2794,2000-2019,2020-2025
Applied / Interdisciplinary AI,library science,2502,1050,17.9294431266885,7.458392822895135,-10.471050303793366,0.43183034713459306,fading,85.60657013899309,3552,2000-2019,2020-2025
Applied / Interdisciplinary AI,set abstract,5651,4418,40.495316989974704,31.38207570623877,-9.113241283735935,0.7777004313452546,fading,83.99962456623531,10069,2000-2019,2020-2025
Applied / Interdisciplinary AI,software design,1633,125,11.702150529928984,0.887903907487516,-10.814246622441468,0.11374256563081372,fading,80.80946593996948,1758,2000-2019,2020-2025
Applied / Interdisciplinary AI,service business,2454,1090,17.58547299476162,7.74252207329114,-9.842950921470479,0.45575374642833794,fading,80.44932618652125,3544,2000-2019,2020-2025
Applied / Interdisciplinary AI,system scheduling,1678,198,12.024622528610433,1.4064397894602254,-10.618182739150207,0.15221534901393463,fading,80.03380951203518,1876,2000-2019,2020-2025
Applied / Interdisciplinary AI,software reliability,1762,345,12.626570259482468,2.4506147846655444,-10.175955474816924,0.22478185286320754,fading,77.88162342745089,2107,2000-2019,2020-2025
Applied / Interdisciplinary AI,mining engineering,4137,2968,29.64592574544777,21.082390379383583,-8.563535366064187,0.7159305891491047,fading,75.94738137007987,7105,2000-2019,2020-2025
Applied / Interdisciplinary AI,analysi research,1736,356,12.440253104688743,2.528750328524446,-9.911502776164298,0.2340564982787713,fading,75.78685614755774,2092,2000-2019,2020-2025
Applied / Interdisciplinary AI,reliability analysi,1735,358,12.4330870602736,2.542956791044246,-9.890130269229354,0.2352846444830065,fading,75.62815860807983,2093,2000-2019,2020-2025
Applied / Interdisciplinary AI,method verification,1581,205,11.329516220341533,1.4561624082795264,-9.873353812062007,0.16536284086713476,fading,73.93457132373854,1786,2000-2019,2020-2025
Applied / Interdisciplinary AI,geostatistic mapping,3206,2022,22.97433839494937,14.36273360751806,-8.611604787431311,0.6331481363801016,fading,73.7323477777633,5228,2000-2019,2020-2025
Applied / Interdisciplinary AI,soil geostatistic,3206,2022,22.97433839494937,14.36273360751806,-8.611604787431311,0.6331481363801016,fading,73.7323477777633,5228,2000-2019,2020-2025
Applied / Interdisciplinary AI,context archaeology,4105,2976,29.416612324163186,21.139216229462782,-8.277396094700403,0.7233177338058802,fading,73.38169588658002,7081,2000-2019,2020-2025
Applied / Interdisciplinary AI,fuzzy logic,2460,1224,17.62846926125248,8.694355062117758,-8.934114199134722,0.5071776844264306,fading,73.367176344747,3684,2000-2019,2020-2025
Applied / Interdisciplinary AI,key lock,2839,1646,20.344400094591787,11.69191865379561,-8.652481440796176,0.5849013931064815,fading,72.75626531814362,4485,2000-2019,2020-2025
Applied / Interdisciplinary AI,hydrocarbon exploration,4553,3456,32.62700022214738,24.548767234214843,-8.078232987932537,0.756143540502899,fading,72.6107613110837,8009,2000-2019,2020-2025
Applied / Interdisciplinary AI,object-oriented programming,1548,197,11.093036754641805,1.3993365582003254,-9.69370019644148,0.1638342565799111,fading,72.36427398828819,1745,2000-2019,2020-2025
Applied / Interdisciplinary AI,exploration reservoir,4511,3445,32.32602635671136,24.470631690355944,-7.855394666355416,0.7606961445472257,fading,70.55564134229189,7956,2000-2019,2020-2025
Applied / Interdisciplinary AI,process modeling,1514,209,10.849391244526933,1.484575333319127,-9.364815911207806,0.17486183096174057,fading,69.79037705194318,1723,2000-2019,2020-2025
Applied / Interdisciplinary AI,reservoir analysi,4519,3471,32.38335471203251,24.655315703113345,-7.728039008919161,0.7649862954496137,fading,69.44470867295438,7990,2000-2019,2020-2025
Applied / Interdisciplinary AI,knowledge management,2365,1200,16.94769504181387,8.523877511880155,-8.423817529933714,0.5171959671609454,fading,68.9000866427867,3565,2000-2019,2020-2025
Applied / Interdisciplinary AI,fault tolerance,1440,179,10.31910395780633,1.271478395522123,-9.047625562284207,0.1637361469517949,fading,66.86359439993946,1619,2000-2019,2020-2025
Applied / Interdisciplinary AI,atmospheric science,2677,1581,19.183500899338576,11.230208621902102,-7.953292277436473,0.5959411733659774,fading,66.46399074596118,4258,2000-2019,2020-2025
Applied / Interdisciplinary AI,logic programming,1355,82,9.709990182519151,0.5824649633118105,-9.12752521920734,0.1060201767054716,fading,66.36631380223166,1437,2000-2019,2020-2025
Applied / Interdisciplinary AI,advanced decision-making,1829,655,13.10669523529707,4.652616475234584,-8.454078760062485,0.3786824343554197,fading,66.09422394070774,2484,2000-2019,2020-2025
Applied / Interdisciplinary AI,programming type,1293,67,9.265695428780267,0.47591649441330863,-8.789778934366959,0.09993312831948521,fading,63.426825069224414,1360,2000-2019,2020-2025
Applied / Interdisciplinary AI,geological modeling,2280,1207,16.33858126652669,8.573600130699456,-7.764981135827233,0.5388577569024066,fading,63.33960171411138,3487,2000-2019,2020-2025
Applied / Interdisciplinary AI,interface matter,1533,421,10.985546088414656,2.9904603604179543,-7.9950857279967025,0.3039002528524737,fading,60.587922711223705,1954,2000-2019,2020-2025
Applied / Interdisciplinary AI,system fault,1335,203,9.566669294216286,1.4419559457597262,-8.12471334845656,0.19290948068349276,fading,59.62636238383019,1538,2000-2019,2020-2025
Applied / Interdisciplinary AI,architecture description,1229,72,8.807068586211097,0.5114326507128093,-8.295635935498288,0.10867360021514176,fading,59.493454056019964,1301,2000-2019,2020-2025
Applied / Interdisciplinary AI,requirement analysi,1248,109,8.94322343009882,0.774252207329114,-8.168971222769706,0.13493826729415628,fading,58.92906571674929,1357,2000-2019,2020-2025
Applied / Interdisciplinary AI,parallel computing,2245,1249,16.087769711996675,8.87193584361526,-7.215833868381415,0.5649907134192519,fading,58.87462824947926,3494,2000-2019,2020-2025
Applied / Interdisciplinary AI,technology control,1345,234,9.638329738367718,1.6621561148166302,-7.976173623551087,0.21326551518975748,fading,58.745955453871474,1579,2000-2019,2020-2025
Applied / Interdisciplinary AI,industrial technology,1343,235,9.623997649537431,1.6692593460765301,-7.954738303460901,0.21426904876609137,fading,58.58304422193797,1578,2000-2019,2020-2025
Applied / Interdisciplinary AI,analysi engineering,1743,725,12.490415415594747,5.149842663427593,-7.340572752167153,0.4349239406651357,fading,57.34138680457476,2468,2000-2019,2020-2025
Applied / Interdisciplinary AI,risk analysi,1762,752,12.626570259482468,5.341629907444896,-7.284940352037572,0.4450233223126183,fading,57.04128753603815,2514,2000-2019,2020-2025
Applied / Interdisciplinary AI,design pattern,1201,100,8.606419342587085,0.7103231259900129,-7.896096216597072,0.13290878450213853,fading,56.62809230499504,1301,2000-2019,2020-2025
Core ML & Deep Learning,artificial neural,41423,30390,336.75593060501114,249.63241032043962,-87.12352028457153,0.741669419635472,fading,974.2008042297298,71813,2000-2019,2020-2025
Core ML & Deep Learning,fuzzy logic,13245,3401,107.67767425979221,27.936815646588194,-79.74085861320401,0.2628713904340026,fading,775.079973449503,16646,2000-2019,2020-2025
Core ML & Deep Learning,cluster analysi,14721,7563,119.67708892249159,62.12470941933152,-57.55237950316007,0.5211035645881007,fading,576.1953786618831,22284,2000-2019,2020-2025
Core ML & Deep Learning,face expression,12050,4975,97.96270100645496,40.86611521369487,-57.096585792760095,0.42011964724574247,fading,556.2633081706164,17025,2000-2019,2020-2025
Core ML & Deep Learning,expression recognition,12061,4999,98.05212753849406,41.06325828206244,-56.98886925643162,0.4217388230997652,fading,555.3309107584779,17060,2000-2019,2020-2025
Core ML & Deep Learning,advanced clustering,12934,6211,105.14934230850528,51.0189832346249,-54.130359073880385,0.48764130574693954,fading,533.7171719540306,19145,2000-2019,2020-2025
Core ML & Deep Learning,logic control,8717,1619,70.86646179861145,13.29894282029588,-57.567518978315576,0.19335332693436624,fading,532.1244964689761,10336,2000-2019,2020-2025
Core ML & Deep Learning,pattern recognition,25885,19601,210.4368892574346,161.00838679470013,-49.42850246273446,0.7656716061532024,fading,530.1296774775587,45486,2000-2019,2020-2025
Core ML & Deep Learning,data mining,29778,23618,242.08575191454077,194.0052078627227,-48.080544051818066,0.8017998020396676,fading,523.381235561462,53396,2000-2019,2020-2025
Core ML & Deep Learning,recognition psychology,25742,19566,209.27434434092646,160.72088648666409,-48.553457854262376,0.7685443469895774,fading,520.5542925171662,45308,2000-2019,2020-2025
Core ML & Deep Learning,intelligence game,11592,6225,94.2393053997366,51.13398335783931,-43.10532204189728,0.5450112088111517,fading,421.91336023814546,17817,2000-2019,2020-2025
Core ML & Deep Learning,neural network,76849,71874,624.7581418792579,590.39420399379,-34.36393788546786,0.9450403991826726,fading,409.26926034131225,148723,2000-2019,2020-2025
Core ML & Deep Learning,data type,10107,5871,82.16672357445978,48.226123099417606,-33.940600475042174,0.5894285026976893,fading,328.51211190872203,15978,2000-2019,2020-2025
Core ML & Deep Learning,abstract data,10012,5822,81.3944035250313,47.82362266816715,-33.57078085686415,0.5900723442401882,fading,324.6287109513803,15834,2000-2019,2020-2025
Core ML & Deep Learning,set abstract,9965,5801,81.01230834268247,47.65112248334552,-33.361185859336956,0.5907221064199949,fading,322.4583610229099,15766,2000-2019,2020-2025
Core ML & Deep Learning,blind source,4854,809,39.461489683430074,6.645364262890282,-32.81612542053979,0.1788062537081316,fading,283.5932028803798,5663,2000-2019,2020-2025
Core ML & Deep Learning,source separation,4854,813,39.461489683430074,6.6782214409515435,-32.78326824247853,0.17962847475948762,fading,283.33239875956485,5667,2000-2019,2020-2025
Core ML & Deep Learning,function biology,6820,3293,55.444449864234265,27.049671838934113,-28.394778025300152,0.4924469166430545,fading,261.84743968042983,10113,2000-2019,2020-2025
Core ML & Deep Learning,mathematical optimization,9252,6291,75.21584312960343,51.67612679585014,-23.53971633375329,0.6891044811657163,fading,227.19192420456733,15543,2000-2019,2020-2025
Core ML & Deep Learning,theory sociology,4874,1782,39.6240833780466,14.637872826292314,-24.986210551754283,0.37727647716370805,fading,219.9642109274666,6656,2000-2019,2020-2025
Core ML & Deep Learning,control theory,4912,1842,39.93301139781799,15.130730497211246,-24.802280900606746,0.38658338710964213,fading,218.70746167857425,6754,2000-2019,2020-2025
Core ML & Deep Learning,data clustering,4827,1834,39.24198819569777,15.065016141088723,-24.17697205460905,0.39165167239352405,fading,212.8582933922935,6661,2000-2019,2020-2025
Core ML & Deep Learning,system identification,3860,863,31.380583060988894,7.088936166717321,-24.291646894271572,0.23804257758395975,fading,205.51732089973913,4723,2000-2019,2020-2025
Core ML & Deep Learning,data management,4360,1538,35.44542542640196,12.63358496455532,-22.811840461846643,0.36537569965464045,fading,198.0646744886594,5898,2000-2019,2020-2025
Core ML & Deep Learning,cure data,4393,1623,35.71370502251923,13.331799998357141,-22.381905024162087,0.38194931973284524,fading,194.77503857916153,6016,2000-2019,2020-2025
Core ML & Deep Learning,correlation clustering,4433,1712,36.03889241175227,14.062872210220226,-21.976020201532044,0.39855811845944905,fading,191.70905920657597,6145,2000-2019,2020-2025
Core ML & Deep Learning,data compression,3988,1279,32.421182706534644,10.506082685088591,-21.91510002144605,0.33431613873653315,fading,187.7993909920326,5267,2000-2019,2020-2025
Core ML & Deep Learning,control management,4471,1906,36.347820431523665,15.656445346191443,-20.691375085332222,0.4384640707912658,fading,181.26906433232605,6377,2000-2019,2020-2025
Core ML & Deep Learning,support vector,6249,3953,50.80239988293254,32.471106219042376,-18.331293663890165,0.6426815566967524,fading,169.205852643601,10202,2000-2019,2020-2025
Core ML & Deep Learning,fuzzy clustering,3636,1209,29.55953368128384,9.931082069016503,-19.628451612267334,0.3470141014034185,fading,166.56525225677672,4845,2000-2019,2020-2025
Core ML & Deep Learning,vector machine,6214,3953,50.51786091735362,32.471106219042376,-18.046754698311247,0.6462659473797601,fading,166.51742027097058,10167,2000-2019,2020-2025
Core ML & Deep Learning,process computing,6439,4226,52.34703998178951,34.71360862172352,-17.633431360065984,0.666330765807465,fading,163.5468382107444,10665,2000-2019,2020-2025
Core ML & Deep Learning,time delay,2933,539,23.844365315513066,4.427504743755082,-19.416860571757983,0.2024084292152446,fading,158.30127705517796,3472,2000-2019,2020-2025
Core ML & Deep Learning,delay neural,2890,519,23.49478887208754,4.263218853448771,-19.23157001863877,0.19851055488926136,fading,156.43858264213935,3409,2000-2019,2020-2025
Core ML & Deep Learning,metaheuristic optimization,3479,1324,28.283173178544136,10.87572593827779,-17.407447240266343,0.3952213978532988,fading,147.56648456401695,4803,2000-2019,2020-2025
Core ML & Deep Learning,time sery,4306,2237,35.00642245093735,18.37537683076089,-16.63104562017646,0.5316045810259487,fading,146.125420632451,6543,2000-2019,2020-2025
Core ML & Deep Learning,convergence economic,3645,1554,29.632700843861276,12.765013676800368,-16.867687167060907,0.4402198709480354,fading,144.32691301416878,5199,2000-2019,2020-2025
Core ML & Deep Learning,classifier uml,6313,4355,51.32269970570541,35.77325261419923,-15.549447091506181,0.6999491114934279,fading,144.22263969817257,10668,2000-2019,2020-2025
Core ML & Deep Learning,programming language,8562,6681,69.6063606653334,54.8797016568232,-14.726659008510197,0.7899383327169011,fading,141.84631455538133,15243,2000-2019,2020-2025
Core ML & Deep Learning,brain function,3100,1003,25.202022665561028,8.238937398861498,-16.96308526669953,0.3400097148996403,fading,141.12807542798942,4103,2000-2019,2020-2025
Core ML & Deep Learning,dynamic brain,3083,1001,25.063818025136985,8.222508809830869,-16.84130921530612,0.3412052456817678,fading,140.0367830289222,4084,2000-2019,2020-2025
Core ML & Deep Learning,cluster spacecraft,3318,1269,26.97429393688113,10.423939739935436,-16.55035419694569,0.3976058407554301,fading,139.539337670129,4587,2000-2019,2020-2025
Core ML & Deep Learning,neural dynamic,3124,1090,25.397135099100858,8.953581021693951,-16.443554077406908,0.36504350714925904,fading,137.24455983894603,4214,2000-2019,2020-2025
Core ML & Deep Learning,control engineering,2715,682,22.072094044192966,5.602148859445206,-16.469945184747758,0.27034039675264787,fading,133.91617401810575,3397,2000-2019,2020-2025
Core ML & Deep Learning,mathematical analysi,7847,6112,63.79363608279271,50.20576807760865,-13.587868005184056,0.7886592074573822,fading,129.68195154928145,13959,2000-2019,2020-2025
Core ML & Deep Learning,discrete mathematic,4579,2872,37.22582638245289,23.591453847986266,-13.634372534466621,0.6385931378614341,fading,121.5673068401583,7451,2000-2019,2020-2025
Core ML & Deep Learning,basi function,2203,314,17.90969546200998,2.5792884778090834,-15.330406984200899,0.1672644984358087,fading,120.05579307278491,2517,2000-2019,2020-2025
Core ML & Deep Learning,fault detection,4229,2562,34.38043672666374,21.045022548238446,-13.335414178425292,0.6176821327402914,fading,117.66503671139951,6791,2000-2019,2020-2025
Core ML & Deep Learning,detection control,4170,2511,33.900785327544995,20.62609352795735,-13.274691799587643,0.6141166059671758,fading,116.91250219498515,6681,2000-2019,2020-2025
Core ML & Deep Learning,simple philosophy,3098,1407,25.185763296099378,11.557512383048982,-13.628250913050396,0.4694239468009124,fading,114.65672524180556,4505,2000-2019,2020-2025
Core ML & Deep Learning,digital game,3376,1709,27.445815651269044,14.038229326674278,-13.407586324594766,0.520229200252886,fading,114.42365264366379,5085,2000-2019,2020-2025
Core ML & Deep Learning,recurrent neural,3079,1398,25.03129928621368,11.483583732411143,-13.547715553802538,0.46936834659574117,fading,113.89472066812405,4477,2000-2019,2020-2025
Core ML & Deep Learning,game media,3364,1706,27.34825943449913,14.013586443128332,-13.334672991370798,0.5211667349359915,fading,113.76200655959406,5070,2000-2019,2020-2025
Core ML & Deep Learning,radial basi,2054,287,16.698372437116888,2.3575025258955633,-14.340869911221324,0.16614958981401098,fading,111.26737563608181,2341,2000-2019,2020-2025
Core ML & Deep Learning,feedforward neural,2127,398,17.291839422467195,3.2692892170955896,-14.022550205371605,0.2118549480800621,fading,109.85815939613846,2525,2000-2019,2020-2025
Core ML & Deep Learning,self-organizing map,1894,151,15.397622880184706,1.2403584718126484,-14.157264408372058,0.1094728743365705,fading,107.92991479152055,2045,2000-2019,2020-2025
Core ML & Deep Learning,sery stratigraphy,2729,1195,22.185909630424533,9.816081945802084,-12.369827684622448,0.45473521290797075,fading,102.36182863507021,3924,2000-2019,2020-2025
Core ML & Deep Learning,multilayer perceptron,2114,517,17.186153520966457,4.246790264418141,-12.939363256548315,0.26839019907810646,fading,101.90394617163778,2631,2000-2019,2020-2025
Core ML & Deep Learning,signal processing,5380,3984,43.73770385184463,32.72574934901716,-11.011954502827471,0.7510730995508418,fading,100.70140151947011,9364,2000-2019,2020-2025
Core ML & Deep Learning,sery analysi,2956,1474,24.031348064322067,12.107870115575125,-11.923477948746942,0.5139493387202709,fading,100.11405858998438,4430,2000-2019,2020-2025
Core ML & Deep Learning,canopy clustering,2330,816,18.942165422824903,6.70286432449749,-12.239301098327413,0.3704764447709822,fading,98.57783884279442,3146,2000-2019,2020-2025
Core ML & Deep Learning,data set,2561,1109,20.820122595645742,9.109652617484947,-11.710469978160795,0.4507315834782089,fading,96.12210666459718,3670,2000-2019,2020-2025
Core ML & Deep Learning,network reservoir,2462,1067,20.015283807293955,8.764652247841694,-11.25063155945226,0.451597566715005,fading,91.90700717941547,3529,2000-2019,2020-2025
Core ML & Deep Learning,reservoir computing,2472,1086,20.096580654602214,8.92072384363269,-11.175856810969524,0.4573926129591647,fading,91.38760619012669,3558,2000-2019,2020-2025
Core ML & Deep Learning,feed forward,1702,317,13.836723411866087,2.60393136135503,-11.232792050511057,0.21650214433138865,fading,85.49112672156166,2019,2000-2019,2020-2025
Core ML & Deep Learning,applied mathematic,4613,3416,37.50223566330098,28.060030064317925,-9.442205598983055,0.7515355232612944,fading,84.8943021852161,8029,2000-2019,2020-2025
Core ML & Deep Learning,data warehouse,2226,928,18.096678210818986,7.622865310212832,-10.473812900606154,0.4367911956172471,fading,84.38482688721476,3154,2000-2019,2020-2025
Core ML & Deep Learning,measure data,2202,910,17.901565777279156,7.475008008937152,-10.426557768342004,0.43338746851553694,fading,83.8643717906508,3112,2000-2019,2020-2025
Core ML & Deep Learning,image signal,2131,832,17.324358161390503,6.834293036742539,-10.490065124647963,0.41147585625996985,fading,83.8606750331503,2963,2000-2019,2020-2025
Core ML & Deep Learning,signal denoising,2014,763,16.373185047883844,6.267506715185767,-10.105678332698076,0.4010805722796548,fading,80.13284014807861,2777,2000-2019,2020-2025
Core ML & Deep Learning,image retrieval,1899,644,15.438271303838837,5.290005667863215,-10.148265635975623,0.3632768922981412,fading,79.57755318004354,2543,2000-2019,2020-2025
Core ML & Deep Learning,human computer,3595,2463,29.22621660731997,20.231807391222205,-8.994409216097765,0.6974250260329824,fading,78.33500862599152,6058,2000-2019,2020-2025
Core ML & Deep Learning,selection genetic,3773,2651,30.67330048940702,21.77609476010153,-8.89720572930549,0.7145889081482134,fading,78.01027196582211,6424,2000-2019,2020-2025
Core ML & Deep Learning,computer interaction,3581,2461,29.112401021088402,20.215378802191573,-8.89702221889683,0.6995507992559997,fading,77.46331060633699,6042,2000-2019,2020-2025
Core ML & Deep Learning,retrieval classification,1822,599,14.812285579565225,4.920362414674016,-9.89192316489121,0.35398780845020794,fading,77.08131683134886,2421,2000-2019,2020-2025
Core ML & Deep Learning,sets fuzzy,2053,856,16.690242752386062,7.031436105110113,-9.658806647275949,0.43812273122581263,fading,77.03775668723071,2909,2000-2019,2020-2025
Core ML & Deep Learning,rough sets,2053,858,16.690242752386062,7.047864694140744,-9.642378058245319,0.439078423897945,fading,76.9133485542945,2911,2000-2019,2020-2025
Core ML & Deep Learning,speech recognition,2824,1689,22.958229679853016,13.873943436367968,-9.084286243485048,0.6127462998076516,fading,76.44371421027067,4513,2000-2019,2020-2025
Core ML & Deep Learning,fuzzy control,1531,277,12.446547322894817,2.275359580742408,-10.171187742152409,0.21437063577826895,fading,76.28929356150533,1808,2000-2019,2020-2025
Core ML & Deep Learning,sensor technology,1738,518,14.129392062175828,4.255004558933456,-9.874387503242371,0.3250309061869687,fading,76.24796422364678,2256,2000-2019,2020-2025
Healthcare AI,computer vision,5125,5739,226.91047551580624,137.28022963760316,-89.63024587820308,0.6058657998277951,fading,832.9609336622224,10864,2000-2019,2020-2025
Healthcare AI,health neuroscience,2835,1050,125.5202337731338,25.116612845353426,-100.40362092778037,0.20327380832723563,fading,829.8495447049244,3885,2000-2019,2020-2025
Healthcare AI,psychiatry mental,2835,1050,125.5202337731338,25.116612845353426,-100.40362092778037,0.20327380832723563,fading,829.8495447049244,3885,2000-2019,2020-2025
Healthcare AI,mental health,2980,1600,131.94013990967855,38.272933859586175,-93.66720605009237,0.2927581765318922,fading,789.5838797864062,4580,2000-2019,2020-2025
Healthcare AI,image segmentation,3422,3776,151.5097848224564,90.32412390862336,-61.18566091383303,0.5974886683426573,fading,543.432525851501,7198,2000-2019,2020-2025
Healthcare AI,image retrieval,2097,1129,92.8451252988577,27.006338954670493,-65.8387863441872,0.29467354472560875,fading,531.9318458653504,3226,2000-2019,2020-2025
Healthcare AI,retrieval classification,2048,1066,90.67563977685292,25.499342183949288,-65.17629759290364,0.2851566739491071,fading,524.2771231219796,3114,2000-2019,2020-2025
Healthcare AI,image mathematic,3888,4873,172.1420348888692,116.56500418610214,-55.57703070276706,0.6780793811973871,fading,504.53825903904266,8761,2000-2019,2020-2025
Healthcare AI,medical image,2661,2651,117.81634640928009,63.413467288601844,-54.40287912067824,0.5401913533360156,fading,466.6631056425349,5312,2000-2019,2020-2025
Healthcare AI,breast imaging,1947,1568,86.20384308863898,37.50747518239445,-48.696367906244525,0.4383597523299941,fading,397.609703570418,3515,2000-2019,2020-2025
Healthcare AI,digital radiography,1736,1211,76.86177277959798,28.967826814974284,-47.8939459646237,0.380909404686569,fading,382.61909495773335,2947,2000-2019,2020-2025
Healthcare AI,radiography breast,1722,1204,76.2419197733109,28.800382729338597,-47.4415370439723,0.38180414062991175,fading,378.6656953956999,2926,2000-2019,2020-2025
Healthcare AI,pattern recognition,8544,14497,378.2874346940583,346.776701351513,-31.51073334254528,0.9168115664449216,fading,316.5276455920765,23041,2000-2019,2020-2025
Healthcare AI,recognition psychology,8528,14492,377.5790312583016,346.6570984332018,-30.921932825099816,0.9182130447113473,fading,310.58490641529596,23020,2000-2019,2020-2025
Healthcare AI,computer-aided diagnosi,1211,528,53.61728504383246,12.630068173663437,-40.98721687016902,0.24262244794853804,fading,305.8318729626659,1739,2000-2019,2020-2025
Healthcare AI,image processing,1362,1114,60.302842468785975,26.647530199736874,-33.655312269049105,0.4464845572585435,fading,263.00964974070024,2476,2000-2019,2020-2025
Healthcare AI,medical physic,1660,1927,73.49685645975383,46.0949647171391,-27.40189174261473,0.6296884347037316,fading,224.29408069092966,3587,2000-2019,2020-2025
Healthcare AI,breast cancer,6153,10525,272.4253962631719,251.7641430450903,-20.661253218081583,0.9242970661544494,fading,200.86675588615273,16678,2000-2019,2020-2025
Healthcare AI,digital mammography,839,438,37.146905162490036,10.477215644061715,-26.66968951842832,0.29158348067875184,fading,190.76966621306866,1277,2000-2019,2020-2025
Healthcare AI,classifier uml,1439,1696,63.71203400336491,40.569309891161346,-23.142724112203567,0.6395889887090196,fading,186.31520726655148,3135,2000-2019,2020-2025
Healthcare AI,vector machine,1652,2247,73.1426547418755,53.74955148905633,-19.393103252819174,0.7366593678515008,fading,160.35637019013194,3899,2000-2019,2020-2025
Healthcare AI,support vector,1652,2248,73.1426547418755,53.773472072718576,-19.369182669156928,0.7369841875330574,fading,160.1635431190393,3900,2000-2019,2020-2025
Healthcare AI,breast lesion,848,765,37.545382095103164,18.29924650161464,-19.246135593488525,0.4941268944183977,fading,142.16101951393043,1613,2000-2019,2020-2025
Healthcare AI,feature extraction,1356,1785,60.03719118037723,42.698241837100824,-17.338949343276404,0.713581865871294,fading,139.62388042436,3141,2000-2019,2020-2025
Healthcare AI,lesion carcinoma,673,458,29.797219516514655,10.955627317306542,-18.841592199208115,0.37810820597125144,fading,132.4892012479612,1131,2000-2019,2020-2025
Healthcare AI,expression cancer,1278,1698,56.58372443106349,40.617151058485824,-15.966573372577663,0.720295521504391,fading,127.71137316879403,2976,2000-2019,2020-2025
Healthcare AI,gene expression,1295,1783,57.33640308155495,42.650400669776346,-14.686002411778603,0.746076836917574,fading,117.96326050469354,3078,2000-2019,2020-2025
Healthcare AI,aesthetic perception,476,177,21.075002213760737,4.233943308216721,-16.841058905544017,0.2194179755493776,fading,109.18239279685615,653,2000-2019,2020-2025
Healthcare AI,art aesthetic,472,173,20.89790135482157,4.138260973567755,-16.759640381253817,0.21676242434506876,fading,108.44827266259206,645,2000-2019,2020-2025
Healthcare AI,receiver operating,800,878,35.42017178783317,21.002272455447912,-14.417899332385257,0.5986127400073051,fading,107.06665227470214,1678,2000-2019,2020-2025
Healthcare AI,operating characteristic,800,878,35.42017178783317,21.002272455447912,-14.417899332385257,0.5986127400073051,fading,107.06665227470214,1678,2000-2019,2020-2025
Healthcare AI,digital mammogram,433,138,19.171167980164704,3.3010405453893075,-15.870127434775396,0.19322902174502615,fading,100.76164489429871,571,2000-2019,2020-2025
Healthcare AI,engineering drawing,441,162,19.525369698043036,3.8751345532831003,-15.650235144759936,0.2184795896033149,fading,100.21744196459736,603,2000-2019,2020-2025
Healthcare AI,nuclear medicine,462,230,20.455149207473657,5.5017342423155124,-14.953414965158144,0.2864085663572843,fading,97.81073587743467,692,2000-2019,2020-2025
Healthcare AI,cancer incidence,610,561,27.007880988222794,13.419447434517402,-13.588433553705393,0.5060167099194905,fading,96.02221688315991,1171,2000-2019,2020-2025
Healthcare AI,global cancer,605,553,26.786504914548836,13.22808276521947,-13.558422149329365,0.5031088740830205,fading,95.65890992558563,1158,2000-2019,2020-2025
Healthcare AI,incidence screening,605,553,26.786504914548836,13.22808276521947,-13.558422149329365,0.5031088740830205,fading,95.65890992558563,1158,2000-2019,2020-2025
Healthcare AI,false positive,471,290,20.853626140086778,6.936969262049994,-13.916656878036784,0.34827664459708346,fading,92.35019127648108,761,2000-2019,2020-2025
Healthcare AI,set abstract,733,840,32.45373240060214,20.09329027628274,-12.360442124319402,0.624915260764406,fading,90.98985494526143,1573,2000-2019,2020-2025
Healthcare AI,abstract data,737,850,32.63083325954131,20.332496112905154,-12.298337146636158,0.6287948132697697,fading,90.64158128141207,1587,2000-2019,2020-2025
Healthcare AI,data type,744,875,32.94075976268485,20.930510704461188,-12.01024905822366,0.6408499943345966,fading,88.75791953845847,1619,2000-2019,2020-2025
Healthcare AI,digital image,431,245,19.082617550695122,5.860542997249133,-13.222074553445989,0.3248055568048079,fading,86.17713548529932,676,2000-2019,2020-2025
Healthcare AI,computer graphic,491,402,21.73913043478261,9.616074632221027,-12.123055802561582,0.4548772561898018,fading,82.38472033021853,893,2000-2019,2020-2025
Healthcare AI,positive paradox,414,252,18.329938900203665,6.027987082884822,-12.301951817318843,0.3466812673945647,fading,79.99700982299458,666,2000-2019,2020-2025
Healthcare AI,computer-aided detection,323,50,14.300894359337644,1.196029183112068,-13.104865176225577,0.11458964181053496,fading,77.63657349459018,373,2000-2019,2020-2025
Healthcare AI,graphic image,429,313,18.994067121225537,7.487142686281545,-11.506924434943993,0.4097217187471865,fading,76.0687798489504,742,2000-2019,2020-2025
Healthcare AI,data compression,330,120,14.610820862481184,2.870470039468963,-11.740350823012221,0.22305009569913825,fading,71.75077060914258,450,2000-2019,2020-2025
Healthcare AI,image signal,346,161,15.319224298237847,3.8512139696208587,-11.468010328616987,0.2750586177670895,fading,71.45122559308655,507,2000-2019,2020-2025
Healthcare AI,signal denoising,340,155,15.053573009829098,3.7076904676474105,-11.345882542181688,0.2705288659389296,fading,70.41908145375349,495,2000-2019,2020-2025
Healthcare AI,region interest,359,203,15.894802089790135,4.855878483434996,-11.038923606355139,0.326681496617173,fading,69.91258999271933,562,2000-2019,2020-2025
Healthcare AI,texture cosmology,320,117,14.168068715133268,2.798708288482239,-11.36936042665103,0.2248904305362922,fading,69.15093898586251,437,2000-2019,2020-2025
Healthcare AI,computer aided,312,98,13.813866997254937,2.344217198899653,-11.469649798355285,0.1987036207228352,fading,69.03115644902921,410,2000-2019,2020-2025
Healthcare AI,cell image,1321,2091,58.487558664659524,50.01794043774668,-8.469618226912843,0.8564168713090488,fading,68.90328280072002,3412,2000-2019,2020-2025
Healthcare AI,image analysi,1621,2660,71.77012308509697,63.628752541562015,-8.141370543534954,0.8873480465233384,fading,68.07956904440537,4281,2000-2019,2020-2025
Healthcare AI,advanced data,313,112,13.858142211989728,2.6791053701710323,-11.179036841818697,0.2214148128102763,fading,67.682800508502,425,2000-2019,2020-2025
Healthcare AI,cluster analysi,585,704,25.901000619853008,16.840090898217916,-9.060909721635092,0.6567967308473348,fading,64.89783711400527,1289,2000-2019,2020-2025
Healthcare AI,fuzzy logic,344,223,15.230673868768264,5.334290156679823,-9.89638371208844,0.3708862192015336,fading,62.76406710831923,567,2000-2019,2020-2025
Healthcare AI,virtual microscopy,287,99,12.70698662888515,2.3681377825618943,-10.338848846323256,0.21716822036367914,fading,61.60325226343496,386,2000-2019,2020-2025
Healthcare AI,discriminant analysi,299,139,13.238289205702648,3.324961129051549,-9.913328076651098,0.2784161165761338,fading,60.317638864005225,438,2000-2019,2020-2025
Healthcare AI,linear discriminant,298,138,13.194013990967855,3.3010405453893075,-9.892973445578548,0.2775694948096559,fading,60.14861764997221,436,2000-2019,2020-2025
Healthcare AI,sensitivity control,327,212,14.477995218276808,5.071163736395168,-9.406831481881639,0.37195657063616827,fading,59.18373065243218,539,2000-2019,2020-2025
Healthcare AI,wavelet transform,281,109,12.441335340476401,2.607343619184308,-9.833991721292094,0.24010996836358306,fading,58.69622073170962,390,2000-2019,2020-2025
Healthcare AI,breast tissue,282,144,12.485610555211192,3.4445640473627557,-9.041046507848437,0.30376423431086047,fading,54.7596659515929,426,2000-2019,2020-2025
Healthcare AI,political science,892,1357,39.49349154343398,32.460232029661526,-7.033259513772457,0.8241398977097523,fading,54.28751819292208,2249,2000-2019,2020-2025
Healthcare AI,literature culture,262,115,11.600106260515364,2.7508671211577562,-8.849239139357607,0.2686643448550423,fading,52.51929800382314,377,2000-2019,2020-2025
Healthcare AI,infrared thermography,913,1411,40.42327105286461,33.751943547422556,-6.671327505442051,0.8369796124844457,fading,51.71263049687171,2324,2000-2019,2020-2025
Healthcare AI,thermography medicine,913,1411,40.42327105286461,33.751943547422556,-6.671327505442051,0.8369796124844457,fading,51.71263049687171,2324,2000-2019,2020-2025
Healthcare AI,social study,233,50,10.316125033206411,1.196029183112068,-9.120095850094344,0.15680561919403815,fading,51.51918650674388,283,2000-2019,2020-2025
Healthcare AI,contextual image,745,1093,32.98503497741964,26.145197942829807,-6.839837034589831,0.7957345112763891,fading,51.414899209016916,1838,2000-2019,2020-2025
Healthcare AI,signal processing,332,290,14.699371291950765,6.936969262049994,-7.762402029900771,0.48929453193820194,fading,49.94753695892667,622,2000-2019,2020-2025
Healthcare AI,feature vector,290,248,12.839812273089525,5.932304748235857,-6.907507524853668,0.48218855082479534,fading,43.446257635243185,538,2000-2019,2020-2025
Healthcare AI,image texture,208,67,9.209244664836625,1.602679105370171,-7.606565559466453,0.21656464307520387,fading,42.75194765555951,275,2000-2019,2020-2025
Healthcare AI,educational social,200,46,8.855042946958292,1.1003468484631025,-7.75469609849519,0.17106782486588593,fading,42.72363223914388,246,2000-2019,2020-2025
Healthcare AI,practice education,220,101,9.740547241654122,2.415978949886377,-7.324568291767745,0.2847483519264903,fading,42.296097149673,321,2000-2019,2020-2025
Healthcare AI,radiology practice,218,101,9.651996812184539,2.415978949886377,-7.236017862298162,0.28723205925228296,fading,41.73967376103326,319,2000-2019,2020-2025
Healthcare AI,wide web,556,792,24.617019392544055,18.945102260495155,-5.6719171320489,0.7741803259612644,fading,40.87818091323744,1348,2000-2019,2020-2025
Healthcare AI,world wide,556,792,24.617019392544055,18.945102260495155,-5.6719171320489,0.7741803259612644,fading,40.87818091323744,1348,2000-2019,2020-2025
Healthcare AI,breast masse,209,95,9.253519879571416,2.272455447912929,-6.981064431658487,0.28425178624178443,fading,39.93386508167117,304,2000-2019,2020-2025
Healthcare AI,treatment study,371,440,16.426104666607632,10.525056811386198,-5.901047855221433,0.6513640928344717,fading,39.534072113366335,811,2000-2019,2020-2025
Healthcare AI,advanced image,418,547,18.50703975914283,13.084559263246023,-5.422480495896808,0.7147119927873846,fading,37.2695968361207,965,2000-2019,2020-2025
"Knowledge, Logic & Reasoning",wide web,24086,3898,218.72105483009753,129.34266848060523,-89.3783863494923,0.5922910487828686,fading,915.1831881302443,27984,2000-2019,2020-2025
"Knowledge, Logic & Reasoning",world wide,24086,3899,218.72105483009753,129.3758502837044,-89.34520454639312,0.5924424110830132,fading,914.8466181349553,27985,2000-2019,2020-2025
"Knowledge, Logic & Reasoning",programming language,47076,10597,427.489511632553,351.6275674420148,-75.86194419053817,0.822748123193101,fading,831.6412472357202,57673,2000-2019,2020-2025
"Knowledge, Logic & Reasoning",web service,15872,2140,144.13105464848078,71.00905863224608,-73.1219960162347,0.49442395899031233,fading,716.5113974264128,18012,2000-2019,2020-2025
"Knowledge, Logic & Reasoning",architecture web,15027,2087,136.45774686257062,69.25042306798952,-67.2073237945811,0.5092842476298923,fading,655.1175392545113,17114,2000-2019,2020-2025
"Knowledge, Logic & Reasoning",information retrieval,26880,5460,244.09291513049163,181.17264492152503,-62.9202702089666,0.7427551400031424,fading,653.3698149992733,32340,2000-2019,2020-2025
"Knowledge, Logic & Reasoning",advanced database,14611,2304,132.68011841412252,76.45087434051166,-56.22924407361086,0.5777955092458585,fading,547.4487749060359,16915,2000-2019,2020-2025
"Knowledge, Logic & Reasoning",system query,14611,2305,132.68011841412252,76.48405614361084,-56.196062270511675,0.5780446590701289,fading,547.1290383341907,16916,2000-2019,2020-2025
"Knowledge, Logic & Reasoning",logic programming,38854,9167,352.8268647500045,304.1775890101868,-48.64927573981771,0.8623108498295499,fading,524.4107092107142,48021,2000-2019,2020-2025
"Knowledge, Logic & Reasoning",programming type,37170,8727,337.534734203883,289.5775956465474,-47.957138557335554,0.8581295538451661,fading,514.7804051570877,45897,2000-2019,2020-2025
"Knowledge, Logic & Reasoning",method verification,16011,3433,145.39329107716895,113.91313003948635,-31.480161037682606,0.7842247521784161,fading,310.87745866536187,19444,2000-2019,2020-2025
"Knowledge, Logic & Reasoning",semantic computer,12597,2593,114.39131145456857,86.0404154361748,-28.35089601839377,0.7532372495408014,fading,272.9754236588408,15190,2000-2019,2020-2025
"Knowledge, Logic & Reasoning",web stack,4440,350,40.31891901709014,11.613631084713143,-28.705287932376997,0.2967651122667258,fading,243.26280289205707,4790,2000-2019,2020-2025
"Knowledge, Logic & Reasoning",theoretical computer,28244,7098,256.47917763934544,235.52443839798255,-20.954739241362887,0.9184574429965233,fading,219.4559588792014,35342,2000-2019,2020-2025
"Knowledge, Logic & Reasoning",social semantic,3414,230,31.001979622600388,7.631814712811495,-23.370164909788894,0.2581366253877425,fading,191.66133157421723,3644,2000-2019,2020-2025
"Knowledge, Logic & Reasoning",process computing,6478,1131,58.825666079439166,37.528619305173045,-21.29704677426612,0.6410146201182365,fading,190.3363593797087,7609,2000-2019,2020-2025
"Knowledge, Logic & Reasoning",data integration,5202,790,47.23851728083398,26.213624448352522,-21.02489283248146,0.5595821983997288,fading,182.88182191432705,5992,2000-2019,2020-2025
"Knowledge, Logic & Reasoning",domain mathematical,7303,1396,66.31735711302011,46.32179712645585,-19.99555998656426,0.7007430277024845,fading,181.38129038330425,8699,2000-2019,2020-2025
"Knowledge, Logic & Reasoning",data mining,11989,2716,108.87016218375983,90.12177721737399,-18.748384966385842,0.8285786123743194,fading,179.90970560908912,14705,2000-2019,2020-2025
"Knowledge, Logic & Reasoning",data type,9461,2057,85.91380468934454,68.25496897501411,-17.658835714330436,0.7956479780306688,fading,165.14107207405345,11518,2000-2019,2020-2025
"Knowledge, Logic & Reasoning",abstract data,9006,1956,81.78202357385445,64.90360686199688,-16.878416711857568,0.7948711519386991,fading,157.00777923539238,10962,2000-2019,2020-2025
"Knowledge, Logic & Reasoning",upper ontology,4246,626,38.557236519496556,20.771808740086936,-17.78542777940962,0.5446316901982682,fading,151.0243382608746,4872,2000-2019,2020-2025
"Knowledge, Logic & Reasoning",ontology-based data,4340,672,39.41083525544396,22.298171682649237,-17.112663572794727,0.571227626200569,fading,145.7962968537526,5012,2000-2019,2020-2025
"Knowledge, Logic & Reasoning",knowledge management,8707,1913,79.0668531265324,63.476789328732124,-15.59006379780027,0.804063335607757,fading,144.52906541484327,10620,2000-2019,2020-2025
"Knowledge, Logic & Reasoning",set abstract,8721,1917,79.19398485316286,63.60951654112885,-15.584468312034012,0.8044461154659465,fading,144.50358147961632,10638,2000-2019,2020-2025
"Knowledge, Logic & Reasoning",mathematical analysi,8967,2008,81.42787090681244,66.62906062315426,-14.798810283658185,0.8193678156180715,fading,137.6802334935398,10975,2000-2019,2020-2025
"Knowledge, Logic & Reasoning",process ontology,3865,642,35.09743738762464,21.302717589673822,-13.794719797950815,0.6124799757988614,fading,116.06337692237976,4507,2000-2019,2020-2025
"Knowledge, Logic & Reasoning",semantic analytic,2193,177,19.914276892900602,5.873179148554932,-14.04109774434567,0.3121922555469652,fading,109.11431253331185,2370,2000-2019,2020-2025
"Knowledge, Logic & Reasoning",representation politic,4879,957,44.30540673071684,31.754985565915653,-12.550421164801186,0.7198904757135681,fading,108.83690400677413,5836,2000-2019,2020-2025
"Knowledge, Logic & Reasoning",context archaeology,5873,1255,53.331759321479815,41.64316288947141,-11.688596432008403,0.782868021046742,fading,103.7003655238552,7128,2000-2019,2020-2025
"Knowledge, Logic & Reasoning",web data,3179,500,28.86798278273188,16.590901549590203,-12.277081233141676,0.5819569452907575,fading,100.80303839694729,3679,2000-2019,2020-2025
"Knowledge, Logic & Reasoning",engineering methodology,2305,255,20.931330705944315,8.461359790291004,-12.469970915653311,0.4181429475028086,fading,97.86624072650287,2560,2000-2019,2020-2025
"Knowledge, Logic & Reasoning",description logic,7509,1737,68.18800966201123,57.636791983276375,-10.55121767873485,0.8463892354625856,fading,96.3542943937577,9246,2000-2019,2020-2025
"Knowledge, Logic & Reasoning",parallel computing,4508,901,40.93641597500954,29.896804592361548,-11.03961138264799,0.7335770692787228,fading,94.89654770866257,5409,2000-2019,2020-2025
"Knowledge, Logic & Reasoning",knowledge base,4291,855,38.96587421223734,28.37044164979925,-10.595432562438088,0.7315292572651864,fading,90.5503604816495,5146,2000-2019,2020-2025
"Knowledge, Logic & Reasoning",ontology language,2289,280,20.786037304080928,9.290904867770514,-11.495132436310413,0.4599684162863614,fading,90.25588508487412,2569,2000-2019,2020-2025
"Knowledge, Logic & Reasoning",mining analysi,2946,477,26.752147618096295,15.827720078309055,-10.92442753978724,0.5991351693496233,fading,88.90916075008228,3423,2000-2019,2020-2025
"Knowledge, Logic & Reasoning",computing optimization,3443,644,31.26532391347778,21.369081195872184,-9.896242717605595,0.6884576796836409,fading,82.29528535488603,4087,2000-2019,2020-2025
"Knowledge, Logic & Reasoning",search engine,2861,497,25.980276420697045,16.491356140292663,-9.488920280404383,0.6416608297567535,fading,77.04432594165883,3358,2000-2019,2020-2025
"Knowledge, Logic & Reasoning",functional programming,2516,400,22.847387443017745,13.272721239672164,-9.574666203345581,0.5899041712177105,fading,76.38966440297378,2916,2000-2019,2020-2025
"Knowledge, Logic & Reasoning",operational semantic,3304,642,30.003087484789596,21.302717589673822,-8.700369895115774,0.714770844116871,fading,72.04524935284878,3946,2000-2019,2020-2025
"Knowledge, Logic & Reasoning",representation reasoning,3420,676,31.05646464829916,22.430898895045956,-8.625565753253202,0.726662481067311,fading,71.74754458521646,4096,2000-2019,2020-2025
"Knowledge, Logic & Reasoning",knowledge representation,3537,720,32.11892264942518,23.890898231409896,-8.228024418015284,0.7477530295391199,fading,68.75793731887472,4257,2000-2019,2020-2025
"Knowledge, Logic & Reasoning",data management,7395,1803,67.15279417373459,59.82679098782228,-7.326003185912313,0.8917117426502903,fading,66.86333262772564,9198,2000-2019,2020-2025
"Knowledge, Logic & Reasoning",object grammar,2191,352,19.896115217667678,11.679994690911505,-8.216120526756173,0.5971722831003061,fading,64.4266509770692,2543,2000-2019,2020-2025
"Knowledge, Logic & Reasoning",simple philosophy,2624,477,23.82811790559561,15.827720078309055,-8.000397827286557,0.6711460435068668,fading,64.32161720264274,3101,2000-2019,2020-2025
"Knowledge, Logic & Reasoning",suggested upper,2008,300,18.234321933855178,9.954540929754122,-8.279781004101055,0.5580421307302031,fading,64.12334199242788,2308,2000-2019,2020-2025
"Knowledge, Logic & Reasoning",upper merged,2008,300,18.234321933855178,9.954540929754122,-8.279781004101055,0.5580421307302031,fading,64.12334199242788,2308,2000-2019,2020-2025
"Knowledge, Logic & Reasoning",merged ontology,2009,302,18.24340277147164,10.020904535952484,-8.222498235519156,0.5613124075829927,fading,63.69038785203082,2311,2000-2019,2020-2025
"Knowledge, Logic & Reasoning",data web,1246,83,11.31472367011133,2.754089657231974,-8.560634012879357,0.2754266412056771,fading,61.57607734654386,1329,2000-2019,2020-2025
"Knowledge, Logic & Reasoning",class philosophy,3280,678,29.785147381994516,22.497262501244318,-7.287884880750198,0.7593577872074984,fading,60.370992674198405,3958,2000-2019,2020-2025
"Knowledge, Logic & Reasoning",extension predicate,2787,548,25.308294437078874,18.183628098350866,-7.124666338728009,0.723938892742483,fading,57.79905347845266,3335,2000-2019,2020-2025
"Knowledge, Logic & Reasoning",predicate logic,3340,715,30.32999763898222,23.724989215913993,-6.605008423068227,0.7857603331530363,fading,54.8740965399662,4055,2000-2019,2020-2025
"Knowledge, Logic & Reasoning",object-oriented programming,1185,94,10.760792575507164,3.1190894913229585,-7.641703084184206,0.32138852279320684,fading,54.67344623907882,1279,2000-2019,2020-2025
"Knowledge, Logic & Reasoning",ontology alignment,2348,439,21.32180672345217,14.5668115605402,-6.754995162911969,0.6904474845498337,fading,53.587915486046995,2787,2000-2019,2020-2025
"Knowledge, Logic & Reasoning",linked data,3721,831,33.789796770854146,27.57407837541892,-6.215718395435225,0.8187297977595919,fading,52.358362697464926,4552,2000-2019,2020-2025
"Knowledge, Logic & Reasoning",business process,3827,861,34.75236555819909,28.569532468394332,-6.182833089804756,0.8246122496489675,fading,52.263331182186846,4688,2000-2019,2020-2025
"Knowledge, Logic & Reasoning",schema genetic,2259,425,20.513612175587078,14.102266317151674,-6.4113458584354035,0.694895584592358,fading,50.620370943655544,2684,2000-2019,2020-2025
"Knowledge, Logic & Reasoning",web standard,1013,63,9.198888505475745,2.090453595248366,-7.108434910227379,0.2670876764678614,fading,49.6306282000256,1076,2000-2019,2020-2025
"Knowledge, Logic & Reasoning",mining ontology,7005,1754,63.61126750331451,58.20088263596244,-5.410384867352072,0.915609454031269,fading,49.115209712098064,8759,2000-2019,2020-2025
"Knowledge, Logic & Reasoning",biomedical text,7006,1755,63.62034834093097,58.23406443906162,-5.386283901869348,0.9159972763524268,fading,48.897651928782864,8761,2000-2019,2020-2025
"Knowledge, Logic & Reasoning",semantic computing,1488,213,13.512286373295073,7.067724060125427,-6.444562313169645,0.5400777473794829,fading,47.944703550231,1701,2000-2019,2020-2025
"Knowledge, Logic & Reasoning",text mining,7145,1800,64.88258476961914,59.72724557852474,-5.155339191094406,0.9211511871355398,fading,46.908234283288316,8945,2000-2019,2020-2025
"Knowledge, Logic & Reasoning",process modeling,3678,840,33.39932075334629,27.872714603311543,-5.526606150034745,0.836970003315208,fading,46.51217163458775,4518,2000-2019,2020-2025
"Knowledge, Logic & Reasoning",logic program,1381,190,12.540636748333666,6.304542588844278,-6.236094159489388,0.5217952712097255,fading,45.89830139919229,1571,2000-2019,2020-2025
"Knowledge, Logic & Reasoning",web rule,977,71,8.871978351283122,2.355908020041809,-6.516070331241313,0.3047284055720002,fading,45.323130631772486,1048,2000-2019,2020-2025
"Knowledge, Logic & Reasoning",service business,1176,134,10.67906503695901,4.446361615290175,-6.232703421668835,0.4424664852505153,fading,44.741744999259375,1310,2000-2019,2020-2025
"Knowledge, Logic & Reasoning",rule language,984,77,8.935544214598355,2.5549988386368914,-6.380545375961464,0.32377558402093015,fading,44.45906083767635,1061,2000-2019,2020-2025
"Knowledge, Logic & Reasoning",ontology inference,1017,89,9.235211855941593,2.9531804758270566,-6.282031380114536,0.3547103573015221,fading,44.0333268713308,1106,2000-2019,2020-2025
"Knowledge, Logic & Reasoning",type biology,3498,799,31.764769982383175,26.51226067624515,-5.252509306138027,0.8372060513989117,fading,43.94199427227326,4297,2000-2019,2020-2025
"Knowledge, Logic & Reasoning",library science,2519,525,22.874629955867128,17.420446627069715,-5.454183328797413,0.7666622599333004,fading,43.7494017337546,3044,2000-2019,2020-2025
"Knowledge, Logic & Reasoning",inference layer,1011,89,9.180726830242822,2.9531804758270566,-6.227546354415765,0.3567067366304809,fading,43.61757360156963,1100,2000-2019,2020-2025
"Knowledge, Logic & Reasoning",modeling analysi,3680,857,33.41748242857921,28.436805255997612,-4.980677172581601,0.8531530993472313,fading,41.93850545017836,4537,2000-2019,2020-2025
"Knowledge, Logic & Reasoning",semantic search,1099,126,9.979840540491455,4.180907190496732,-5.798933349994724,0.44665824564895706,fading,41.23918478124113,1225,2000-2019,2020-2025
"Knowledge, Logic & Reasoning",programming paradigm,1323,196,12.013948166578885,6.50363340743936,-5.510314759139525,0.5596661672408095,fading,40.37113160427255,1519,2000-2019,2020-2025
"Knowledge, Logic & Reasoning",term time,1573,269,14.28415757069432,8.92590503367953,-5.35825253701479,0.6375679499225504,fading,40.289504336878984,1842,2000-2019,2020-2025
"Knowledge, Logic & Reasoning",session detail,726,16,6.592688109551225,0.5309088495868866,-6.0617792599643385,0.14534811536385395,fading,40.0725801777984,742,2000-2019,2020-2025
"Knowledge, Logic & Reasoning",semigroup automata,2280,474,20.704309765532773,15.728174669011514,-4.97613509652126,0.7653243537967043,fading,39.416825585495964,2754,2000-2019,2020-2025
"Knowledge, Logic & Reasoning",automata theory,2312,484,20.99489656925955,16.059992700003317,-4.934903869256232,0.7704150911656967,fading,39.164890868271,2796,2000-2019,2020-2025
"Knowledge, Logic & Reasoning",domain knowledge,2610,568,23.70098617896515,18.847264160334472,-4.853722018630677,0.7994411474500406,fading,39.14197706699968,3178,2000-2019,2020-2025
NLP & Language AI,speech dialogue,31925,19210,167.29812867151924,96.77143101824099,-70.52669765327825,0.5796931812550725,fading,764.667666525227,51135,2000-2019,2020-2025
NLP & Language AI,language acquisition,20763,8598,108.80535773239636,43.31289765199563,-65.49246008040073,0.40083028463489656,fading,673.7508407239638,29361,2000-2019,2020-2025
NLP & Language AI,speech recognition,47561,38084,249.23621919330074,191.8502435657829,-57.38597562751784,0.7702136445691125,fading,651.7886372642826,85645,2000-2019,2020-2025
NLP & Language AI,linguistic study,18786,7184,98.44518857394394,36.18979492113708,-62.25539365280686,0.37080928794953966,fading,632.8096292211037,25970,2000-2019,2020-2025
NLP & Language AI,study language,18901,7317,99.04782866156256,36.859789732455454,-62.18803892910711,0.3752948731756801,fading,632.7160094236376,26218,2000-2019,2020-2025
NLP & Language AI,recognition synthesi,35713,27184,187.14856912281806,136.9408943675098,-50.20767475530826,0.7324377425844011,fading,554.7581366540331,62897,2000-2019,2020-2025
NLP & Language AI,word group,20821,11914,109.10929795049967,60.017429940204224,-49.09186801029544,0.5521194923402787,fading,510.3703837949269,32735,2000-2019,2020-2025
NLP & Language AI,group theory,20980,12208,109.94251337598978,61.4984711020659,-48.44404227392388,0.561364181300354,fading,504.30120961215204,33188,2000-2019,2020-2025
NLP & Language AI,audio processing,21085,13571,110.49274997772852,68.3646585293362,-42.128091448392325,0.6204428536382275,fading,440.37568275943295,34656,2000-2019,2020-2025
NLP & Language AI,speech audio,18541,11339,97.16130316988686,57.120835831121006,-40.04046733876586,0.5900068293261108,fading,412.616139275541,29880,2000-2019,2020-2025
NLP & Language AI,semantic web,12374,5879,64.84407342776441,29.615785682261258,-35.22828774550315,0.46088013958225615,fading,345.66487416569146,18253,2000-2019,2020-2025
NLP & Language AI,pattern recognition,16811,11151,88.0955001126675,56.173775496325106,-31.921724616342388,0.639691354800782,fading,326.8349662979316,27962,2000-2019,2020-2025
NLP & Language AI,recognition psychology,16770,11140,87.88064582055998,56.118362391629596,-31.76228342893038,0.6406194689568389,fading,325.1433856444354,27910,2000-2019,2020-2025
NLP & Language AI,web ontology,11357,5345,59.514638913780544,26.925731327043106,-32.588907586737434,0.4569840262880532,fading,316.87314676371216,16702,2000-2019,2020-2025
NLP & Language AI,information retrieval,35441,31539,185.7231943068853,158.87944627195745,-26.84374803492784,0.8558517474966579,fading,298.29213794945673,66980,2000-2019,2020-2025
NLP & Language AI,hidden markov,6923,1229,36.27893327464143,6.191155060979603,-30.087778213661828,0.1819290138464419,fading,270.9747800896277,8152,2000-2019,2020-2025
NLP & Language AI,language study,7686,3246,40.27731924727633,16.35190344014629,-23.92541580713004,0.4132665842488381,fading,222.4953856575812,10932,2000-2019,2020-2025
NLP & Language AI,music audio,12486,8730,65.43099246961908,43.97785490834169,-21.453137561277394,0.6746122459606084,fading,213.72812779641288,21216,2000-2019,2020-2025
NLP & Language AI,data type,13075,9721,68.51755778794406,48.970071885909455,-19.5474859020346,0.7167751724554771,fading,196.1469842194859,22796,2000-2019,2020-2025
NLP & Language AI,abstract data,13057,9702,68.42323151336026,48.8743583414354,-19.54887317192486,0.7163674316672826,fading,196.12915061958404,22759,2000-2019,2020-2025
NLP & Language AI,set abstract,12955,9614,67.88871595738549,48.43105350387136,-19.457662453514125,0.7154843137332975,fading,195.05094143960827,22569,2000-2019,2020-2025
NLP & Language AI,phonetic phonology,5785,2325,30.315416581511002,11.712315310640827,-18.603101270870177,0.39630537780781183,fading,167.44607632575756,8110,2000-2019,2020-2025
NLP & Language AI,phonology research,5779,2324,30.283974489983073,11.707277755668509,-18.576696734314567,0.39654651349976544,fading,167.19237062876223,8103,2000-2019,2020-2025
NLP & Language AI,data compression,4742,1147,24.849733004239443,5.778075553249475,-19.071657450989967,0.247658448797056,fading,165.5612733963666,5889,2000-2019,2020-2025
NLP & Language AI,wide web,23813,21972,124.78842092575998,110.68515785178506,-14.103263073974915,0.8874336273873876,fading,151.35246285666707,45785,2000-2019,2020-2025
NLP & Language AI,world wide,23813,21972,124.78842092575998,110.68515785178506,-14.103263073974915,0.8874336273873876,fading,151.35246285666707,45785,2000-2019,2020-2025
NLP & Language AI,advanced text,32179,30875,168.6291772128682,155.53450977033788,-13.094667442530323,0.9225759407198605,fading,144.71915642968756,63054,2000-2019,2020-2025
NLP & Language AI,linguistic language,5235,2371,27.433224858117562,11.944042839367485,-15.489182018750077,0.44549252378037446,fading,138.42409600631555,7606,2000-2019,2020-2025
NLP & Language AI,linguistic variation,4635,1739,24.28901570532472,8.760308096862108,-15.52870760846261,0.3735649776071173,fading,136.03364288652534,6374,2000-2019,2020-2025
NLP & Language AI,machine translation,12516,10337,65.58820292725872,52.07320574885773,-13.51499717840099,0.7955006100971374,fading,135.64842428352077,22853,2000-2019,2020-2025
NLP & Language AI,speaker recognition,6253,3685,32.76789972068942,18.56339007299417,-14.20450964769525,0.5730265581249959,fading,130.74145580888091,9938,2000-2019,2020-2025
NLP & Language AI,programming language,24473,23235,128.24705099383212,117.04758978182349,-11.199461212008629,0.9130119010450565,fading,120.65039949336426,47708,2000-2019,2020-2025
NLP & Language AI,literature culture,3761,1134,19.70895103942314,5.712587338609333,-13.99636370081381,0.3074176055199483,fading,118.91553890872763,4895,2000-2019,2020-2025
NLP & Language AI,feature linguistic,8704,6616,45.61199410984819,33.32846369686009,-12.2835304129881,0.7336152849142412,fading,118.37613342243046,15320,2000-2019,2020-2025
NLP & Language AI,semantic linguistic,3888,1364,20.374475310097626,6.871224982242619,-13.503250327855007,0.3531214496527695,fading,115.6763314939844,5252,2000-2019,2020-2025
NLP & Language AI,syntax semantic,3907,1392,20.4740419332694,7.01227652146754,-13.46176541180186,0.3581701870039381,fading,115.44085908180818,5299,2000-2019,2020-2025
NLP & Language AI,italian literature,3615,1095,18.943860145576885,5.516122694688906,-13.427737450887978,0.3094098933877315,fading,113.56717721804843,4710,2000-2019,2020-2025
NLP & Language AI,speech synthesi,5201,3087,27.25505300612597,15.550932199547628,-11.704120806578342,0.5783066671140905,fading,105.60259071713084,8288,2000-2019,2020-2025
NLP & Language AI,system negotiation,3350,1158,17.555167769760043,5.833488657944979,-11.721679111815064,0.3507853673092262,fading,98.62422331359718,4508,2000-2019,2020-2025
NLP & Language AI,similarity geometry,6357,4548,33.31289597384018,22.910800014105153,-10.402095959735025,0.6923630567525848,fading,96.70899738602326,10905,2000-2019,2020-2025
NLP & Language AI,rule-based machine,3016,824,15.804891341372029,4.150945297190556,-11.653946044181474,0.28524846929763026,fading,96.1857041586409,3840,2000-2019,2020-2025
NLP & Language AI,error rate,3933,1960,20.61029099655709,9.873607745744525,-10.736683250812565,0.4914005092320316,fading,93.21255736502196,5893,2000-2019,2020-2025
NLP & Language AI,lexicography language,3375,1323,17.686176484459747,6.664685228377555,-11.021491256082193,0.3939632519512743,fading,93.18786581686851,4698,2000-2019,2020-2025
NLP & Language AI,word error,3911,1947,20.495003327621355,9.808119531104383,-10.686883796516971,0.49097965693307893,fading,92.716563453741,5858,2000-2019,2020-2025
NLP & Language AI,web data,5426,3659,28.434131438423282,18.432413643713886,-10.001717794709396,0.6543280445105207,fading,91.1605572859739,9085,2000-2019,2020-2025
NLP & Language AI,mining analysi,5407,3674,28.33456481525151,18.507976968298667,-9.826587846952844,0.65920804042254,fading,89.56001013310156,9081,2000-2019,2020-2025
NLP & Language AI,data mining,18552,17607,97.21894700435473,88.69623039761422,-8.522716606740516,0.9127833765302371,fading,89.45195181290407,36159,2000-2019,2020-2025
NLP & Language AI,feature extraction,4507,2764,23.618251086062244,13.923801943488709,-9.694449142573536,0.5980451025250382,fading,86.20097332793377,7271,2000-2019,2020-2025
NLP & Language AI,human computer,9241,7876,48.426061301597784,39.675782961981575,-8.750278339616209,0.8211530193351074,fading,85.29671415166172,17117,2000-2019,2020-2025
NLP & Language AI,computer interaction,9157,7817,47.985872020206784,39.378567218614776,-8.607304801592008,0.8224780860287537,fading,83.83081888371476,16974,2000-2019,2020-2025
NLP & Language AI,cluster analysi,4161,2456,21.80509047461837,12.372235012014569,-9.432855462603802,0.577098533927144,fading,82.9860033170951,6617,2000-2019,2020-2025
NLP & Language AI,search engine,2903,1156,15.212731950929376,5.823413548000342,-9.389318402929034,0.40243883544556525,fading,78.01526684389854,4059,2000-2019,2020-2025
NLP & Language AI,probabilistic logic,2756,1010,14.442400708495128,5.087930522041821,-9.354470186453307,0.3739647082857939,fading,77.02502751009187,3766,2000-2019,2020-2025
NLP & Language AI,speech processing,4523,3099,23.702096663470055,15.611382859215452,-8.090713804254603,0.6657019465397603,fading,72.32228609327585,7622,2000-2019,2020-2025
NLP & Language AI,spanish linguistic,2578,944,13.509618659833253,4.755451893868792,-8.75416676596446,0.37513168784076983,fading,71.49587682220076,3522,2000-2019,2020-2025
NLP & Language AI,mel-frequency cepstrum,2543,927,13.326206459253669,4.669813459339375,-8.656392999914294,0.37391409383152224,fading,70.56862983842117,3470,2000-2019,2020-2025
NLP & Language AI,user interface,2450,844,12.838854040570778,4.2516963966369286,-8.58715764393385,0.3562297317434025,fading,69.55736328615995,3294,2000-2019,2020-2025
NLP & Language AI,interface matter,2233,653,11.701698396977367,3.289523396924069,-8.412175000053297,0.31057343606057486,fading,67.02798478305571,2886,2000-2019,2020-2025
NLP & Language AI,semantic computer,4807,3622,25.190355662458668,18.246024109738098,-6.94433155272057,0.7296911088362888,fading,62.77364653019078,8429,2000-2019,2020-2025
NLP & Language AI,semantic similarity,3206,1915,16.800557573089762,9.646917771990188,-7.153639801099574,0.586508135886514,fading,61.10138554143296,5121,2000-2019,2020-2025
NLP & Language AI,term time,3045,1740,15.956861450423682,8.765345651834426,-7.191515798589256,0.5630080607864564,fading,60.93695147425029,4785,2000-2019,2020-2025
NLP & Language AI,terminology study,2666,1322,13.970769335576202,6.659647673405236,-7.311121662170966,0.49476620816581834,fading,60.61867271033389,3988,2000-2019,2020-2025
NLP & Language AI,linguistic terminology,2665,1324,13.965528986988215,6.669722783349873,-7.2958062036383415,0.4956419353760972,fading,60.493516464566866,3989,2000-2019,2020-2025
NLP & Language AI,process computing,7960,7038,41.71317476038506,35.454311895178556,-6.258862865206503,0.851732003083546,fading,60.18359056691556,14998,2000-2019,2020-2025
NLP & Language AI,identification biology,5080,3990,26.62097082697941,20.099844339551357,-6.521126487428052,0.7595540908535264,fading,59.42596789201445,9070,2000-2019,2020-2025
NLP & Language AI,dependency uml,3469,2266,18.178769251730625,11.415099567274028,-6.763669684456596,0.6378953241884537,fading,58.53629685212622,5735,2000-2019,2020-2025
NLP & Language AI,selection genetic,3719,2570,19.488856398727645,12.946516278858892,-6.5423401198687525,0.6727006293223862,fading,57.2239932917182,6289,2000-2019,2020-2025
NLP & Language AI,advanced data,1744,446,9.1391679374512,2.2467495176541115,-6.892418419797089,0.2849571182365363,fading,53.017263668994694,2190,2000-2019,2020-2025
NLP & Language AI,historical linguistic,1882,691,9.862336042593553,3.480950485872177,-6.3813855567213755,0.3841750035425216,fading,50.114401633186766,2573,2000-2019,2020-2025
NLP & Language AI,meaning existential,3211,2185,16.8267593160297,11.007057614516219,-5.819701701513482,0.6641205896979572,fading,50.01217994420747,5396,2000-2019,2020-2025
NLP & Language AI,second language,2963,1944,15.52715286620866,9.793006866187428,-5.734146000021232,0.6422230418659701,fading,48.73233823359791,4907,2000-2019,2020-2025
NLP & Language AI,example-based machine,2144,1054,11.235307372646428,5.309582940823842,-5.925724431822586,0.49505162126092,fading,47.824113318988395,3198,2000-2019,2020-2025
NLP & Language AI,search behavior,2129,1042,11.156702143826607,5.249132281156018,-5.907569862670589,0.4932040134696897,fading,47.62752286118855,3171,2000-2019,2020-2025
NLP & Language AI,retrieval search,2125,1044,11.135740749474655,5.259207391100656,-5.876533358373999,0.49495837996912057,fading,47.37359649126325,3169,2000-2019,2020-2025
NLP & Language AI,data warehouse,2016,944,10.564542753383956,4.755451893868792,-5.809090859515163,0.47498138974260606,fading,46.433703309699034,2960,2000-2019,2020-2025
NLP & Language AI,adaptation eye,2940,1991,15.406624848684935,10.029771949886403,-5.376852898798532,0.6619739919720896,fading,45.72206789520961,4931,2000-2019,2020-2025
NLP & Language AI,dependency grammar,2059,1013,10.789877742667443,5.103043186958778,-5.686834555708665,0.4962890931744452,fading,45.667610594416935,3072,2000-2019,2020-2025
NLP & Language AI,measure data,1983,933,10.391611249980349,4.700038789173287,-5.691572460807062,0.4774352177858597,fading,45.409134999854004,2916,2000-2019,2020-2025
NLP & Language AI,fuzzy logic,2030,1010,10.637907633615788,5.087930522041821,-5.549977111573966,0.5017037944520795,fading,44.51049280276726,3040,2000-2019,2020-2025
NLP & Language AI,tree set,1967,940,10.30776567257254,4.735301673979517,-5.572463998593022,0.48440184887292936,fading,44.44163100422498,2907,2000-2019,2020-2025
"Optimization, Theory & Security",data compression,27370,7415,121.04567185433832,58.533312282917585,-62.51235957142074,0.48568831273287755,fading,653.6898865441002,34785,2000-2019,2020-2025
"Optimization, Theory & Security",metaheuristic optimization,41363,19081,182.93065856452304,150.6236185664667,-32.307039998056354,0.8238732813212241,fading,355.6840059923902,60444,2000-2019,2020-2025
"Optimization, Theory & Security",discrete mathematic,31623,13600,139.85485133539424,107.35712030312598,-32.49773103226826,0.7684602226209398,fading,348.35563201196044,45223,2000-2019,2020-2025
"Optimization, Theory & Security",coding theory,29998,12905,132.6681791847439,101.87085569940007,-30.79732348534384,0.7687336143372601,fading,328.5064368590881,42903,2000-2019,2020-2025
"Optimization, Theory & Security",theory cryptography,29937,12881,132.3984025686272,101.68140195768866,-30.71700061093854,0.7688685490777315,fading,327.5887393427849,42818,2000-2019,2020-2025
"Optimization, Theory & Security",data mining,16249,6018,71.86229893902606,47.50552573413325,-24.35677320489281,0.6634052046160622,fading,243.83336578269504,22267,2000-2019,2020-2025
"Optimization, Theory & Security",scheme mathematic,13633,4656,60.29286241834835,36.75402589201137,-23.53883652633698,0.6128026286317364,fading,231.0127248539907,18289,2000-2019,2020-2025
"Optimization, Theory & Security",set abstract,13868,5155,61.33216577551932,40.69308493842753,-20.63908083709179,0.6662080233123058,fading,203.36628768288503,19023,2000-2019,2020-2025
"Optimization, Theory & Security",data type,14026,5272,62.0309314369364,41.6166719292706,-20.414259507665797,0.6735334171656477,fading,201.4440047174209,19298,2000-2019,2020-2025
"Optimization, Theory & Security",abstract data,13941,5232,61.65501320136392,41.30091569308494,-20.354097508278983,0.672526857289247,fading,200.71807493981913,19173,2000-2019,2020-2025
"Optimization, Theory & Security",graph theory,19599,8611,86.67789998805907,67.97442374486896,-18.70347624319011,0.7854562194575464,fading,191.66326029672865,28210,2000-2019,2020-2025
"Optimization, Theory & Security",bayesian modeling,17657,7519,78.08927394709725,59.354278497000315,-18.73499545009694,0.7616087474900393,fading,189.85456406891075,25176,2000-2019,2020-2025
"Optimization, Theory & Security",modeling causal,17656,7519,78.08485137961992,59.354278497000315,-18.730572882619605,0.7616516090087413,fading,189.80900318759765,25175,2000-2019,2020-2025
"Optimization, Theory & Security",causal inference,17659,7525,78.0981190820519,59.40164193242816,-18.696477149623732,0.762125641580485,fading,189.47017156865647,25184,2000-2019,2020-2025
"Optimization, Theory & Security",theory cdma,13429,5259,59.390658652974395,41.51405115251026,-17.876607500464132,0.7015125914034958,fading,175.82877667803083,18688,2000-2019,2020-2025
"Optimization, Theory & Security",programming language,18942,8479,83.77227315545767,66.93242816545627,-16.839844990001396,0.8001733623710753,fading,172.08807492338087,27421,2000-2019,2020-2025
"Optimization, Theory & Security",mathematical analysi,17939,7953,79.33643797570241,62.78023365961478,-16.55620431608763,0.7926234594643816,fading,168.2396439938343,25892,2000-2019,2020-2025
"Optimization, Theory & Security",automata application,6499,1849,28.742266035124032,14.59583201768235,-14.146434017441683,0.5162333178813897,fading,127.7408428048607,8348,2000-2019,2020-2025
"Optimization, Theory & Security",function biology,8332,2942,36.84883222105761,23.223871171455635,-13.624961049601978,0.6351971336356776,fading,127.1255621939733,11274,2000-2019,2020-2025
"Optimization, Theory & Security",set theory,9424,3674,41.67827590629464,29.0022102936533,-12.676065612641338,0.6994645859683046,fading,120.17279290290494,13098,2000-2019,2020-2025
"Optimization, Theory & Security",simple philosophy,5420,1368,23.970315727092206,10.798863277549732,-13.171452449542475,0.4617375355333173,fading,116.21250121266505,6788,2000-2019,2020-2025
"Optimization, Theory & Security",theoretical computer,43409,23015,191.97923162312648,181.6782443953268,-10.30098722779968,0.946482604170153,fading,114.3803983459138,66424,2000-2019,2020-2025
"Optimization, Theory & Security",quantum optic,14754,6832,65.25056056042776,53.931165140511524,-11.319395419916233,0.8278433624985875,fading,112.96582944991721,21586,2000-2019,2020-2025
"Optimization, Theory & Security",genetic programming,5831,1670,25.787990960272076,13.1828228607515,-12.605168099520576,0.520497092433947,fading,112.47496869014327,7501,2000-2019,2020-2025
"Optimization, Theory & Security",bayesian network,5335,1375,23.594397491519725,10.854120618882224,-12.740276872637502,0.47123488449455625,fading,112.26099107116119,6710,2000-2019,2020-2025
"Optimization, Theory & Security",public-key cryptography,14577,6808,64.46776611694153,53.74171139880013,-10.726054718141405,0.8349019004465295,fading,106.94404041318104,21385,2000-2019,2020-2025
"Optimization, Theory & Security",group theory,7456,2722,32.974663110922414,21.487211872434482,-11.487451238487932,0.6568314608447933,fading,106.00714261379935,10178,2000-2019,2020-2025
"Optimization, Theory & Security",mechanic application,34920,18348,154.4360563081291,144.83738553836437,-9.598670769764738,0.9380475339408706,fading,104.46338818481405,53268,2000-2019,2020-2025
"Optimization, Theory & Security",state computer,10260,4385,45.37554231733691,34.61477739185349,-10.760764925483421,0.7654356900884679,fading,103.21642363230768,14645,2000-2019,2020-2025
"Optimization, Theory & Security",sequence biology,5091,1364,22.515291027052847,10.767287653931165,-11.748003373121682,0.48955660133461987,fading,103.06247527809461,6455,2000-2019,2020-2025
"Optimization, Theory & Security",evolutionary computation,5067,1356,22.409149407597088,10.704136406694031,-11.705013000903056,0.48906819748526054,fading,102.62716916137846,6423,2000-2019,2020-2025
"Optimization, Theory & Security",bayesian probability,6247,2079,27.627779030838564,16.41143037574992,-11.216348655088645,0.6012358941389815,fading,101.25287902988264,8326,2000-2019,2020-2025
"Optimization, Theory & Security",advanced multi-objective,15256,7283,67.47068943404403,57.49131670350489,-9.97937273053914,0.8531812342403454,fading,100.02371978903116,22539,2000-2019,2020-2025
"Optimization, Theory & Security",multi-objective optimization,15460,7404,68.37289319941799,58.44647931796653,-9.92641388145146,0.8558734297293127,fading,99.63501580406738,22864,2000-2019,2020-2025
"Optimization, Theory & Security",particle swarm,9808,4246,43.376541817586784,33.5175244711083,-9.859017346478481,0.7753009481133094,fading,94.16084708384814,14054,2000-2019,2020-2025
"Optimization, Theory & Security",quantum entanglement,23264,11914,102.88660979244891,94.04799494790022,-8.838614844548687,0.9145090949176841,fading,92.52442850833306,35178,2000-2019,2020-2025
"Optimization, Theory & Security",probabilistic logic,5628,1847,24.89020976237545,14.580044205873065,-10.310165556502383,0.5939314541709486,fading,91.96103884148268,7475,2000-2019,2020-2025
"Optimization, Theory & Security",residue arithmetic,6643,2446,29.379115751858585,19.308493842753393,-10.070621909105192,0.6629544865805219,fading,91.79301564289383,9089,2000-2019,2020-2025
"Optimization, Theory & Security",cryptography residue,6641,2446,29.370270616903937,19.308493842753393,-10.061776774150545,0.6631507995626773,fading,91.71017879943514,9087,2000-2019,2020-2025
"Optimization, Theory & Security",automata theory,4731,1323,20.923166735216462,10.443637511840858,-10.479529223375604,0.5108319254151705,fading,91.26244377076546,6054,2000-2019,2020-2025
"Optimization, Theory & Security",biological computing,5680,1909,25.12018327119626,15.069466371960846,-10.050716899235415,0.6077031614939683,fading,89.79900324591237,7589,2000-2019,2020-2025
"Optimization, Theory & Security",dna biological,5680,1909,25.12018327119626,15.069466371960846,-10.050716899235415,0.6077031614939683,fading,89.79900324591237,7589,2000-2019,2020-2025
"Optimization, Theory & Security",atomic interaction,12117,5632,53.58825012272625,44.45847805494159,-9.129772067784664,0.8312060004331956,fading,89.32697533658299,17749,2000-2019,2020-2025
"Optimization, Theory & Security",optic atomic,12116,5632,53.583827555248924,44.45847805494159,-9.125349500307337,0.8312739701903419,fading,89.28319019503029,17748,2000-2019,2020-2025
"Optimization, Theory & Security",swarm optimization,9884,4363,43.71265694586335,34.44111146195137,-9.271545483911979,0.790296577397178,fading,88.67650840025092,14247,2000-2019,2020-2025
"Optimization, Theory & Security",semigroup automata,4614,1292,20.40572634036964,10.198926428796968,-10.206799911572672,0.5117701367848192,fading,88.634762053538,5906,2000-2019,2020-2025
"Optimization, Theory & Security",algorithm graph,10264,4593,45.3932325872462,36.25670982001895,-9.136522767227255,0.8009178640912231,fading,87.76812127881863,14857,2000-2019,2020-2025
"Optimization, Theory & Security",block code,6167,2264,27.2739736326527,17.87180296810862,-9.40217066454408,0.6614754954080341,fading,84.99364149539879,8431,2000-2019,2020-2025
"Optimization, Theory & Security",signature topology,4784,1492,21.157562811514598,11.777707609725292,-9.379855201789306,0.5669016276936594,fading,82.02352676211623,6276,2000-2019,2020-2025
"Optimization, Theory & Security",string physic,3995,1056,17.668157071906524,8.335964635301547,-9.332192436604977,0.48634347448287013,fading,79.5806394704926,5051,2000-2019,2020-2025
"Optimization, Theory & Security",class philosophy,4908,1639,21.705961178702683,12.93811177770761,-8.767849400995074,0.6051578524146862,fading,77.0423468800432,6547,2000-2019,2020-2025
"Optimization, Theory & Security",data structure,3505,863,15.501099008018114,6.812440795705715,-8.688658212312399,0.4569961595788806,fading,72.8308478848383,4368,2000-2019,2020-2025
"Optimization, Theory & Security",network packet,3446,842,15.240167526856041,6.646668771708241,-8.593498755147799,0.45404019744481877,fading,71.87438123738991,4288,2000-2019,2020-2025
"Optimization, Theory & Security",information retrieval,5916,2306,26.163909195844557,18.203347016103567,-7.96056217974099,0.7014480464484328,fading,71.76200334067406,8222,2000-2019,2020-2025
"Optimization, Theory & Security",wireless communication,4152,1279,18.36250016584628,10.096305652036628,-8.266194513809653,0.5617657022595031,fading,71.08979085487876,5431,2000-2019,2020-2025
"Optimization, Theory & Security",fuzzy logic,3939,1166,17.42049329317642,9.204294284812125,-8.216199008364296,0.5415193726004867,fading,70.1513170151003,5105,2000-2019,2020-2025
"Optimization, Theory & Security",data management,3646,1009,16.124681022320697,7.9649510577833915,-8.159729964537306,0.5091797578803554,fading,68.91636113784405,4655,2000-2019,2020-2025
"Optimization, Theory & Security",implementation security,10108,4763,44.703312060783766,37.59867382380802,-7.104638236975745,0.8428292549133941,fading,68.25593289381625,14871,2000-2019,2020-2025
"Optimization, Theory & Security",cryptographic implementation,10101,4760,44.6723540884425,37.57499210609409,-7.09736198234841,0.8428826186819364,fading,68.18125429839573,14861,2000-2019,2020-2025
"Optimization, Theory & Security",authentication protocol,4112,1314,18.18559746675335,10.372592358699084,-7.813005108054266,0.5818702012629952,fading,67.1851386056402,5426,2000-2019,2020-2025
"Optimization, Theory & Security",advanced authentication,3827,1152,16.925165735716213,9.093779602147142,-7.831386133569071,0.5505703502425148,fading,66.67004029299028,4979,2000-2019,2020-2025
"Optimization, Theory & Security",protocol security,3835,1160,16.9605462755348,9.156930849384276,-7.8036154261505235,0.5530715188971654,fading,66.45865478520949,4995,2000-2019,2020-2025
"Optimization, Theory & Security",multi-swarm optimization,4644,1643,20.538403364689337,12.969687401326176,-7.568715963363161,0.6402428534065269,fading,66.19900469330406,6287,2000-2019,2020-2025
"Optimization, Theory & Security",process computing,5712,2273,25.261705430470606,17.942848121250396,-7.31885730922021,0.7159016770464443,fading,65.76319191991911,7985,2000-2019,2020-2025
"Optimization, Theory & Security",field mathematic,7182,3127,31.762879622135834,24.684243763814337,-7.078635858321498,0.7805950385946088,fading,65.41275074990232,10309,2000-2019,2020-2025
"Optimization, Theory & Security",representation politic,3717,1129,16.43868331321065,8.912219766340385,-7.526463546870264,0.5556641913837365,fading,63.87043697713059,4846,2000-2019,2020-2025
"Optimization, Theory & Security",tree set,3769,1172,16.668656822031462,9.251657720239974,-7.416999101791488,0.5679918831929986,fading,63.08547415229533,4941,2000-2019,2020-2025
"Optimization, Theory & Security",wide web,5077,1943,22.453375082370318,15.33785917271866,-7.115515909651657,0.6900013229376086,fading,63.01971180373659,7020,2000-2019,2020-2025
"Optimization, Theory & Security",world wide,5077,1943,22.453375082370318,15.33785917271866,-7.115515909651657,0.6900013229376086,fading,63.01971180373659,7020,2000-2019,2020-2025
"Optimization, Theory & Security",processing optimization,2970,693,13.135025407650158,5.47047679191664,-7.664548615733517,0.4378779366679291,fading,62.89766751366368,3663,2000-2019,2020-2025
"Optimization, Theory & Security",packet processing,2968,693,13.12618027269551,5.47047679191664,-7.65570348077887,0.43816217549098735,fading,62.82090156942989,3661,2000-2019,2020-2025
"Optimization, Theory & Security",advanced data,4850,1832,21.449452265017932,14.461635617303441,-6.9878166477144905,0.6816405000296356,fading,61.54395316270039,6682,2000-2019,2020-2025
"Optimization, Theory & Security",social science,3238,881,14.320273491572797,6.954531101989264,-7.365742389583533,0.5029955153140804,fading,61.3095555380654,4119,2000-2019,2020-2025
"Optimization, Theory & Security",pure mathematic,14139,7148,62.530681561873934,56.425639406378274,-6.10504215549566,0.9031417397969486,fading,60.84223236867833,21287,2000-2019,2020-2025
"Optimization, Theory & Security",coding social,3150,840,13.931087553568348,6.630880959898958,-7.30020659366939,0.4941333030812164,fading,60.531831899645525,3990,2000-2019,2020-2025
"Optimization, Theory & Security",error correcting,4742,1785,20.97181497746702,14.090622039785286,-6.881192937681734,0.6795243930285817,fading,60.44340716160035,6527,2000-2019,2020-2025
"Optimization, Theory & Security",correcting code,4727,1786,20.90547646530717,14.098515945689927,-6.806960519617244,0.6819991122061874,fading,59.77674636135485,6513,2000-2019,2020-2025
"Optimization, Theory & Security",upper lower,5350,2149,23.660736003679578,16.964003789074834,-6.696732214604744,0.7228258189823,fading,59.752653274335444,7499,2000-2019,2020-2025
"Optimization, Theory & Security",lower bound,5599,2301,24.761955305533075,18.16387748658036,-6.598077818952714,0.7388136532128394,fading,59.21606335997124,7900,2000-2019,2020-2025
"Optimization, Theory & Security",atomic physic,3702,1201,16.3723448010508,9.480580991474582,-6.891763809576219,0.5915349116652119,fading,58.56487514321663,4903,2000-2019,2020-2025
Reinforcement Learning & Agents,system negotiation,21174,4807,654.974016332591,227.45339263745623,-427.52062369513476,0.34776877032115866,fading,4345.815230880824,25981,2000-2019,2020-2025
Reinforcement Learning & Agents,reasoning knowledge,7042,1170,217.8297451125959,55.3610296205167,-162.46871549207918,0.2558562489582367,fading,1464.407468773308,8212,2000-2019,2020-2025
Reinforcement Learning & Agents,logic reasoning,7041,1170,217.79881217520415,55.3610296205167,-162.43778255468743,0.25589250378368195,fading,1464.1088762262198,8211,2000-2019,2020-2025
Reinforcement Learning & Agents,programming language,6063,1805,187.5463994060876,85.4074003974638,-102.1389990086238,0.4568415065047118,fading,916.2569158885698,7868,2000-2019,2020-2025
Reinforcement Learning & Agents,knowledge management,4304,600,133.13536253402623,28.390271600264978,-104.74509093376125,0.2161873253638904,fading,890.1248691711301,4904,2000-2019,2020-2025
Reinforcement Learning & Agents,semantic web,4530,834,140.1262063845583,39.46247752436832,-100.66372886018996,0.2841751800876033,fading,864.4650377512044,5364,2000-2019,2020-2025
Reinforcement Learning & Agents,web ontology,4479,827,138.5486265775798,39.13125768903189,-99.41736888854791,0.2850172537800674,fading,852.6810982634522,5306,2000-2019,2020-2025
Reinforcement Learning & Agents,network management,3376,237,104.4295966344964,11.214157282104665,-93.21543935239174,0.11163825705829071,fading,763.6740558938808,3613,2000-2019,2020-2025
Reinforcement Learning & Agents,mobile agent-based,3367,237,104.1512001979708,11.214157282104665,-92.93704291586613,0.11193524068471987,fading,761.1615422539895,3604,2000-2019,2020-2025
Reinforcement Learning & Agents,agent-based network,3366,237,104.12026726057907,11.214157282104665,-92.9061099784744,0.11196833643072293,fading,760.8824240792326,3603,2000-2019,2020-2025
Reinforcement Learning & Agents,business process,3533,439,109.28606780499877,20.772215387527208,-88.51385241747155,0.1937606092724877,fading,733.5387917069158,3972,2000-2019,2020-2025
Reinforcement Learning & Agents,process modeling,3487,432,107.86315268497897,20.44099555219078,-87.42215713278819,0.19324830473572563,fading,723.3175466505248,3919,2000-2019,2020-2025
Reinforcement Learning & Agents,modeling analysi,3476,432,107.52289037366988,20.44099555219078,-87.0818948214791,0.19385701937572908,fading,720.2575624115582,3908,2000-2019,2020-2025
Reinforcement Learning & Agents,wide web,2862,465,88.53006681514476,22.002460490205355,-66.52760632493941,0.2527512479231061,fading,539.5473231248774,3327,2000-2019,2020-2025
Reinforcement Learning & Agents,world wide,2862,465,88.53006681514476,22.002460490205355,-66.52760632493941,0.2527512479231061,fading,539.5473231248774,3327,2000-2019,2020-2025
Reinforcement Learning & Agents,distributed computing,3781,1142,116.95743627814898,54.036150279171004,-62.92128599897797,0.4643056413220604,fading,534.9490019856628,4923,2000-2019,2020-2025
Reinforcement Learning & Agents,web service,2077,137,64.24771096263301,6.482445348727169,-57.76526561390584,0.10784080618320015,fading,444.96628480437033,2214,2000-2019,2020-2025
Reinforcement Learning & Agents,architecture web,1945,131,60.16456322692403,6.19854263272452,-53.96602059419951,0.11041936637156212,fading,412.22915268779457,2076,2000-2019,2020-2025
Reinforcement Learning & Agents,political science,2852,846,88.22073744122741,40.03028295637362,-48.190454484853795,0.4568298700540298,fading,395.92399335315383,3698,2000-2019,2020-2025
Reinforcement Learning & Agents,human computer,6311,3216,195.2177678792378,152.17185577742026,-43.04591210181755,0.7800612965891894,fading,394.3862209973401,9527,2000-2019,2020-2025
Reinforcement Learning & Agents,computer interaction,6302,3216,194.9393714427122,152.17185577742026,-42.76751566529194,0.7811724661741041,fading,391.7951389800934,9518,2000-2019,2020-2025
Reinforcement Learning & Agents,auction theory,2284,452,70.6508290027221,21.38733793886628,-49.263491063855824,0.3076188745183687,fading,389.90169878316055,2736,2000-2019,2020-2025
Reinforcement Learning & Agents,process management,1780,187,55.0606285572878,8.848301315415917,-46.21232724187188,0.1682540597210309,fading,350.5100155179546,1967,2000-2019,2020-2025
Reinforcement Learning & Agents,process computing,3688,1548,114.08067310071765,73.24690072868364,-40.833772372034005,0.6436242582015496,fading,349.6801768927898,5236,2000-2019,2020-2025
Reinforcement Learning & Agents,intelligent agent,1615,180,49.956693887651575,8.517081480079494,-41.439612407572085,0.17870932051468144,fading,310.52016243982166,1795,2000-2019,2020-2025
Reinforcement Learning & Agents,argumentation theory,2542,873,78.63152684978965,41.30784517838554,-37.32368167140411,0.5283336091536148,fading,303.6738926181466,3415,2000-2019,2020-2025
Reinforcement Learning & Agents,management science,1715,373,53.04998762682504,17.64928551149806,-35.40070211532698,0.3389223100848385,fading,270.6185702381273,2088,2000-2019,2020-2025
Reinforcement Learning & Agents,computer security,2379,879,73.5894580549369,41.59174789438819,-31.997710160548706,0.568120607160838,fading,258.8350988092041,3258,2000-2019,2020-2025
Reinforcement Learning & Agents,software agent,1141,63,35.29448156396931,2.9809785180278223,-32.31350304594149,0.09724902739007042,fading,229.23957930241383,1204,2000-2019,2020-2025
Reinforcement Learning & Agents,operation research,1377,304,42.59465478841871,14.384404277467588,-28.21025051095112,0.3453886415970928,fading,209.53837342135455,1681,2000-2019,2020-2025
Reinforcement Learning & Agents,order exchange,1216,217,37.61445186834942,10.267814895429167,-27.34663697292025,0.2825126524873589,fading,198.7614563978723,1433,2000-2019,2020-2025
Reinforcement Learning & Agents,domain mathematical,1822,654,56.35981192774066,30.945396044288824,-25.414415883451834,0.5530337681076167,fading,198.60866440446824,2476,2000-2019,2020-2025
Reinforcement Learning & Agents,problem solving,1562,490,48.31724820588963,23.18538847354973,-25.131859732339905,0.4851848341318872,fading,191.68213717502255,2052,2000-2019,2020-2025
Reinforcement Learning & Agents,context archaeology,1930,768,59.700569166048005,36.33954764833917,-23.361021517708835,0.6119468330395119,fading,184.56694192031185,2698,2000-2019,2020-2025
Reinforcement Learning & Agents,solving planning,1507,483,46.61593664934422,22.854168638213306,-23.761768011130915,0.49567450631459237,fading,180.50371165071368,1990,2000-2019,2020-2025
Reinforcement Learning & Agents,ai-based problem,1506,483,46.58500371195249,22.854168638213306,-23.730835073739183,0.49600014435774314,fading,180.25681087565692,1989,2000-2019,2020-2025
Reinforcement Learning & Agents,mathematical analysi,2030,880,62.79386290522148,41.63906501372197,-21.154797891499513,0.6657685765967947,fading,168.7359978016188,2910,2000-2019,2020-2025
Reinforcement Learning & Agents,semantic computer,1226,356,37.92378124226676,16.844894482823886,-21.078886759442877,0.4514104005918145,fading,155.28978309332123,1582,2000-2019,2020-2025
Reinforcement Learning & Agents,software development,820,118,25.36500866122247,5.583420081385445,-19.781588579837024,0.23519884184326123,fading,135.40132371459785,938,2000-2019,2020-2025
Reinforcement Learning & Agents,risk analysi,896,182,27.715911902994307,8.611715718747043,-19.104196184247265,0.32292827359515874,fading,133.4196936058688,1078,2000-2019,2020-2025
Reinforcement Learning & Agents,analysi engineering,894,181,27.65404602821084,8.564398599413268,-19.08964742879757,0.3219572274027891,fading,133.26493828878964,1075,2000-2019,2020-2025
Reinforcement Learning & Agents,protocol science,775,91,23.973026478594406,4.305857859373521,-19.667168619220885,0.19637366320740984,fading,133.04916227194443,866,2000-2019,2020-2025
Reinforcement Learning & Agents,speech dialogue,854,186,26.416728532541452,8.800984196082142,-17.615744336459308,0.34554660626151334,fading,122.39308306652983,1040,2000-2019,2020-2025
Reinforcement Learning & Agents,work physic,853,191,26.385795595149716,9.037569792751018,-17.348225802398698,0.3547438184969176,fading,120.60091323482224,1044,2000-2019,2020-2025
Reinforcement Learning & Agents,service business,648,53,20.044543429844097,2.5078073246900727,-17.536736105154024,0.14640419413364872,fading,114.93460055715445,701,2000-2019,2020-2025
Reinforcement Learning & Agents,complex analysi,997,347,30.840138579559515,16.41904040881991,-14.421098170739604,0.539852124963313,fading,103.8917441771145,1344,2000-2019,2020-2025
Reinforcement Learning & Agents,argument complex,997,347,30.840138579559515,16.41904040881991,-14.421098170739604,0.539852124963313,fading,103.8917441771145,1344,2000-2019,2020-2025
Reinforcement Learning & Agents,set abstract,2563,1420,79.28111853501609,67.19030945396044,-12.090809081055653,0.8484502435780094,fading,100.23331048576154,3983,2000-2019,2020-2025
Reinforcement Learning & Agents,autonomou agent,848,256,26.23113090819104,12.113182549446389,-14.117948358744652,0.4718536822391385,fading,98.93294358647958,1104,2000-2019,2020-2025
Reinforcement Learning & Agents,game theory,1488,703,46.02821083890126,33.2639348916438,-12.76427594725746,0.7256658763120649,fading,98.19008173143595,2191,2000-2019,2020-2025
Reinforcement Learning & Agents,abstract data,2566,1429,79.3739173471913,67.61616352796442,-11.757753819226878,0.8527960789988682,fading,97.5076301961486,3995,2000-2019,2020-2025
Reinforcement Learning & Agents,data type,2569,1431,79.4667161593665,67.71079776663197,-11.755918392734529,0.8529898568136018,fading,97.50710932661558,4000,2000-2019,2020-2025
Reinforcement Learning & Agents,decision support,535,56,16.549121504578075,2.649758682691398,-13.899362821886676,0.18474609860957447,fading,88.72667479417368,591,2000-2019,2020-2025
Reinforcement Learning & Agents,agent architecture,508,37,15.713932195001238,1.7507334153496734,-13.963198779651565,0.13881477906041664,fading,88.00472159073006,545,2000-2019,2020-2025
Reinforcement Learning & Agents,mechanism biology,654,160,20.230141054194505,7.5707390934039935,-12.659401960790511,0.3893238870061124,fading,84.85835274430903,814,2000-2019,2020-2025
Reinforcement Learning & Agents,focu optic,908,352,28.087107151695125,16.655626005488784,-11.431481146206341,0.600117595475956,fading,81.61689252090021,1260,2000-2019,2020-2025
Reinforcement Learning & Agents,fuzzy logic,606,140,18.74536005939124,6.624396706728494,-12.120963352662745,0.3701877587502954,fading,80.19308364782273,746,2000-2019,2020-2025
Reinforcement Learning & Agents,data science,970,403,30.004949269982678,19.06879909151131,-10.936150178471369,0.6414958739422425,fading,79.01895049810966,1373,2000-2019,2020-2025
Reinforcement Learning & Agents,agent-oriented software,409,14,12.6515713932195,0.6624396706728495,-11.98913172254665,0.08838789190409319,fading,72.53105128107322,423,2000-2019,2020-2025
Reinforcement Learning & Agents,access control,561,140,17.353377876763176,6.624396706728494,-10.728981170034682,0.3990503509143307,fading,70.31702808145424,701,2000-2019,2020-2025
Reinforcement Learning & Agents,engineering methodology,562,141,17.38431081415491,6.67171382606227,-10.712596988092642,0.40100588166842116,fading,70.24012406976966,703,2000-2019,2020-2025
Reinforcement Learning & Agents,control trust,554,139,17.136847315021033,6.577079587394719,-10.559767727626314,0.40126670379276225,fading,69.08698426745981,693,2000-2019,2020-2025
Reinforcement Learning & Agents,modeling language,391,24,12.094778520168274,1.135610864010599,-10.959167656157675,0.1298642021684988,fading,66.09129084872207,415,2000-2019,2020-2025
Reinforcement Learning & Agents,theoretical computer,2281,1322,70.5580301905469,62.553231759250494,-8.004798431296408,0.8873484332477132,fading,65.55769514062764,3603,2000-2019,2020-2025
Reinforcement Learning & Agents,data mining,738,292,22.828507795100222,13.816598845462288,-9.011908949637935,0.6136954395544004,fading,62.527188036646464,1030,2000-2019,2020-2025
Reinforcement Learning & Agents,intelligence law,608,203,18.80722593417471,9.605375224756317,-9.201850709418393,0.5233986104067556,fading,61.6478019578655,811,2000-2019,2020-2025
Reinforcement Learning & Agents,peer-to peer,371,35,11.47611977233358,1.6560991766821236,-9.820020595651457,0.18003320087554547,fading,59.00666923646831,406,2000-2019,2020-2025
Reinforcement Learning & Agents,plan archaeology,557,180,17.22964612719624,8.517081480079494,-8.712564647116746,0.5085877865462762,fading,57.53728749775903,737,2000-2019,2020-2025
Reinforcement Learning & Agents,unified modeling,331,15,10.238802276664192,0.7097567900066244,-9.529045486657568,0.11265286005269601,fading,55.73848189434689,346,2000-2019,2020-2025
Reinforcement Learning & Agents,peer network,343,32,10.609997525365008,1.5141478186807986,-9.09584970668421,0.1812914732053125,fading,53.93465167066084,375,2000-2019,2020-2025
Reinforcement Learning & Agents,engineering management,344,33,10.640930462756744,1.5614649380145738,-9.07946552474217,0.18503525759413803,fading,53.88566724212046,377,2000-2019,2020-2025
Reinforcement Learning & Agents,interface matter,397,82,12.280376144518684,3.8800037853695466,-8.400372359149138,0.3427132140588887,fading,51.862102138516875,479,2000-2019,2020-2025
Reinforcement Learning & Agents,supply chain,525,179,16.239792130660728,8.469764360745717,-7.770027769915011,0.5358348712297706,fading,50.95737904844694,704,2000-2019,2020-2025
Reinforcement Learning & Agents,flexibility engineering,530,183,16.3944568176194,8.659032838080817,-7.735423979538583,0.5421324246736817,fading,50.828565633623136,713,2000-2019,2020-2025
Reinforcement Learning & Agents,component thermodynamic,435,119,13.455827765404603,5.63073720071922,-7.825090564685383,0.43929584857136417,fading,49.446497765425015,554,2000-2019,2020-2025
Reinforcement Learning & Agents,jade particle,288,16,8.908685968819599,0.7570739093403993,-8.1516120594792,0.1336078080941743,fading,46.629762462173865,304,2000-2019,2020-2025
Reinforcement Learning & Agents,particle detector,288,16,8.908685968819599,0.7570739093403993,-8.1516120594792,0.1336078080941743,fading,46.629762462173865,304,2000-2019,2020-2025
Reinforcement Learning & Agents,agent based,295,24,9.125216530561742,1.135610864010599,-7.989605666551143,0.1699297734048111,fading,46.08661011447985,319,2000-2019,2020-2025
Reinforcement Learning & Agents,decision making,515,189,15.930462756743381,8.942935554083467,-6.987527202659914,0.5747212171615741,fading,45.82558554757521,704,2000-2019,2020-2025
Reinforcement Learning & Agents,argumentation framework,651,288,20.1373422420193,13.627330368127188,-6.510011873892113,0.6845518285471275,fading,44.56675927520802,939,2000-2019,2020-2025
Responsible AI,privacy,11966,16950,548.8487294743602,292.05506831848646,-256.79366115587374,0.5325489122336104,fading,2637.831977901745,28916,2000-2019,2020-2025
Responsible AI,computer security,11107,18242,509.4486744335382,314.31672898323484,-195.13194545030336,0.617349832966896,fading,2007.331655082563,29349,2000-2019,2020-2025
Responsible AI,data protection,5679,5891,260.48068984496837,101.50421282974654,-158.97647701522183,0.3908496559279562,fading,1487.4248151565387,11570,2000-2019,2020-2025
Responsible AI,privacy security,5529,5665,253.60058710210072,97.61014525216672,-155.990441849934,0.3861075110886889,fading,1454.3336017690945,11194,2000-2019,2020-2025
Responsible AI,security data,5411,5376,248.18823961104485,92.63056326136775,-155.55767634967708,0.3744872029615332,fading,1444.538089425768,10787,2000-2019,2020-2025
Responsible AI,information privacy,5637,7025,258.5542610769654,121.0434722676913,-137.51078880927412,0.4691815211315152,fading,1298.9873655724944,12662,2000-2019,2020-2025
Responsible AI,data security,6954,10818,318.9615631593432,186.3983320984889,-132.5632310608543,0.5850416878016291,fading,1297.1889778078764,17772,2000-2019,2020-2025
Responsible AI,data mining,7633,12738,350.105494908724,219.48067612040595,-130.62481878831804,0.6274307713793115,fading,1296.048569403376,20371,2000-2019,2020-2025
Responsible AI,cryptography,6721,10412,308.2744702320888,179.40279476885436,-128.87167546323442,0.5826349394547785,fading,1256.346776535777,17133,2000-2019,2020-2025
Responsible AI,cryptography data,6549,10064,300.3852857536006,173.40661991488187,-126.97866583871874,0.5779831322735288,fading,1233.9788006341719,16613,2000-2019,2020-2025
Responsible AI,internet privacy,5206,6883,238.78543252912576,118.59675724107035,-120.1886752880554,0.49771837751374154,fading,1129.7896462126303,12089,2000-2019,2020-2025
Responsible AI,privacy-preserving technology,15419,35674,707.2286946151729,614.6768440822234,-92.55185053294952,0.8692269350711087,fading,1003.3937011302105,51093,2000-2019,2020-2025
Responsible AI,traffic analysi,2893,3208,132.69424823410696,55.27508313661974,-77.41916509748722,0.41874993759931334,fading,674.8142324889429,6101,2000-2019,2020-2025
Responsible AI,analysi secure,2892,3210,132.64838088248786,55.30954391164257,-77.33883697084528,0.4191530046534936,fading,674.1267359698061,6102,2000-2019,2020-2025
Responsible AI,secure voting,2889,3207,132.5107788276305,55.25785274910833,-77.25292607852217,0.4191980021511285,fading,673.3019041162632,6096,2000-2019,2020-2025
Responsible AI,internet traffic,2889,3208,132.5107788276305,55.27508313661974,-77.23569569101076,0.4193275434384082,fading,673.1643985565476,6097,2000-2019,2020-2025
Responsible AI,law intellectual,4648,8261,213.1914503256582,142.3402312318004,-70.8512190938578,0.6684414889510879,fading,670.6604573769207,12909,2000-2019,2020-2025
Responsible AI,wide web,3684,5546,168.9753233648289,95.55972913830833,-73.41559422652058,0.5668065841746228,fading,670.3080638567054,9230,2000-2019,2020-2025
Responsible AI,world wide,3684,5547,168.9753233648289,95.57695952581973,-73.39836383900918,0.5669082531796987,fading,670.1586957190813,9231,2000-2019,2020-2025
Responsible AI,intellectual property,4665,8312,213.9711953031832,143.21898099488257,-70.75221430830064,0.6701085467058497,fading,670.0949925721044,12977,2000-2019,2020-2025
Responsible AI,information retrieval,2495,2816,114.4390422896982,48.52077123214501,-65.91827105755318,0.42649364615889673,fading,565.4287153304347,5311,2000-2019,2020-2025
Responsible AI,information sensitivity,1247,823,57.196587469039535,14.180608921894654,-43.01597854714488,0.25444501253687474,fading,328.4608438203632,2070,2000-2019,2020-2025
Responsible AI,location-based service,1099,324,50.408219429410146,5.5826455536985025,-44.82557387571164,0.11948258300671388,fading,325.48858178835843,1423,2000-2019,2020-2025
Responsible AI,crowdsensing crowdsourcing,2093,3403,96.00036693881296,58.63500870134569,-37.36535823746727,0.6127956874903994,fading,321.7888871220526,5496,2000-2019,2020-2025
Responsible AI,mobile crowdsensing,2093,3405,96.00036693881296,58.669469476368526,-37.33089746244443,0.6131527926094367,fading,321.50569219297506,5498,2000-2019,2020-2025
Responsible AI,privacy protection,1550,1844,71.09439500963214,31.772834571049504,-39.32156043858264,0.4507732004259215,fading,319.68660791032187,3394,2000-2019,2020-2025
Responsible AI,political science,3442,7273,157.87542427300247,125.31660837052225,-32.55881590248022,0.7944200241171485,fading,302.12931176551683,10715,2000-2019,2020-2025
Responsible AI,privacy software,1201,929,55.08668929456013,16.007029998104656,-39.079659296455475,0.2969601213454546,fading,299.52005511234995,2130,2000-2019,2020-2025
Responsible AI,service business,1059,756,48.57352536464545,13.02617295862984,-35.547352406015605,0.27563075727945646,fading,266.76125134623345,1815,2000-2019,2020-2025
Responsible AI,data publishing,969,500,44.44546371892487,8.615193755707566,-35.830269963217305,0.20280564491916667,fading,261.31079231277545,1469,2000-2019,2020-2025
Responsible AI,theoretical computer,2022,3801,92.74378497385561,65.49270293088891,-27.2510820429667,0.7077437166390493,fading,236.2598666081277,5823,2000-2019,2020-2025
Responsible AI,social network,847,320,38.84964682139253,5.513724003652842,-33.33592281773969,0.1528279029021289,fading,235.45322843268622,1167,2000-2019,2020-2025
Responsible AI,data quality,1191,1529,54.628015778368955,26.345262504953737,-28.282753273415217,0.486962248249233,fading,223.68135897695996,2720,2000-2019,2020-2025
Responsible AI,data anonymization,834,490,38.253371250344,8.442889880593414,-29.81048136975059,0.23076417849747796,fading,214.312550930191,1324,2000-2019,2020-2025
Responsible AI,personally identifiable,813,454,37.290156866342535,7.8225959301824695,-29.467560936160066,0.2202318439592114,fading,210.55150250884452,1267,2000-2019,2020-2025
Responsible AI,identifiable information,812,454,37.24428951472342,7.8225959301824695,-29.42169358454095,0.22049947256090124,fading,210.20055890260275,1266,2000-2019,2020-2025
Responsible AI,quality management,1060,1296,48.619392716264564,22.33058221479401,-26.288810501470554,0.46479772961920757,fading,204.13642286974792,2356,2000-2019,2020-2025
Responsible AI,private information,949,1029,43.52811668654252,17.730068749246172,-25.798047937296346,0.41405515659538333,fading,195.81613436336588,1978,2000-2019,2020-2025
Responsible AI,social media,719,388,32.97862581414549,6.685390354429071,-26.293235459716417,0.21462620342657787,fading,184.32378057315324,1107,2000-2019,2020-2025
Responsible AI,access control,901,994,41.326483808824875,17.12700518634664,-24.199478622478235,0.42143167632531325,fading,182.6456056263993,1895,2000-2019,2020-2025
Responsible AI,data type,1309,2189,60.04036326942482,37.71731826248772,-22.3230450069371,0.631270051889314,fading,182.16123719419443,3498,2000-2019,2020-2025
Responsible AI,set abstract,1290,2145,59.16888358866159,36.95918121198546,-22.209702376676134,0.6277841809512845,fading,180.83280224980564,3435,2000-2019,2020-2025
Responsible AI,abstract data,1292,2155,59.260618291899824,37.131485087099605,-22.12913320480022,0.6297037440825862,fading,180.25395282805033,3447,2000-2019,2020-2025
Responsible AI,service provider,675,365,30.96046234290432,6.289091441666523,-24.6713709012378,0.21579757371867592,fading,171.41513241825882,1040,2000-2019,2020-2025
Responsible AI,network sociolinguistic,576,167,26.419594532611686,2.877474714406327,-23.54211981820536,0.12546528924552308,fading,155.66146228493122,743,2000-2019,2020-2025
Responsible AI,location privacy,558,232,25.593982203467572,3.9974499026483103,-21.596532300819263,0.17235582777590205,fading,144.1200951138857,790,2000-2019,2020-2025
Responsible AI,control trust,712,754,32.657554352811665,12.99171218360701,-19.665842169204655,0.40689708414706866,fading,143.3831592466118,1466,2000-2019,2020-2025
Responsible AI,privacy design,569,437,26.098523071277864,7.5296793424884125,-18.568843728789453,0.3018844061743856,fading,128.39855737352377,1006,2000-2019,2020-2025
Responsible AI,association rule,454,109,20.82377763507935,1.8781122387442493,-18.945665396335098,0.11152396537994567,fading,120.02181811651232,563,2000-2019,2020-2025
Responsible AI,rule learning,449,114,20.594440876983764,1.964264176301325,-18.63017670068244,0.11682054957854296,fading,118.02318011381838,563,2000-2019,2020-2025
Responsible AI,cluster analysi,807,1277,37.014952756627835,22.003204852077122,-15.011747904550713,0.599846279910387,fading,114.72764565754902,2084,2000-2019,2020-2025
Responsible AI,property patent,584,618,26.786533345564628,10.648379482054551,-16.138153863510077,0.4085670884193392,fading,114.46104591668679,1202,2000-2019,2020-2025
Responsible AI,mobile device,536,482,24.584900467846985,8.305046780502094,-16.27985368734489,0.35100983525081625,fading,112.76366065498941,1018,2000-2019,2020-2025
Responsible AI,cloud data,692,1011,31.740207320429317,17.4199217740407,-14.320285546388618,0.5558252648916922,fading,106.55343136445303,1703,2000-2019,2020-2025
Responsible AI,security solution,684,993,31.37326850747638,17.109774798835225,-14.263493708641153,0.5524935352866172,fading,105.91154550602074,1677,2000-2019,2020-2025
Responsible AI,preserving data,412,128,18.897348867076413,2.205489601461137,-16.691859265615278,0.1394772873345197,fading,105.04886890201546,540,2000-2019,2020-2025
Responsible AI,big data,1171,2376,53.71066874598661,40.939400727122354,-12.771268018864255,0.7644141215319401,fading,104.39412437848085,3547,2000-2019,2020-2025
Responsible AI,differential privacy,2332,5589,106.96266397578204,96.30063580129917,-10.66202817448287,0.9007838836297071,fading,95.71728083894874,7921,2000-2019,2020-2025
Responsible AI,data science,2809,6908,128.8413906981011,119.02751692885573,-9.813873769245362,0.9241242597108595,fading,90.10838940092238,9717,2000-2019,2020-2025
Responsible AI,imbalanced data,580,833,26.603063939088155,14.352912797008806,-12.25015114207935,0.54801600403517,fading,88.86477503061603,1413,2000-2019,2020-2025
Responsible AI,identification biology,500,630,22.933675809558757,10.855144132191533,-12.078531677367224,0.48456521394563684,fading,84.92243474432273,1130,2000-2019,2020-2025
Responsible AI,copyright intellectual,449,475,20.594440876983764,8.184434067922188,-12.410006809061576,0.4116930199082836,fading,84.7577867870153,924,2000-2019,2020-2025
Responsible AI,microdata statistic,337,102,15.457297495642601,1.7574995261643434,-13.699797969478258,0.1414712940446708,fading,83.3875840444248,439,2000-2019,2020-2025
Responsible AI,hoc network,851,1648,39.033116227869,28.395678618812138,-10.637437609056864,0.7309233719967169,fading,83.22780129087404,2499,2000-2019,2020-2025
Responsible AI,protocol science,519,710,23.80515549032199,12.233575133104743,-11.571580357217247,0.5239042859929489,fading,82.32912639484675,1229,2000-2019,2020-2025
Responsible AI,privacy preservation,452,515,20.732042931841114,8.873649568378793,-11.858393363462321,0.44148599352732976,fading,81.52920655602375,967,2000-2019,2020-2025
Responsible AI,mobility location-based,537,775,24.630767819466104,13.353550321346727,-11.277217498119377,0.5512585377759875,fading,80.97120962420729,1312,2000-2019,2020-2025
Responsible AI,location-based analysi,537,775,24.630767819466104,13.353550321346727,-11.277217498119377,0.5512585377759875,fading,80.97120962420729,1312,2000-2019,2020-2025
Responsible AI,human mobility,537,776,24.630767819466104,13.370780708858142,-11.259987110607963,0.551944166947177,fading,80.85606674469321,1313,2000-2019,2020-2025
Responsible AI,information loss,334,129,15.31969544078525,2.222719988972552,-13.096975451812698,0.17210950736466282,fading,80.41391725747127,463,2000-2019,2020-2025
Responsible AI,identity music,354,247,16.237042473167598,4.255905715319537,-11.981136757848061,0.2841544868482042,fading,76.68235973768024,601,2000-2019,2020-2025
Responsible AI,vehicular hoc,814,1600,37.33602421796166,27.568620018264212,-9.767404199697445,0.7418490869064243,fading,76.08275124214741,2414,2000-2019,2020-2025
Responsible AI,network vanet,803,1571,36.83148335015136,27.06893878043317,-9.762544569718187,0.7384903118327709,fading,75.88184482392421,2374,2000-2019,2020-2025
Responsible AI,order exchange,430,534,19.72296119622053,9.201026931095681,-10.52193426512485,0.4797035823274341,fading,72.30808014380605,964,2000-2019,2020-2025
Responsible AI,law economic,1010,2174,46.32602513530869,37.45886244981649,-8.867162685492197,0.8106360157653868,fading,71.5243747604599,3184,2000-2019,2020-2025
Responsible AI,privacy policy,329,257,15.090358682689661,4.4282095904336884,-10.662149092255973,0.3161062353174462,fading,67.97146509583943,586,2000-2019,2020-2025
Responsible AI,ethic clinical,337,340,15.457297495642601,5.858331753881145,-9.598965741761457,0.39845918493513016,fading,62.57707148243697,677,2000-2019,2020-2025
Responsible AI,clinical research,339,348,15.549032198880836,5.996174853972466,-9.55285734490837,0.4047705041320479,fading,62.416352690531866,687,2000-2019,2020-2025
Responsible AI,discrete mathematic,363,427,16.649848637739655,7.357375467374261,-9.292473170365394,0.4581600475518751,fading,62.01144232333483,790,2000-2019,2020-2025
Responsible AI,data set,320,324,14.677552518117604,5.5826455536985025,-9.094906964419103,0.40076590388585936,fading,58.837229760796355,644,2000-2019,2020-2025
Robotics & Control,fuzzy logic,25529,5927,253.39209322176896,194.18143694918587,-59.210656272583094,0.7667881046580528,fading,613.2078676967295,31456,2000-2019,2020-2025
Robotics & Control,logic control,24368,5634,241.86840564174335,184.58211840251613,-57.28628723922722,0.7636396250264365,fading,590.5673515955763,30002,2000-2019,2020-2025
Robotics & Control,fuzzy control,12106,1874,120.16000158810509,61.396324083478035,-58.763677504627054,0.5129812967744889,fading,560.9260124579774,13980,2000-2019,2020-2025
Robotics & Control,neural network,12503,2480,124.10048734975037,81.25020476362087,-42.850282586129495,0.6560985956190536,fading,411.9942507523767,14983,2000-2019,2020-2025
Robotics & Control,fuzzy set,7158,1080,71.04785159157908,35.383153687383285,-35.66469790419579,0.5015266411103055,fading,321.57553686411865,8238,2000-2019,2020-2025
Robotics & Control,data mining,9935,1978,98.61140060943534,64.80359073485569,-33.80780987457965,0.6588908070444404,fading,317.30216702611534,11913,2000-2019,2020-2025
Robotics & Control,educational robotic,37468,10538,371.89451011920715,345.2478458867084,-26.64666423249878,0.9284450669695187,fading,287.227114722023,48006,2000-2019,2020-2025
Robotics & Control,robotic engineering,37467,10539,371.8845844623768,345.28060806604856,-26.60397639632822,0.928557793457704,fading,286.766978176975,48006,2000-2019,2020-2025
Robotics & Control,control engineering,6551,1229,65.02297789556224,40.26471840906857,-24.758259486493664,0.6221438603423044,fading,221.82014392937603,7780,2000-2019,2020-2025
Robotics & Control,control management,10873,2616,107.92166671629495,85.70586115388396,-22.215805562410992,0.795098099528919,fading,211.26573389155917,13489,2000-2019,2020-2025
Robotics & Control,controller irrigation,4885,781,48.486833616214554,25.587262064672544,-22.89957155154201,0.5325361967473176,fading,197.9076042468373,5666,2000-2019,2020-2025
Robotics & Control,library science,3717,422,36.89366643837656,13.825639681551618,-23.068026756824946,0.38310337140006756,fading,192.12093205229627,4139,2000-2019,2020-2025
Robotics & Control,auditory perception,12502,3202,124.09056169292003,104.9044982472234,-19.186063445696632,0.8460070876557666,fading,185.37064942357955,15704,2000-2019,2020-2025
Robotics & Control,human auditory,12501,3202,124.08063603608969,104.9044982472234,-19.176137788866285,0.8460744911969211,fading,185.27352930335508,15703,2000-2019,2020-2025
Robotics & Control,perception evaluation,12501,3202,124.08063603608969,104.9044982472234,-19.176137788866285,0.8460744911969211,fading,185.27352930335508,15703,2000-2019,2020-2025
Robotics & Control,fuzzy number,3782,478,37.53883413234871,15.66032172460112,-21.878512407747593,0.4248374613263495,fading,182.84439808460996,4260,2000-2019,2020-2025
Robotics & Control,process computing,5356,993,53.16181798330504,32.53284408478852,-20.62897389851652,0.6155744498828852,fading,180.63162943545845,6349,2000-2019,2020-2025
Robotics & Control,set operation,3205,348,31.811730141242098,11.401238410379058,-20.41049173086304,0.36832563153863856,fading,166.87269037531945,3553,2000-2019,2020-2025
Robotics & Control,fuzzy classification,2674,295,26.54120636433116,9.664842905350064,-16.876363458981096,0.37590197598425384,fading,134.94875593711546,2969,2000-2019,2020-2025
Robotics & Control,particle filter,4255,831,42.23366981309988,27.22537103168103,-15.008298781418851,0.6487945255565647,fading,128.08747865385146,5086,2000-2019,2020-2025
Robotics & Control,editorial board,2029,108,20.139157708761378,3.5383153687383286,-16.60084234002305,0.19566279911820494,fading,127.28905186864957,2137,2000-2019,2020-2025
Robotics & Control,fuzzy rule,2460,264,24.41711580263824,8.649215345804803,-15.767900456833436,0.36718597040978873,fading,124.72762000479489,2724,2000-2019,2020-2025
Robotics & Control,earthquake disaster,6447,1567,63.9907095852068,51.33833502604593,-12.652374559160869,0.8038108955454394,fading,113.73308140147286,8014,2000-2019,2020-2025
Robotics & Control,impact study,6444,1567,63.96093261471578,51.33833502604593,-12.622597588669848,0.8041822065449262,fading,113.46068862753431,8011,2000-2019,2020-2025
Robotics & Control,disaster impact,6443,1567,63.95100695788544,51.33833502604593,-12.612671931839508,0.8043060531221634,fading,113.36989559778846,8010,2000-2019,2020-2025
Robotics & Control,advanced control,3279,589,32.54622874668731,19.29692363135996,-13.249305115327353,0.5990675602687185,fading,109.44921518028087,3868,2000-2019,2020-2025
Robotics & Control,neuro fuzzy,2871,470,28.496560759908288,15.398224289879764,-13.098336470028524,0.5482796536291722,fading,106.28415526758297,3341,2000-2019,2020-2025
Robotics & Control,fuzzy inference,2909,487,28.873735719461234,15.955181338662648,-12.918554380798586,0.5602004966552638,fading,105.03621792781203,3396,2000-2019,2020-2025
Robotics & Control,adaptive neuro,2823,461,28.020129232051932,15.103364675818236,-12.916764556233696,0.5471000691778991,fading,104.58861756479335,3284,2000-2019,2020-2025
Robotics & Control,ifc editorial,1615,83,16.029935781000308,2.719260885234086,-13.310674895766223,0.1947533812523543,fading,99.00207280589107,1698,2000-2019,2020-2025
Robotics & Control,data type,4460,1023,44.268429463319734,33.51570946499361,-10.752719998326121,0.7598146701318574,fading,92.57651100783295,5483,2000-2019,2020-2025
Robotics & Control,set abstract,4433,1015,44.00043672890053,33.25361203027225,-10.74682469862828,0.7585006914853755,fading,92.45694667156488,5448,2000-2019,2020-2025
Robotics & Control,abstract data,4439,1017,44.05999066988258,33.31913638895259,-10.740854280929987,0.7589574387368629,fading,92.42133976980057,5456,2000-2019,2020-2025
Robotics & Control,perspective modern,1477,82,14.660195138413284,2.686498705893916,-11.973696432519368,0.21018850198173805,fading,88.03589777229537,1559,2000-2019,2020-2025
Robotics & Control,modern study,1477,82,14.660195138413284,2.686498705893916,-11.973696432519368,0.21018850198173805,fading,88.03589777229537,1559,2000-2019,2020-2025
Robotics & Control,diverse perspective,1479,85,14.680046452073967,2.7847852439144254,-11.89526120815954,0.21638835258410183,fading,87.4972722733535,1564,2000-2019,2020-2025
Robotics & Control,sets fuzzy,2500,447,24.81414207585187,14.64469416505586,-10.16944791079601,0.5982700942293819,fading,81.24252194051084,2947,2000-2019,2020-2025
Robotics & Control,artificial neural,4132,962,41.01281402296797,31.51721652524326,-9.495597497724713,0.7712610498418381,fading,81.0545621585197,5094,2000-2019,2020-2025
Robotics & Control,rough sets,2462,443,24.43696711629892,14.51364544769518,-9.923321668603739,0.6020638106340602,fading,79.13385456914969,2905,2000-2019,2020-2025
Robotics & Control,programming language,6466,1711,64.17929706498327,56.056088851030374,-8.1232082139529,0.874407908209152,fading,73.18363100595892,8177,2000-2019,2020-2025
Robotics & Control,measurement uncertainty,1427,148,14.163912296896248,4.848802542345116,-9.31510975455113,0.3647595835305998,fading,68.58384877776882,1575,2000-2019,2020-2025
Robotics & Control,scientific measurement,1310,110,13.00261044774638,3.6038397274186678,-9.398770720327711,0.3039293582007774,fading,68.22676812021768,1420,2000-2019,2020-2025
Robotics & Control,uncertainty evaluation,1312,112,13.022461761407062,3.6693640860990073,-9.353097675308055,0.3083287761994876,fading,67.92151340901468,1424,2000-2019,2020-2025
Robotics & Control,system design,2161,393,21.449344410366358,12.875536480686696,-8.573807929679662,0.6093820494415142,fading,67.26844658085619,2554,2000-2019,2020-2025
Robotics & Control,decision making,3329,763,33.04251158820435,24.99754283654949,-8.04496875165486,0.7601560416697009,fading,66.91027442484877,4092,2000-2019,2020-2025
Robotics & Control,multi-criteria decision,2953,654,29.310464619996228,21.42646528847099,-7.883999331525239,0.7355291360928062,fading,64.57712014382707,3607,2000-2019,2020-2025
Robotics & Control,semantic web,2316,455,22.987821219069172,14.906791599777216,-8.081029619291956,0.6559480956568602,fading,64.0609429573981,2771,2000-2019,2020-2025
Robotics & Control,representation politic,1844,304,18.30291119514834,9.959702519411591,-8.343208675736749,0.55628101472449,fading,64.01542025009545,2148,2000-2019,2020-2025
Robotics & Control,web ontology,2306,452,22.888564650765765,14.808505061756708,-8.080059589009057,0.6545294801258996,fading,64.01527058096359,2758,2000-2019,2020-2025
Robotics & Control,program committee,1138,83,11.295397472927771,2.719260885234086,-8.576136587693686,0.272925172095538,fading,60.96127264101089,1221,2000-2019,2020-2025
Robotics & Control,solving planning,12548,3610,124.5471419071157,118.27146741801265,-6.275674489103054,0.9498135311739905,fading,60.812744573493745,16158,2000-2019,2020-2025
Robotics & Control,ai-based problem,12548,3610,124.5471419071157,118.27146741801265,-6.275674489103054,0.9498135311739905,fading,60.812744573493745,16158,2000-2019,2020-2025
Robotics & Control,problem solving,12572,3620,124.78535767104388,118.59908921141434,-6.186268459629545,0.950622574140926,fading,59.9593821601319,16192,2000-2019,2020-2025
Robotics & Control,world wide,2377,491,23.59328628571996,16.086230056023325,-7.507056229696634,0.6884170909409709,fading,59.769070836605806,2868,2000-2019,2020-2025
Robotics & Control,wide web,2376,491,23.58336062888962,16.086230056023325,-7.497130572866293,0.6887008134623464,fading,59.68743194121804,2867,2000-2019,2020-2025
Robotics & Control,adaptive control,2085,441,20.69499449126046,14.44812108901484,-6.246873402245619,0.705266571084911,fading,48.9429294402736,2526,2000-2019,2020-2025
Robotics & Control,case-based reasoning,1253,175,12.436848008416957,5.733381384529699,-6.703466623887258,0.48183153890917974,fading,48.698876279299405,1428,2000-2019,2020-2025
Robotics & Control,identification biology,1689,318,16.764434386445522,10.418373030173967,-6.346061356271555,0.632419967302612,fading,48.26112698320145,2007,2000-2019,2020-2025
Robotics & Control,reasoning knowledge,2718,644,26.97793526486615,21.098843495069293,-5.879091769796858,0.7860431756197496,fading,47.74168626109749,3362,2000-2019,2020-2025
Robotics & Control,monte carlo,2041,435,20.258265590725465,14.251548012973823,-6.006717577751642,0.7106349009988884,fading,46.94131712658755,2476,2000-2019,2020-2025
Robotics & Control,logic reasoning,2709,647,26.888604353393085,21.197130033089802,-5.691474320303282,0.7921955333369083,fading,46.207958768913194,3356,2000-2019,2020-2025
Robotics & Control,fuzzy controller,1276,195,12.665138115514795,6.388624971333093,-6.276513144181702,0.5232474517844227,fading,45.78325499760691,1471,2000-2019,2020-2025
Robotics & Control,technical program,1164,162,11.55346455051663,5.3074730531074925,-6.245991497409137,0.48180944397920644,fading,44.91290137106262,1326,2000-2019,2020-2025
Robotics & Control,information retrieval,1455,265,14.441830688145789,8.681977525144973,-5.759853163000816,0.6145148955830133,fading,42.914712153505214,1720,2000-2019,2020-2025
Robotics & Control,class philosophy,1630,321,16.17882063345542,10.516659568194477,-5.662161065260943,0.660517899334955,fading,42.89998482923052,1951,2000-2019,2020-2025
Robotics & Control,base topology,966,109,9.588184498109163,3.571077548078498,-6.017106950030665,0.403549077521485,fading,42.00545816070069,1075,2000-2019,2020-2025
Robotics & Control,knowledge representation,889,87,8.823908922172924,2.8503096025947645,-5.97359931957816,0.3593245741201405,fading,41.12516478028768,976,2000-2019,2020-2025
Robotics & Control,function biology,1958,432,19.434436073807184,14.153261474953315,-5.28117459885387,0.73507278664416,fading,41.084723341163645,2390,2000-2019,2020-2025
Robotics & Control,mechanical engineering,2176,503,21.598229262821466,16.479376208105364,-5.1188530547161015,0.7683591298725383,fading,40.40603552108228,2679,2000-2019,2020-2025
Robotics & Control,mathematical optimization,8232,2361,81.70800702736504,77.35150542214068,-4.356501605224366,0.9470063590791807,fading,40.376244564476714,10593,2000-2019,2020-2025
Robotics & Control,representation reasoning,841,76,8.347477394316568,2.489925629852898,-5.85755176446367,0.3379410307138578,fading,39.961374362948504,917,2000-2019,2020-2025
Robotics & Control,work physic,1079,158,10.709783719937667,5.176424335746814,-5.533359384190852,0.5063812538729675,fading,39.404449089352816,1237,2000-2019,2020-2025
Robotics & Control,fuzzy electronic,928,108,9.211009538556214,3.5383153687383286,-5.672694169817885,0.4158491815608623,fading,39.39168302083059,1036,2000-2019,2020-2025
Robotics & Control,membership function,1303,233,12.933130849933994,7.633587786259542,-5.299543063674451,0.6054871256092551,fading,38.88586223037264,1536,2000-2019,2020-2025
Robotics & Control,intellectual property,638,11,6.332569057757397,0.3603839727418668,-5.97218508501553,0.1259239336578713,fading,38.68167774170756,649,2000-2019,2020-2025
Robotics & Control,knowledge base,1246,222,12.367368410604572,7.273203813517675,-5.0941645970868965,0.6041020638774461,fading,37.1483658728856,1468,2000-2019,2020-2025
Robotics & Control,domain mathematical,1899,431,18.84882232081708,14.120499295613143,-4.728323025203938,0.7556273479178723,fading,36.663665631796135,2330,2000-2019,2020-2025
Robotics & Control,political science,4679,1292,46.44214830916436,42.32873570749926,-4.113412601665097,0.9123727236645868,fading,35.765452737854204,5971,2000-2019,2020-2025
Robotics & Control,copyright intellectual,551,0,5.469036913517752,0.0,-5.469036913517752,0.08376560695539967,fading,34.529027320357315,551,2000-2019,2020-2025
Robotics & Control,copyright page,552,2,5.478962570348092,0.06552435868033941,-5.413438211667753,0.0945856997809262,fading,34.20734344526505,554,2000-2019,2020-2025
