scope,term,early_count,late_count,early_share_per_1000,late_share_per_1000,delta_share_per_1000,growth_ratio,direction,score,total_docs,early_period,late_period
All AI,detection,112903,160427,99.18893892618746,168.87070407442533,69.68176514823787,1.6989919433271552,rising,872.3069120626504,273330,2000-2019,2020-2025
All AI,neural network,144155,167810,126.64483220910476,176.6422912024118,49.997458993307035,1.393232332959316,rising,632.5003289397099,311965,2000-2019,2020-2025
All AI,natural language,158378,168003,139.14019795091113,176.84544931099927,37.70525136008814,1.2700171720849536,rising,478.69922584881664,326381,2000-2019,2020-2025
All AI,language processing,157602,166695,138.4584568403408,175.4686057564271,37.01014891608631,1.266339665520393,rising,469.6372544701823,324297,2000-2019,2020-2025
All AI,adversarial,10285,48160,9.035705312133762,50.694790205042324,41.65908489290856,5.368747096232013,rising,457.24422227378335,58445,2000-2019,2020-2025
All AI,anomaly detection,24487,54050,21.5126218744015,56.89479673136498,35.38217485696347,2.607358499084993,rising,398.80444714328297,78537,2000-2019,2020-2025
All AI,adversarial robustness,7294,39064,6.408015026417468,41.12004328425609,34.712028257838625,6.024891828563445,rising,372.95195787925803,46358,2000-2019,2020-2025
All AI,robustness machine,7296,39050,6.409772091135433,41.10530642663834,34.69553433550291,6.021227021367885,rising,372.76576228043,46346,2000-2019,2020-2025
All AI,language model,7633,35972,6.705837496112494,37.865303016108435,31.15946551999594,5.324197643480898,rising,332.8750132533376,43605,2000-2019,2020-2025
All AI,domain adaptation,11210,36330,9.848347744192463,38.24214551804791,28.39379777385545,3.743800119182328,rising,305.7826828970164,47540,2000-2019,2020-2025
All AI,few-shot learning,10350,35009,9.092809915467617,36.85161773854499,27.75880782307737,3.8937097751013052,rising,297.640650668958,45359,2000-2019,2020-2025
All AI,adaptation few-shot,10339,34676,9.08314605951881,36.50109105378006,27.417944994261248,3.861058865634983,rising,293.7770638991806,45015,2000-2019,2020-2025
All AI,privacy-preserving technology,27852,46712,24.468883262377204,49.17057807429271,24.70169481191551,1.989299142951087,rising,277.1388495454926,74564,2000-2019,2020-2025
All AI,graph neural,6371,29490,5.5971296590767325,31.042137939092566,25.445008280015834,5.173276558443549,rising,266.8528327029566,35861,2000-2019,2020-2025
All AI,advanced graph,6926,28164,6.084715118311953,29.646346996154733,23.56163187784278,4.578231017514848,rising,246.5889699503555,35090,2000-2019,2020-2025
All AI,data classification,28238,43319,24.8079967529444,45.59899536736354,20.79099861441914,1.821518937961783,rising,232.40726278338926,71557,2000-2019,2020-2025
All AI,explainable ai,3672,24312,3.2259708221832937,25.591605885900933,22.36563506371764,7.002632905915277,rising,229.01121891072222,27984,2000-2019,2020-2025
All AI,intelligence xai,3669,24086,3.2233352251063465,25.35371089864305,22.130375673536705,6.943696802885809,rising,226.42046140882584,27755,2000-2019,2020-2025
All AI,edcuational technology,14170,31672,12.448803526780303,33.338982462086804,20.8901789353065,2.613290285245436,rising,224.21382663104194,45842,2000-2019,2020-2025
All AI,federated,599,21207,0.5262408830304447,22.32318139282252,21.796940509792076,22.23959478736284,rising,217.75113703447335,21806,2000-2019,2020-2025
All AI,recognition psychology,86348,88738,75.8595121334104,93.40851937738881,17.54900724397841,1.2298208403075954,rising,211.8698360961617,175086,2000-2019,2020-2025
All AI,pattern recognition,86839,88933,76.29087152167075,93.61378275135027,17.32291122967952,1.2255855531577202,rising,209.20790971537022,175772,2000-2019,2020-2025
All AI,artificial neural,81709,84511,71.78400052009115,88.95904100951685,17.175040489425697,1.2376050075514557,rising,206.46242421273092,166220,2000-2019,2020-2025
All AI,sentiment analysi,19084,33480,16.765911538819708,35.242142360149856,18.476230821330148,2.0700987769912538,rising,200.83304053753963,52564,2000-2019,2020-2025
All AI,cancer detection,16181,30315,14.215532100693865,31.910559905852534,17.695027805158666,2.202472848693274,rising,190.1709955092149,46496,2000-2019,2020-2025
All AI,analysi opinion,18396,31913,16.161481275839833,33.59266693964941,17.43118566380958,2.0461966361349795,rising,188.7093038189103,50309,2000-2019,2020-2025
All AI,opinion mining,18418,31923,16.180808987737446,33.60319326651923,17.42238427878178,2.0444567941272807,rising,188.62509848131415,50341,2000-2019,2020-2025
All AI,multimodal machine,6760,22996,5.938878746720878,24.206341269832915,18.267462523112037,3.837056456827222,rising,188.16983741449718,29756,2000-2019,2020-2025
All AI,federated learning,280,17829,0.24598906051506594,18.76738817619808,18.521399115683014,25.827976837750096,rising,181.58786331958387,18109,2000-2019,2020-2025
All AI,large language model,6,17343,0.0052711941538942705,18.255808690324937,18.25053749617104,37.120280964626566,rising,178.14984377015267,17349,2000-2019,2020-2025
All AI,transformer,1454,17983,1.2773860499603782,18.929493609993273,17.652107560032896,10.931498877481568,rising,174.31430076403552,19437,2000-2019,2020-2025
All AI,service interaction,4072,19434,3.577383765776245,20.45686363880383,16.879479873027588,5.139781988319684,rising,169.89286844880496,23506,2000-2019,2020-2025
All AI,convolutional neural,7578,21723,6.657518216368463,22.866339859305114,16.208821642936652,3.264586851608543,rising,166.71439326715037,29301,2000-2019,2020-2025
All AI,task project,41773,48010,36.69893223177089,50.53689530199505,13.837963070224163,1.3719989322275608,rising,157.82421146118608,89783,2000-2019,2020-2025
All AI,project management,42366,48364,37.219901920647445,50.909527273186605,13.68962535253916,1.3629284450775736,rising,156.27603139471583,90730,2000-2019,2020-2025
All AI,learning healthcare,5330,18886,4.682577473376077,19.880020926337817,15.197443452961739,3.9324102786758144,rising,153.41530634490198,24216,2000-2019,2020-2025
All AI,intelligence healthcare,3594,16471,3.157445298182668,17.33791298727683,14.180467689094161,4.87715099830481,rising,140.48280374826072,20065,2000-2019,2020-2025
All AI,data science,43062,47397,37.831360442499175,49.891631464875225,12.06027102237605,1.3146319588752309,rising,137.6398093860189,90459,2000-2019,2020-2025
All AI,reinforcement,20499,28690,18.009034826779775,30.200031789507147,12.190996962727372,1.6586511439855762,rising,131.7047728597527,49189,2000-2019,2020-2025
All AI,reinforcement learning,20403,28599,17.924695720317466,30.104242214991807,12.17954649467434,1.6610446478767944,rising,131.53467852764467,49002,2000-2019,2020-2025
All AI,political science,43044,46774,37.81554686003749,49.23584130088558,11.420294440848089,1.2980590224267234,rising,130.25475996711432,89818,2000-2019,2020-2025
All AI,hate speech,7059,18010,6.201559922056609,18.95791469254178,12.75635477048517,2.9034903692348744,rising,129.21456687213836,25069,2000-2019,2020-2025
All AI,cyberbullying detection,7057,17996,6.199802857338645,18.943177834924036,12.743374977585392,2.902052231824539,rising,129.0749534209895,25053,2000-2019,2020-2025
All AI,speech cyberbullying,7056,17991,6.198924324979662,18.93791467148913,12.738990346509468,2.901647149379933,rising,129.0274912855821,25047,2000-2019,2020-2025
All AI,advanced neural,3569,15320,3.1354819892081087,16.126332764560804,12.990850775352694,4.573350332615016,rising,127.91295667102712,18889,2000-2019,2020-2025
All AI,benchmark surveying,19335,26863,16.986423160924286,28.276871870391442,11.290448709467157,1.6456694205306177,rising,121.26747410498012,46198,2000-2019,2020-2025
All AI,robustness evolution,12281,21303,10.789255900662589,22.42423413077277,11.634978230110182,2.0306240138845024,rising,121.25782122175505,33584,2000-2019,2020-2025
All AI,employee performance,4525,15235,3.975358924395262,16.036858986167353,12.06150006177209,3.6950911123629964,rising,119.30591267172662,19760,2000-2019,2020-2025
All AI,organizational employee,4519,15212,3.970087730241368,16.012648434366774,12.042560704125407,3.6940322944120725,rising,119.10088878275945,19731,2000-2019,2020-2025
All AI,blockchain technology,6886,16589,6.049573823952658,17.46212364434068,11.412549820388021,2.7424873934012037,rising,114.85286453203067,23475,2000-2019,2020-2025
All AI,social psychology,10740,19487,9.435437535470744,20.512653171213863,11.07721563574312,2.1149197603221888,rising,114.27836014116275,30227,2000-2019,2020-2025
All AI,social media,10844,19157,9.526804900804912,20.165284384509878,10.638479483704966,2.061003937839755,rising,109.6722905870756,30001,2000-2019,2020-2025
All AI,medical imaging,5125,14717,4.502478339784689,15.491595254310795,10.989116914526106,3.1967345319878158,rising,108.74397763772156,19842,2000-2019,2020-2025
All AI,quantum computing,49358,50027,43.362600174652236,52.660055431637296,9.29745525698506,1.2119677178271335,rising,106.98364703641695,99385,2000-2019,2020-2025
All AI,algorithm architecture,48968,49691,43.01997255464911,52.30637084881142,9.28639829416231,1.2133824483115458,rising,106.78833240505935,98659,2000-2019,2020-2025
All AI,educational technology,6820,15384,5.991590688259821,16.19370125652764,10.202110568267818,2.5715886996262025,rising,102.10346495161285,22204,2000-2019,2020-2025
All AI,technology pedagogy,3776,12878,3.317338187517461,13.555803742951309,10.238465555433848,3.682095494948079,rising,99.52265377057694,16654,2000-2019,2020-2025
All AI,learning medical,4172,12978,3.6652370016744826,13.661067011649486,9.995830009975004,3.3998226285698854,rising,97.4574609815363,17150,2000-2019,2020-2025
All AI,internal medicine,7325,15312,6.4352495295459216,16.11791170306495,9.68266217351903,2.3961519527550426,rising,97.09178327069789,22637,2000-2019,2020-2025
All AI,feature linguistic,28074,31716,24.66391744607129,33.385298300314,8.721380854242707,1.3465827955020704,rising,95.92307040078845,59790,2000-2019,2020-2025
All AI,privacy,24021,28352,21.103225795115712,29.844241941307306,8.741016146191594,1.4046162470869445,rising,94.9813286417952,52373,2000-2019,2020-2025
All AI,radiomic machine,4120,12671,3.619553319007399,13.337908776746081,9.718355457738681,3.3590799062846717,rising,94.54655522478542,16791,2000-2019,2020-2025
All AI,generative grammar,4514,12318,3.9656950684464563,12.966329438241514,9.000634369795058,3.01550581305728,rising,87.58604183347963,16832,2000-2019,2020-2025
All AI,quantum computer,16751,21592,14.716295545313821,22.728444977310502,8.012149431996681,1.5265505922999894,rising,84.56305612489922,38343,2000-2019,2020-2025
All AI,knowledge graph,1873,10105,1.6454911083739947,10.636853301950843,8.99136219357685,5.190817737944922,rising,84.43707669544649,11978,2000-2019,2020-2025
All AI,reservoir computing,10160,16288,8.925888767260965,17.145281205559165,8.2193924382982,1.8720018495069346,rising,83.69785644878476,26448,2000-2019,2020-2025
All AI,network reservoir,10138,16252,8.906561055363353,17.10738642882782,8.200825373464466,1.8718197144735047,rising,83.49078518402496,26390,2000-2019,2020-2025
All AI,mathematic education,13887,19157,12.200178869188289,20.165284384509878,7.965105515321589,1.6271648295163472,rising,82.88190544198578,33044,2000-2019,2020-2025
All AI,imbalanced data,12526,17853,11.004496328613271,18.792651360685642,7.788155032072371,1.6769661886633103,rising,80.38575194635592,30379,2000-2019,2020-2025
All AI,covid-19 diagnosi,1352,9119,1.1877757493441756,9.598957472586813,8.411181723242636,5.983589630619469,rising,77.8577697611197,10471,2000-2019,2020-2025
All AI,big data,9646,15321,8.474323134744022,16.127385397247785,7.653062262503763,1.8527732005631703,rising,77.48993615273422,24967,2000-2019,2020-2025
All AI,healthcare education,739,8635,0.6492354132879776,9.089483252087634,8.440247838799657,8.34422881614133,rising,77.19283430563048,9374,2000-2019,2020-2025
All AI,science engineering,8321,14249,7.310267759092371,14.998963156803322,7.688695397710951,1.984434290202165,rising,77.07472095625835,22570,2000-2019,2020-2025
All AI,learning robotic,17613,21426,15.47359043875663,22.553707951271527,7.080117512514896,1.4432389536754646,rising,74.85342402943289,39039,2000-2019,2020-2025
All AI,attention,2083,9222,1.8299829037602942,9.707378639345936,7.877395735585642,4.380881345898518,rising,73.52043420627881,11305,2000-2019,2020-2025
All AI,deep neural,4597,11062,4.0386132542419935,11.644222783392404,7.605609529150411,2.6757562504454118,rising,73.46155545314699,15659,2000-2019,2020-2025
All AI,image mathematic,21946,24756,19.280271150227275,26.05897479892084,6.778703648693565,1.3427002389001972,rising,72.88166395641919,46702,2000-2019,2020-2025
All AI,transfer learning,3325,9834,2.921120093616408,10.351589843778783,7.430469750162374,3.1719406354740824,rising,70.47753898304536,13159,2000-2019,2020-2025
All AI,intrusion detection,12495,16862,10.977261825484819,17.749492367886702,6.772230542401884,1.5900562908972249,rising,69.66810514496719,29357,2000-2019,2020-2025
All AI,security intrusion,12019,16375,10.559080422609206,17.23686024932658,6.677779826717373,1.6038277661011766,rising,68.47374300686434,28394,2000-2019,2020-2025
Applied / Interdisciplinary AI,detection,17899,37971,128.26502898664967,269.71679416966776,141.4517651830181,2.0985262558957976,rising,1546.1810596763698,55870,2000-2019,2020-2025
Applied / Interdisciplinary AI,anomaly detection,15544,34845,111.38899438898723,247.51209325121997,136.12309886223272,2.216590600403419,rising,1473.87938978999,50389,2000-2019,2020-2025
Applied / Interdisciplinary AI,domain adaptation,5836,23964,41.82103520677621,170.2218339122467,128.4007987054705,4.0339711228262125,rising,1322.82319270186,29800,2000-2019,2020-2025
Applied / Interdisciplinary AI,few-shot learning,5828,23873,41.76370685145506,169.57543986759578,127.81173301614072,4.024148673597484,rising,1316.3291608563998,29701,2000-2019,2020-2025
Applied / Interdisciplinary AI,adaptation few-shot,5825,23839,41.74220871820963,169.33393000475917,127.59172128654953,4.020479401010765,rising,1313.9042257018054,29664,2000-2019,2020-2025
Applied / Interdisciplinary AI,edcuational technology,12193,28135,87.37557955384207,199.8494114972901,112.47383194344803,2.2799213673980314,rising,1192.7654276748633,40328,2000-2019,2020-2025
Applied / Interdisciplinary AI,recognition psychology,11296,24407,80.94763771345855,173.36856536038243,92.42092764692389,2.134728154695788,rising,968.8502486824941,35703,2000-2019,2020-2025
Applied / Interdisciplinary AI,pattern recognition,11428,24469,81.89355557625746,173.80896569849625,91.9154101222388,2.115565525475698,rising,964.0489757687491,35897,2000-2019,2020-2025
Applied / Interdisciplinary AI,neural network,7415,19000,53.13621933828746,134.96139393810245,81.82517459981499,2.5255582069224114,rising,833.1214394483648,26415,2000-2019,2020-2025
Applied / Interdisciplinary AI,data mining,19835,26887,142.13849097436707,190.98457888493476,48.84608791056769,1.342446751763138,rising,525.1927380329272,46722,2000-2019,2020-2025
Applied / Interdisciplinary AI,multimodal machine,1932,8995,13.844797810056827,63.89356518280166,50.048767372744834,4.488983813885249,rising,465.4076709657481,10927,2000-2019,2020-2025
Applied / Interdisciplinary AI,anomaly physic,2224,8396,15.937282779278666,59.63872965812148,43.70144687884281,3.6586782904248727,rising,405.13812878474334,10620,2000-2019,2020-2025
Applied / Interdisciplinary AI,artificial neural,5477,11100,39.248425261739776,78.84586698489143,39.597441723151654,1.9962015215044644,rising,384.7220832608569,16577,2000-2019,2020-2025
Applied / Interdisciplinary AI,intrusion detection,3305,8537,23.68377679204856,60.640285265767396,36.95650847371884,2.528152893218476,rising,346.6332849907952,11842,2000-2019,2020-2025
Applied / Interdisciplinary AI,security intrusion,3178,8366,22.77368915132536,59.42563272032447,36.651943568999116,2.57482311165576,rising,342.8425631629776,11544,2000-2019,2020-2025
Applied / Interdisciplinary AI,network security,3272,8427,23.447297326348828,59.858929827178386,36.411632500829555,2.520490266797933,rising,341.08029163486066,11699,2000-2019,2020-2025
Applied / Interdisciplinary AI,advanced neural,1146,5817,8.212286899754204,41.31949623883905,33.10720933908485,4.800059584816805,rising,292.9494497633409,6963,2000-2019,2020-2025
Applied / Interdisciplinary AI,adversarial,1168,5504,8.369939876887356,39.09618485449031,30.726244977602953,4.464087175795539,rising,270.5699304311309,6672,2000-2019,2020-2025
Applied / Interdisciplinary AI,blockchain technology,3121,7076,22.365224619662193,50.26246439505331,27.897239775391114,2.220072850340679,rising,257.4900418284848,10197,2000-2019,2020-2025
Applied / Interdisciplinary AI,decision support,5070,8875,36.331845184776455,63.04117743161364,26.709332246837185,1.7251695404572573,rising,254.88576895411455,13945,2000-2019,2020-2025
Applied / Interdisciplinary AI,education learning,3125,7033,22.393888797322766,49.9570254508776,27.563136653554835,2.2039517138205937,rising,254.30067654980812,10158,2000-2019,2020-2025
Applied / Interdisciplinary AI,technology education,3121,7019,22.365224619662193,49.857580213239004,27.49235559357681,2.2023654283254084,rising,253.59888740092396,10140,2000-2019,2020-2025
Applied / Interdisciplinary AI,multimedia learning,2923,6768,20.94634782546382,48.07466916700407,27.128321341540246,2.264938979928791,rising,249.01238300279047,9691,2000-2019,2020-2025
Applied / Interdisciplinary AI,computer vision,3814,7320,27.33129339935649,51.99565282246894,24.66435942311245,1.8862096011564715,rising,229.81876641964823,11134,2000-2019,2020-2025
Applied / Interdisciplinary AI,covid-19 diagnosi,686,4408,4.915906468788293,31.311043393639768,26.395136924851474,5.873632341504762,rising,225.30928328319052,5094,2000-2019,2020-2025
Applied / Interdisciplinary AI,feature linguistic,4174,7385,29.911069388808073,52.45736285436245,22.546293465554378,1.7413844339802105,rising,210.9274777427391,11559,2000-2019,2020-2025
Applied / Interdisciplinary AI,task project,2798,5888,20.05059227357091,41.82382565829196,21.77323338472105,2.059494203129246,rising,197.4741459297244,8686,2000-2019,2020-2025
Applied / Interdisciplinary AI,project management,3004,5967,21.52679742309043,42.38498092782407,20.85818350473364,1.946945808965776,rising,189.84834737037096,8971,2000-2019,2020-2025
Applied / Interdisciplinary AI,domain mathematical,4791,7469,34.332518792951475,53.05403428019406,18.721515487242584,1.5374723429713895,rising,176.247693684019,12260,2000-2019,2020-2025
Applied / Interdisciplinary AI,image mathematic,3000,5577,21.498133245429855,39.61472073646302,18.116587491033165,1.8235511299485794,rising,164.08113695540777,8577,2000-2019,2020-2025
Applied / Interdisciplinary AI,data classification,2199,4786,15.758131668900084,33.996064809882014,18.23793314098193,2.1217730002684734,rising,161.43604573831436,6985,2000-2019,2020-2025
Applied / Interdisciplinary AI,time sery,3778,6276,27.07331580041133,44.579879387133204,17.506563586721875,1.6349096247053725,rising,161.33743165720284,10054,2000-2019,2020-2025
Applied / Interdisciplinary AI,benchmark surveying,1203,3865,8.620751431417371,27.453988819513995,18.833237388096624,3.064877826099239,rising,160.66444295878753,5068,2000-2019,2020-2025
Applied / Interdisciplinary AI,mathematical analysi,6391,8735,45.79818985718074,62.046725055227625,16.248535198046888,1.3509540059378105,rising,156.3797456149552,15126,2000-2019,2020-2025
Applied / Interdisciplinary AI,power forecasting,1914,4400,13.715809010584248,31.254217543560564,17.538408532976316,2.2337256725887538,rising,153.47305400663717,6314,2000-2019,2020-2025
Applied / Interdisciplinary AI,learning elm,1137,3655,8.147792500017916,25.96231025493497,17.814517754917055,3.060007540060674,rising,150.9764667174853,4792,2000-2019,2020-2025
Applied / Interdisciplinary AI,energy load,1875,4323,13.43633327839366,30.707268736548254,17.270935458154597,2.239273997912404,rising,150.81228278783902,6198,2000-2019,2020-2025
Applied / Interdisciplinary AI,load power,1880,4326,13.472163500469376,30.728578430327957,17.25641492985858,2.235056756190899,rising,150.70774303053963,6206,2000-2019,2020-2025
Applied / Interdisciplinary AI,convolutional neural,1049,3548,7.517180591485306,25.202264510125655,17.68508391864035,3.2058981604359635,rising,149.14497475114615,4597,2000-2019,2020-2025
Applied / Interdisciplinary AI,mining machine,1776,4185,12.726894881294474,29.727022822682038,17.000127941387564,2.2852697548408893,rising,147.78485387716205,5961,2000-2019,2020-2025
Applied / Interdisciplinary AI,class philosophy,2425,4751,17.377657706722466,33.74745171578551,16.369794009063042,1.9156565293733963,rising,145.34145463672778,7176,2000-2019,2020-2025
Applied / Interdisciplinary AI,retrieval data,1622,3933,11.623324041362409,27.937008545187204,16.313684503824796,2.3456445153297643,rising,140.66692583705048,5555,2000-2019,2020-2025
Applied / Interdisciplinary AI,adversarial robustness,542,2831,3.8839960730076606,20.109247696777263,16.2252516237696,4.701018740338013,rising,131.81157957372682,3373,2000-2019,2020-2025
Applied / Interdisciplinary AI,robustness machine,543,2830,3.891162117422804,20.102144465517362,16.210982348094557,4.691729413444857,rising,131.69565805770267,3373,2000-2019,2020-2025
Applied / Interdisciplinary AI,analysi forecasting,2918,4879,20.910517603388104,34.65666531705273,13.746147713664623,1.6420278093365368,rising,123.18778759504251,7797,2000-2019,2020-2025
Applied / Interdisciplinary AI,sery analysi,3155,5061,22.608870129777063,35.94945340635455,13.340583276577487,1.577292753893121,rising,120.25149014080753,8216,2000-2019,2020-2025
Applied / Interdisciplinary AI,method media,1458,3449,10.448092757278909,24.499044615395544,14.050951858116635,2.283415492508937,rising,119.41372585406884,4907,2000-2019,2020-2025
Applied / Interdisciplinary AI,classifier uml,2218,4137,15.894286512787806,29.386067722206832,13.491781209419026,1.8229562902231347,rising,118.14961290421614,6355,2000-2019,2020-2025
Applied / Interdisciplinary AI,shot pellet,278,2305,1.9921603474098333,16.372948054069795,14.380787706659962,6.770410287446506,rising,112.99119886246318,2583,2000-2019,2020-2025
Applied / Interdisciplinary AI,sistem informasi,1473,3339,10.555583423506059,23.71768917680653,13.162105753300471,2.190539227926731,rising,111.60249328202565,4812,2000-2019,2020-2025
Applied / Interdisciplinary AI,language processing,2333,4110,16.718381620529286,29.19428047818953,12.475898857660244,1.7245686111861622,rising,109.42492048002008,6443,2000-2019,2020-2025
Applied / Interdisciplinary AI,natural language,2402,4154,17.21283868517417,29.506822653625132,12.293983968450963,1.69407192076678,rising,108.04307744060353,6556,2000-2019,2020-2025
Applied / Interdisciplinary AI,action recognition,1432,3229,10.261775602485184,22.936333738217517,12.674558135732333,2.177738563216783,rising,107.0645251976134,4661,2000-2019,2020-2025
Applied / Interdisciplinary AI,transfer learning,1253,3014,8.979053652174537,21.409139017338987,12.43008536516445,2.311321342960532,rising,103.90184817132644,4267,2000-2019,2020-2025
Applied / Interdisciplinary AI,human pose,1408,3121,10.089790536521745,22.1691847621483,12.079394225626556,2.1406641315489208,rising,101.69010510144075,4529,2000-2019,2020-2025
Applied / Interdisciplinary AI,pose action,1407,3116,10.082624492106602,22.1336686058488,12.051044113742199,2.1387576042909644,rising,101.43546810259737,4523,2000-2019,2020-2025
Applied / Interdisciplinary AI,representation politic,2090,3650,14.977032827649467,25.92679409863547,10.949761270986002,1.7074845283925761,rising,94.77443986492786,5740,2000-2019,2020-2025
Applied / Interdisciplinary AI,feature learning,555,2226,3.977154650404523,15.811792784537687,11.834638134133163,3.643339142431426,rising,93.85963185215617,2781,2000-2019,2020-2025
Applied / Interdisciplinary AI,transformer,178,1892,1.2755559058955048,13.439313543731043,12.163757637835538,7.850675665828007,rising,92.87986075618478,2070,2000-2019,2020-2025
Applied / Interdisciplinary AI,solar radiation,11769,13156,84.33717672182132,93.45011045524609,9.112933733424768,1.1074167491842146,rising,92.2563039074806,24925,2000-2019,2020-2025
Applied / Interdisciplinary AI,radiation photovoltaic,11768,13154,84.33001067740618,93.4359039927263,9.105893315320117,1.1073428288244387,rising,92.18393304388817,24922,2000-2019,2020-2025
Applied / Interdisciplinary AI,menggunakan metode,746,2338,5.34586913369689,16.607354685646502,11.261485551949612,2.926400556426401,rising,90.4782314835157,3084,2000-2019,2020-2025
Applied / Interdisciplinary AI,fault detection,1846,3320,13.228517990354504,23.582727782868428,10.354209792513924,1.7542117655954321,rising,88.52898584385063,5166,2000-2019,2020-2025
Applied / Interdisciplinary AI,adaptation eye,2588,3908,18.54572294639082,27.759427763689704,9.213704817298883,1.4837676597120135,rising,80.88799736423839,6496,2000-2019,2020-2025
Applied / Interdisciplinary AI,detection control,1572,2923,11.265021820605243,20.762744972688076,9.497723152082832,1.8072847884946999,rising,79.884811781006,4495,2000-2019,2020-2025
Applied / Interdisciplinary AI,robustness evolution,872,2255,6.248790730004945,16.01778649107479,9.768995761069846,2.447517955718667,rising,78.62233445862543,3127,2000-2019,2020-2025
Applied / Interdisciplinary AI,sery stratigraphy,1099,2414,7.8754828122424705,17.14720026139891,9.27171744915644,2.1070069221088894,rising,75.69903232255889,3513,2000-2019,2020-2025
Applied / Interdisciplinary AI,python programming,1880,3104,13.472163500469376,22.04842983073,8.576266330260625,1.6138109055174252,rising,73.01994972631836,4984,2000-2019,2020-2025
Applied / Interdisciplinary AI,adversarial network,432,1769,3.095731187341899,12.565616098763327,9.469884911421428,3.633646515278559,rising,72.89085302391496,2201,2000-2019,2020-2025
Applied / Interdisciplinary AI,continual learning,86,1458,0.6162798197023225,10.356511176934388,9.740231357232066,9.725618062171442,rising,71.52036810916108,1544,2000-2019,2020-2025
Applied / Interdisciplinary AI,generative adversarial,414,1725,2.96674238786932,12.253073923327722,9.286331535458402,3.6786909716605263,rising,71.21280084895785,2139,2000-2019,2020-2025
Applied / Interdisciplinary AI,generative grammar,399,1605,2.859251721642171,11.400686172139705,8.541434450497535,3.5426598416155763,rising,64.94393706135116,2004,2000-2019,2020-2025
Applied / Interdisciplinary AI,semantic segmentation,120,1358,0.8599253298171942,9.646188050944374,8.78626272112718,7.46084202454576,rising,64.13199880479519,1478,2000-2019,2020-2025
Applied / Interdisciplinary AI,attention,169,1396,1.2110615061592152,9.916110838820579,8.705049332661364,6.087513979670673,rising,64.03677923023831,1565,2000-2019,2020-2025
Applied / Interdisciplinary AI,power physic,3105,4090,22.2505679090199,29.052215852991527,6.801647943971627,1.2989660728985575,rising,60.40734389929585,7195,2000-2019,2020-2025
Applied / Interdisciplinary AI,berbasi web,707,1786,5.066393401506303,12.686371030181629,7.6199776286753265,2.368925456582589,rising,59.600745641430805,2493,2000-2019,2020-2025
Applied / Interdisciplinary AI,digital media,371,1487,2.658602478018159,10.56250488347149,7.903902405453332,3.502341608499141,rising,59.49894900730865,1858,2000-2019,2020-2025
Applied / Interdisciplinary AI,media forensic,352,1463,2.5224476341304363,10.392027333233887,7.869579699103451,3.6037108501856787,rising,59.05640746809857,1815,2000-2019,2020-2025
Applied / Interdisciplinary AI,forensic detection,351,1461,2.515281589715293,10.377820870714087,7.862539280998794,3.6075638533451815,rising,58.99057389711062,1812,2000-2019,2020-2025
Applied / Interdisciplinary AI,mathematic education,1187,2212,8.50609472077508,15.712347546899084,7.206252826124004,1.8001529019565785,rising,58.59786616400603,3399,2000-2019,2020-2025
Core ML & Deep Learning,adversarial,5252,27442,42.69710420629888,225.41667008928937,182.71956588299048,5.229903120597302,rising,1899.365765199435,32694,2000-2019,2020-2025
Core ML & Deep Learning,adversarial robustness,4732,26297,38.469668146269285,216.0113028692531,177.54163472298382,5.555892907699306,rising,1836.2615978016838,31029,2000-2019,2020-2025
Core ML & Deep Learning,robustness machine,4731,26295,38.46153846153846,215.99487428022243,177.53333581868398,5.556630534339372,rising,1836.1585997783923,31026,2000-2019,2020-2025
Core ML & Deep Learning,graph neural,4260,20659,34.63245695331935,169.699110391904,135.06665343858464,4.844497799230162,rising,1367.3372674930383,24919,2000-2019,2020-2025
Core ML & Deep Learning,advanced graph,4373,20224,35.5511113279027,166.1258922777417,130.574780949839,4.621934973438037,rising,1320.1659313653224,24597,2000-2019,2020-2025
Core ML & Deep Learning,detection,14639,29224,119.01045477456384,240.0545429155817,121.04408814101785,2.012832629323911,rising,1293.8220067587513,43863,2000-2019,2020-2025
Core ML & Deep Learning,theoretical computer,11935,22641,97.02778726240996,185.97984212125942,88.95205485884946,1.912068830388959,rising,929.6329440257854,34576,2000-2019,2020-2025
Core ML & Deep Learning,data classification,18769,27869,152.58605271287578,228.92417384732912,76.33812113445333,1.4986615030020476,rising,820.6494881209178,46638,2000-2019,2020-2025
Core ML & Deep Learning,anomaly detection,4782,13552,38.876152382810595,111.32011927155636,72.44396688874576,2.839792933155417,rising,711.1510605412868,18334,2000-2019,2020-2025
Core ML & Deep Learning,computer security,3336,11568,27.120628262036,95.0229589531703,67.9023306911343,3.458391968746949,rising,652.5041878796126,14904,2000-2019,2020-2025
Core ML & Deep Learning,robustness evolution,2601,8356,21.145309984878786,68.63864496997675,47.49333498509797,3.194162847206918,rising,441.77469364701716,10957,2000-2019,2020-2025
Core ML & Deep Learning,imbalanced data,9401,13953,76.42716615449653,114.61405137219789,38.18688521770136,1.4964031190361127,rising,384.1053195379457,23354,2000-2019,2020-2025
Core ML & Deep Learning,deep neural,1921,6133,15.617124367917013,50.37826826243028,34.76114389451327,3.156783251217526,rising,312.64340699793837,8054,2000-2019,2020-2025
Core ML & Deep Learning,advanced neural,1502,5715,12.21078646570086,46.94469315502838,34.733906689327526,3.7326323814072766,rising,308.5875998517278,7217,2000-2019,2020-2025
Core ML & Deep Learning,knowledge graph,699,4852,5.68264962684747,39.85575698831106,34.173107361463586,6.527259253552176,rising,294.6375757714766,5551,2000-2019,2020-2025
Core ML & Deep Learning,explainable ai,772,4216,6.276116612197779,34.631465676570365,28.355349064372586,5.184601695509452,rising,241.4455355026097,4988,2000-2019,2020-2025
Core ML & Deep Learning,intelligence xai,772,4181,6.276116612197779,34.34396536853432,28.06784875633654,5.142173218479037,rising,238.7998709492451,4953,2000-2019,2020-2025
Core ML & Deep Learning,domain adaptation,1959,5205,15.926052387688406,42.75540295221745,26.829350564529044,2.6333413489316566,rising,238.1631614043692,7164,2000-2019,2020-2025
Core ML & Deep Learning,few-shot learning,1938,5149,15.755329008341057,42.29540245935978,26.54007345101872,2.632699863374053,rising,235.3084976136151,7087,2000-2019,2020-2025
Core ML & Deep Learning,adaptation few-shot,1938,5125,15.755329008341057,42.098259390992204,26.342930382651147,2.620571959456118,rising,233.47124728965792,7063,2000-2019,2020-2025
Core ML & Deep Learning,adversarial attack,380,3536,3.089280197713933,29.045745406155792,25.95646520844186,8.231663113114971,rising,214.73994780390692,3916,2000-2019,2020-2025
Core ML & Deep Learning,malware detection,860,3651,6.991528868510479,29.99038927541708,22.9988604069066,4.06998221732534,rising,193.52381414180127,4511,2000-2019,2020-2025
Core ML & Deep Learning,advanced malware,858,3648,6.975269499048827,29.965746391871136,22.990476892822308,4.075538199090706,rising,193.4277799355404,4506,2000-2019,2020-2025
Core ML & Deep Learning,convolutional neural,1401,4019,11.38968830788742,33.0132496570532,21.623561349165783,2.8186819359108912,rising,185.9201498304461,5420,2000-2019,2020-2025
Core ML & Deep Learning,fraud detection,768,3452,6.243597873274474,28.355744666869285,22.11214679359481,4.278983594384738,rising,184.58838367752756,4220,2000-2019,2020-2025
Core ML & Deep Learning,network analysi,4117,6399,33.46991203681121,52.563270603504215,19.093358566693006,1.5620667650243736,rising,176.81878740129443,10516,2000-2019,2020-2025
Core ML & Deep Learning,complex network,4050,6328,32.925223159845864,51.980055692916814,19.05483253307095,1.5700734574589694,rising,176.21032247895985,10378,2000-2019,2020-2025
Core ML & Deep Learning,data science,2910,4967,23.65738256670406,40.80040085757235,17.143018290868287,1.7096388958337059,rising,153.8042345386982,7877,2000-2019,2020-2025
Core ML & Deep Learning,natural language,2483,4396,20.1860071866413,36.11003868932717,15.924031502685867,1.7697972527520611,rising,140.7106968455999,6879,2000-2019,2020-2025
Core ML & Deep Learning,language processing,2449,4266,19.909597905793213,35.04218040233614,15.13258249654293,1.7414444207275435,rising,133.35207011536957,6715,2000-2019,2020-2025
Core ML & Deep Learning,graph theory,5037,6715,40.94922198917126,55.15898767034393,14.209765681172676,1.3428234596269388,rising,133.17198868101096,11752,2000-2019,2020-2025
Core ML & Deep Learning,transformer,122,1875,0.9918215371607889,15.40180221621666,14.409980679055872,10.659319375748334,rising,109.51444039491334,1997,2000-2019,2020-2025
Core ML & Deep Learning,node physic,1391,2961,11.30839146057916,24.32252605984935,13.01413459927019,2.102109008048747,rising,109.0404954839717,4352,2000-2019,2020-2025
Core ML & Deep Learning,distress bankruptcy,1004,2516,8.162203469749443,20.66716500053393,12.504961530784488,2.4436236200702175,rising,102.12177233217317,3520,2000-2019,2020-2025
Core ML & Deep Learning,financial distress,1006,2517,8.178462839211095,20.675379295049243,12.496916455838148,2.439991930296053,rising,102.06671544766341,3523,2000-2019,2020-2025
Core ML & Deep Learning,bankruptcy prediction,1008,2517,8.194722208672747,20.675379295049243,12.480657086376496,2.43542907833529,rising,101.94100067825127,3525,2000-2019,2020-2025
Core ML & Deep Learning,credit card,518,2017,4.21117669056794,16.568232037391468,12.357055346823529,3.6229233498210967,rising,96.85884217774354,2535,2000-2019,2020-2025
Core ML & Deep Learning,feature learning,478,1966,3.8859893013348943,16.149303017110377,12.263313715775482,3.796019979356332,rising,95.67592587647297,2444,2000-2019,2020-2025
Core ML & Deep Learning,privacy-preserving technology,282,1800,2.292571094092971,14.785730127567994,12.493159033475024,5.473712078414537,rising,95.46727982922103,2082,2000-2019,2020-2025
Core ML & Deep Learning,card fraud,464,1926,3.772173715103328,15.820731236497753,12.048557521394425,3.8202405437773765,rising,93.73135524320948,2390,2000-2019,2020-2025
Core ML & Deep Learning,graph embedding,439,1885,3.568931596832675,15.483945161369816,11.91501356453714,3.9282904568393304,rising,92.3589335594005,2324,2000-2019,2020-2025
Core ML & Deep Learning,attention,243,1705,1.9755133895907517,14.005372148613016,12.029858759022265,5.859540978290173,rising,91.1270426345427,1948,2000-2019,2020-2025
Core ML & Deep Learning,data quality,525,1916,4.268084483683722,15.738588291344598,11.470503807660876,3.405683843671957,rising,89.476498337335,2441,2000-2019,2020-2025
Core ML & Deep Learning,material science,2028,3242,16.487000634115407,26.63074281865302,10.143742184537611,1.5971473365442566,rising,86.93162075065477,5270,2000-2019,2020-2025
Core ML & Deep Learning,quality management,435,1788,3.53641285790937,14.687158593384208,11.150745735474837,3.762538453821664,rising,85.93949603740968,2223,2000-2019,2020-2025
Core ML & Deep Learning,generative adversarial,603,1930,4.902199892688161,15.853588414559015,10.951388521870854,3.027209051759354,rising,85.83210286729197,2533,2000-2019,2020-2025
Core ML & Deep Learning,intelligence healthcare,804,2084,6.5362665235842154,17.118589769917612,10.582323246333397,2.50396850529517,rising,84.32699628430343,2888,2000-2019,2020-2025
Core ML & Deep Learning,adversarial network,613,1910,4.983496739996423,15.689302524252705,10.705805784256281,2.952368405030412,rising,83.86500258602234,2523,2000-2019,2020-2025
Core ML & Deep Learning,generative grammar,632,1849,5.13796074988212,15.188230558818455,10.050269808936335,2.7826072679109144,rising,78.56114970381424,2481,2000-2019,2020-2025
Core ML & Deep Learning,leverage statistic,436,1673,3.544542542640196,13.742514724122918,10.197972181482722,3.521415481224161,rising,78.05979908828105,2109,2000-2019,2020-2025
Core ML & Deep Learning,computer vision,3759,4769,30.559484903175456,39.173970543539866,8.61448564036441,1.2773544270685468,rising,77.97166846772187,8528,2000-2019,2020-2025
Core ML & Deep Learning,intrusion detection,447,1650,3.633969074679284,13.55358595027066,9.919616875591377,3.3995382394970983,rising,75.87256828753758,2097,2000-2019,2020-2025
Core ML & Deep Learning,representation learning,243,1477,1.9755133895907517,12.13251299912107,10.156999609530319,5.102987142884918,rising,75.67635879786346,1720,2000-2019,2020-2025
Core ML & Deep Learning,network security,383,1591,3.113669251906411,13.068942573867043,9.955273321960632,3.7548933308461123,rising,75.54383626337754,1974,2000-2019,2020-2025
Core ML & Deep Learning,security intrusion,373,1557,3.0323724045981497,12.789656560346314,9.757284155748165,3.762246739060395,rising,73.82159492030564,1930,2000-2019,2020-2025
Core ML & Deep Learning,francisella bacterial,303,1470,2.46329447344032,12.075012937513861,9.61171846407354,4.243592073019508,rising,71.90519050144246,1773,2000-2019,2020-2025
Core ML & Deep Learning,bacillu francisella,303,1470,2.46329447344032,12.075012937513861,9.61171846407354,4.243592073019508,rising,71.90519050144246,1773,2000-2019,2020-2025
Core ML & Deep Learning,bacterial research,303,1470,2.46329447344032,12.075012937513861,9.61171846407354,4.243592073019508,rising,71.90519050144246,1773,2000-2019,2020-2025
Core ML & Deep Learning,digital media,258,1401,2.097458660553144,11.508226615957089,9.410767955403944,4.623067461408556,rising,69.77682487482122,1659,2000-2019,2020-2025
Core ML & Deep Learning,media forensic,253,1395,2.056810236899013,11.458940848865195,9.402130611966182,4.677289177068302,rising,69.65027204426644,1648,2000-2019,2020-2025
Core ML & Deep Learning,forensic detection,253,1394,2.056810236899013,11.45072655434988,9.393916317450866,4.674076465230415,rising,69.58372270892146,1647,2000-2019,2020-2025
Core ML & Deep Learning,reinforcement,2731,3601,22.202168999886183,29.579674549651305,7.377505549765122,1.3249691934635015,rising,64.57921126018178,6332,2000-2019,2020-2025
Core ML & Deep Learning,reinforcement learning,2719,3587,22.10461278311627,29.464674426436886,7.360061643320616,1.3255999876634896,rising,64.39623673606359,6306,2000-2019,2020-2025
Core ML & Deep Learning,learning material,232,1291,1.886086857551664,10.604654219272378,8.718567361720714,4.653918688721472,rising,63.89919743983126,1523,2000-2019,2020-2025
Core ML & Deep Learning,random forest,1170,2112,9.511731135066583,17.348590016346446,7.836858881279863,1.7827676128687553,rising,63.451229164919496,3282,2000-2019,2020-2025
Core ML & Deep Learning,black box,425,1436,3.4551160106011087,11.795726923993133,8.340610913392023,3.1088157442250086,rising,62.799849673599766,1861,2000-2019,2020-2025
Core ML & Deep Learning,language model,88,1134,0.7154122563127002,9.315009980367837,8.599597724055137,8.075457466707197,rising,61.13507456222196,1222,2000-2019,2020-2025
Core ML & Deep Learning,network image,616,1568,5.007885794188901,12.880013800014785,7.872128005825884,2.429246774530325,rising,60.53171364277287,2184,2000-2019,2020-2025
Core ML & Deep Learning,wide web,2869,3675,23.324065492740193,30.187532343784653,6.8634668510444605,1.2880896567857378,rising,60.30555414995227,6544,2000-2019,2020-2025
Core ML & Deep Learning,world wide,2869,3675,23.324065492740193,30.187532343784653,6.8634668510444605,1.2880896567857378,rising,60.30555414995227,6544,2000-2019,2020-2025
Core ML & Deep Learning,representation politic,3306,4094,26.876737720111215,33.62932174570187,6.752584025590657,1.2466540788981642,rising,60.16127227620657,7400,2000-2019,2020-2025
Core ML & Deep Learning,adversarial example,434,1384,3.528283173178544,11.368583609196724,7.840300436018181,2.946313131167425,rising,58.849625765006486,1818,2000-2019,2020-2025
Core ML & Deep Learning,benchmark surveying,2988,3759,24.291497975708502,30.87753308307116,6.586035107362658,1.2656570052288032,rising,58.069081049650585,6747,2000-2019,2020-2025
Core ML & Deep Learning,image synthesi,523,1449,4.25182511422207,11.902512752692235,7.650687638470165,2.6100524439697677,rising,58.04814269766204,1972,2000-2019,2020-2025
Core ML & Deep Learning,detection classification,337,1287,2.7397037542884086,10.571797041211116,7.832093286922708,3.417533787327108,rising,57.90472625295326,1624,2000-2019,2020-2025
Core ML & Deep Learning,pufs hardware,226,1178,1.8373087491667073,9.67643893904172,7.8391301898750125,4.353912996162704,rising,56.81638963768848,1404,2000-2019,2020-2025
Core ML & Deep Learning,hardware security,226,1178,1.8373087491667073,9.67643893904172,7.8391301898750125,4.353912996162704,rising,56.81638963768848,1404,2000-2019,2020-2025
Core ML & Deep Learning,unclonable function,226,1178,1.8373087491667073,9.67643893904172,7.8391301898750125,4.353912996162704,rising,56.81638963768848,1404,2000-2019,2020-2025
Core ML & Deep Learning,function pufs,226,1178,1.8373087491667073,9.67643893904172,7.8391301898750125,4.353912996162704,rising,56.81638963768848,1404,2000-2019,2020-2025
Core ML & Deep Learning,physical unclonable,226,1178,1.8373087491667073,9.67643893904172,7.8391301898750125,4.353912996162704,rising,56.81638963768848,1404,2000-2019,2020-2025
Healthcare AI,learning healthcare,4143,12420,183.43221464624102,297.09364908503767,113.66143443879665,1.617952840166705,rising,1104.2193516848583,16563,2000-2019,2020-2025
Healthcare AI,learning medical,4060,11964,179.75737182325335,286.18586293505564,106.42849111180229,1.5904251794825788,rising,1030.4305702281783,16024,2000-2019,2020-2025
Healthcare AI,radiomic machine,4035,11853,178.65049145488356,283.5306781485468,104.88018669366326,1.5854306390227002,rising,1014.5461441934743,15888,2000-2019,2020-2025
Healthcare AI,medical imaging,4735,13008,209.6431417692376,311.1589522784356,101.51581050919802,1.4830793413219003,rising,993.2106619261316,17743,2000-2019,2020-2025
Healthcare AI,intelligence healthcare,1785,7093,79.03125830160276,169.66869991627794,90.63744161467518,2.1396455123462896,rising,824.0252444143439,8878,2000-2019,2020-2025
Healthcare AI,internal medicine,5015,12406,222.0402018949792,296.7587609137663,74.71855901878712,1.335753083634067,rising,729.6632702569248,17421,2000-2019,2020-2025
Healthcare AI,neural network,3458,9036,153.10369255290888,216.14639397201293,63.04270141910405,1.4104243874045472,rising,594.6870881925854,12494,2000-2019,2020-2025
Healthcare AI,detection classification,936,4108,41.44160099176481,98.2657576844875,56.82415669272269,2.3548399524348165,rising,484.4914502388459,5044,2000-2019,2020-2025
Healthcare AI,brain tumor,827,3897,36.61560258567254,93.21851453175458,56.60291194608204,2.525043593605349,rising,478.8958896174463,4724,2000-2019,2020-2025
Healthcare AI,tumor detection,869,3962,38.47516160453378,94.77335246980026,56.29819086526648,2.4444633081064016,rising,477.5784392218853,4831,2000-2019,2020-2025
Healthcare AI,covid-19 diagnosi,534,3077,23.642964668378642,73.60363592871666,49.96067126033802,3.0693676997247246,rising,409.27866402630536,3611,2000-2019,2020-2025
Healthcare AI,convolutional neural,1441,4626,63.8005844328345,110.65662002152852,46.85603558869403,1.728703105920254,rising,408.1528210624271,6067,2000-2019,2020-2025
Healthcare AI,healthcare education,264,2314,11.688656689984946,55.3522305944265,43.663573904441556,4.582312228083231,rising,342.9842284572919,2578,2000-2019,2020-2025
Healthcare AI,transformer,13,1281,0.575577791552289,30.64226767133118,30.06668987977889,28.95398911722249,rising,215.46589664028767,1294,2000-2019,2020-2025
Healthcare AI,natural language,323,1684,14.300894359337644,40.28226288721445,25.981368527876807,2.7553917957319642,rising,197.58556612158304,2007,2000-2019,2020-2025
Healthcare AI,health care,1093,3001,48.39280970512707,71.78567157038631,23.392861865259242,1.478451985196633,rising,194.57064312040106,4094,2000-2019,2020-2025
Healthcare AI,language processing,321,1662,14.21234392986806,39.75601004664514,25.543666116777075,2.7362064290055073,rising,193.94974350070507,1983,2000-2019,2020-2025
Healthcare AI,transfer learning,223,1484,9.873372885858496,35.498146154766175,25.62477326890768,3.4702450736963923,rising,190.7271957653907,1707,2000-2019,2020-2025
Healthcare AI,data science,1206,3134,53.39590897015851,74.96710919746442,21.571200227305916,1.400238174649761,rising,180.67735346591314,4340,2000-2019,2020-2025
Healthcare AI,artificial neural,2369,5161,104.88798370672097,123.45413228082765,18.566148574106677,1.1761695016936038,rising,165.73598158523237,7530,2000-2019,2020-2025
Healthcare AI,imaging analysi,447,1631,19.791020986451784,39.01447195311565,19.22345096666387,1.9473870723163351,rising,146.8602889234903,2078,2000-2019,2020-2025
Healthcare AI,explainable ai,130,1056,5.7557779155228905,25.260136347326874,19.504358431803983,4.117815033587826,rising,138.07494983730027,1186,2000-2019,2020-2025
Healthcare AI,attention,76,952,3.364916319844151,22.772395646453774,19.40747932660962,6.0214487767725355,rising,134.61692824797814,1028,2000-2019,2020-2025
Healthcare AI,adversarial,305,1323,13.503940494111397,31.646932185145317,18.14299169103392,2.2955633236704327,rising,134.1805156940669,1628,2000-2019,2020-2025
Healthcare AI,advanced neural,180,1050,7.969538652262464,25.116612845353426,17.147074193090962,3.0245582312220125,rising,122.01141464471677,1230,2000-2019,2020-2025
Healthcare AI,intelligence xai,130,967,5.7557779155228905,23.131204401387393,17.3754264858645,3.777500531588512,rising,121.64962861574885,1097,2000-2019,2020-2025
Healthcare AI,blood disease,1978,4242,87.57637474541751,101.47111589522784,13.89474114981033,1.1577578685541126,rising,121.38009496507254,6220,2000-2019,2020-2025
Healthcare AI,imaging blood,1978,4241,87.57637474541751,101.44719531156561,13.870820566148097,1.157486279450549,rising,121.16890240237309,6219,2000-2019,2020-2025
Healthcare AI,language model,9,747,0.39847693261312317,17.868675995694296,17.470199063081175,20.444237719349104,rising,115.81629569902768,756,2000-2019,2020-2025
Healthcare AI,random forest,428,1421,18.949791906490745,33.991149384044974,15.041357477554229,1.7733428485954472,rising,113.15524363124652,1849,2000-2019,2020-2025
Healthcare AI,adversarial network,274,1152,12.131408837332861,27.556512378902045,15.425103541569184,2.221170475931346,rising,112.0376114061263,1426,2000-2019,2020-2025
Healthcare AI,generative adversarial,274,1146,12.131408837332861,27.412988876928598,15.281580039595736,2.209808045673428,rising,110.93076412823613,1420,2000-2019,2020-2025
Healthcare AI,cancer diagnosi,731,1918,32.36518197113256,45.87967946417893,13.51449749304637,1.4112101830112171,rising,106.52552521196084,2649,2000-2019,2020-2025
Healthcare AI,histopathological image,313,1151,13.858142211989728,27.532591795239803,13.674449583250075,1.9523829323706838,rising,99.68141155711328,1464,2000-2019,2020-2025
Healthcare AI,histopathology image,265,1021,11.732931904719738,24.422915919148426,12.689984014428688,2.03736243390128,rising,90.86116378659794,1286,2000-2019,2020-2025
Healthcare AI,diagnosi treatment,567,1536,25.10404675462676,36.74201650520273,11.637969750575966,1.454536341934813,rising,89.04903783219571,2103,2000-2019,2020-2025
Healthcare AI,large language model,0,584,0.0,13.969620858748954,13.969620858748954,28.939241717497907,rising,89.0090017649421,584,2000-2019,2020-2025
Healthcare AI,image synthesi,237,943,10.493225892145578,22.557110393493602,12.063884501348024,2.0973925779117675,rising,85.34132821964879,1180,2000-2019,2020-2025
Healthcare AI,network image,241,935,10.670326751084742,22.36574572419567,11.695418973110927,2.04700777638176,rising,82.69508087768466,1176,2000-2019,2020-2025
Healthcare AI,health record,825,1962,36.527052156202956,46.93218514531755,10.405132989114591,1.281014349865588,rising,82.54475003967056,2787,2000-2019,2020-2025
Healthcare AI,electronic health,689,1714,30.50562295227132,40.99988039708169,10.49425744481037,1.3384630413962255,rising,81.69663244795306,2403,2000-2019,2020-2025
Healthcare AI,data mining,2299,4636,101.78871867528558,110.89582585815094,9.107107182865363,1.089033348944137,rising,80.54763205838327,6935,2000-2019,2020-2025
Healthcare AI,generative grammar,106,677,4.693172761887896,16.1942351393374,11.501062377449506,3.2146504468047925,rising,76.64778385188718,783,2000-2019,2020-2025
Healthcare AI,ensemble learning,132,716,5.844328344992473,17.12713790216481,11.282809557172339,2.7784088312638753,rising,76.09193544144958,848,2000-2019,2020-2025
Healthcare AI,domain mathematical,239,893,10.581776321615159,21.361081210381535,10.779304888766376,1.9727055100129742,rising,75.8068010777562,1132,2000-2019,2020-2025
Healthcare AI,cancer prediction,74,609,3.2763658903745685,14.567635450304987,11.291269559930418,3.9899829327211895,rising,73.70893252375826,683,2000-2019,2020-2025
Healthcare AI,project management,449,1243,19.87957141592137,29.733285492166008,9.85371407624464,1.4835093866864397,rising,73.2550466127509,1692,2000-2019,2020-2025
Healthcare AI,task project,449,1241,19.87957141592137,29.685444324841527,9.805872908920158,1.4811618806301001,rising,72.88779219372684,1690,2000-2019,2020-2025
Healthcare AI,cervical cancer,653,1598,28.911715221818827,38.22509269226169,9.313377470442862,1.316655366754463,rising,71.89530647298692,2251,2000-2019,2020-2025
Healthcare AI,theoretical computer,175,762,7.748162578588506,18.227484750627916,10.47932217203941,2.2705038330891774,rising,71.71786058051451,937,2000-2019,2020-2025
Healthcare AI,coronaviru disease,3,450,0.1328256442043744,10.76426264800861,10.631437003804237,17.79994655900948,rising,65.04416494412781,453,2000-2019,2020-2025
Healthcare AI,disease covid-19,3,448,0.1328256442043744,10.71642148068413,10.583595836479756,17.72434727228236,rising,64.70474126403288,451,2000-2019,2020-2025
Healthcare AI,intensive care,441,1173,19.525369698043036,28.058844635809113,8.533474937766076,1.4261332033535443,rising,63.03754938899343,1614,2000-2019,2020-2025
Healthcare AI,detection,15964,29788,706.809528026211,712.5463461308456,5.736818104634608,1.0081107603917674,rising,61.56186760754887,45752,2000-2019,2020-2025
Healthcare AI,slide image,156,660,6.906933498627469,15.787585217079297,8.880651718451828,2.198964688976544,rising,59.550445351086246,816,2000-2019,2020-2025
Healthcare AI,care medicine,422,1106,18.684140618081997,26.45616553043894,7.772024912356944,1.4051276034242277,rising,56.98735613507957,1528,2000-2019,2020-2025
Healthcare AI,whole slide,270,838,11.954307978393695,20.04544910895826,8.091141130564564,1.6496660548784763,rising,56.728721868240136,1108,2000-2019,2020-2025
Healthcare AI,benchmark surveying,196,703,8.677942088019126,16.816170314555674,8.138228226536548,1.8867160141662018,rising,55.3594410709303,899,2000-2019,2020-2025
Healthcare AI,melanoma detection,168,650,7.438236075444966,15.548379380456883,8.110143305011917,2.021655595516831,rising,54.403523222117975,818,2000-2019,2020-2025
Healthcare AI,computational biology,174,660,7.703887363853715,15.787585217079297,8.083697853225582,1.985349687861673,rising,54.382525391898525,834,2000-2019,2020-2025
Healthcare AI,sepsi diagnosi,240,771,10.626051536349951,18.442770003588087,7.816718467238136,1.7025599730236836,rising,54.08922053655174,1011,2000-2019,2020-2025
Healthcare AI,alzheimer disease,71,485,3.143540246170194,11.601483076187058,8.457942830016865,3.3213529310969454,rising,53.475895338356835,556,2000-2019,2020-2025
Healthcare AI,deep learning-based,21,405,0.9297795094306207,9.68783638320775,8.75805687377713,7.12545977614747,rising,53.04565886004039,426,2000-2019,2020-2025
Healthcare AI,mathematical analysi,372,994,16.470379881342424,23.77706016026791,7.306680278925487,1.4305549038980911,rising,52.75696311926043,1366,2000-2019,2020-2025
Healthcare AI,cutaneou melanoma,166,636,7.3496856459753825,15.213491209185504,7.863805563210121,2.0017987876039314,rising,52.595921008257186,802,2000-2019,2020-2025
Healthcare AI,detection management,168,638,7.438236075444966,15.261332376509987,7.823096301065021,1.9854955467076494,rising,52.3625156310736,806,2000-2019,2020-2025
Healthcare AI,electrical engineering,24,400,1.0626051536349952,9.568233464896544,8.505628311261548,6.443235798547965,rising,51.476820977482895,424,2000-2019,2020-2025
Healthcare AI,digital imaging,2230,4371,98.73372885858497,104.55687118765698,5.823142329072013,1.0586810794681554,rising,51.215281636375714,6601,2000-2019,2020-2025
Healthcare AI,logistic regression,317,880,14.035243070928894,21.050113622772397,7.014870551843503,1.4826111622359823,rising,49.724270000958995,1197,2000-2019,2020-2025
Healthcare AI,pipeline software,109,519,4.825998406092269,12.414782920703265,7.588784514610996,2.4248567002818446,rising,48.903123490969,628,2000-2019,2020-2025
Healthcare AI,lung cancer,291,819,12.884087487824315,19.590958019375673,6.706870531551358,1.5011077921937293,rising,47.035388936838416,1110,2000-2019,2020-2025
Healthcare AI,colorectal cancer,668,1490,29.575843442840696,35.64166965673962,6.0658262138989265,1.2016843260082486,rising,46.56977678601562,2158,2000-2019,2020-2025
Healthcare AI,domain adaptation,56,405,2.479412025148322,9.68783638320775,7.208424358059428,3.4194117152026253,rising,44.22775541132785,461,2000-2019,2020-2025
Healthcare AI,representation politic,315,845,13.946692641459311,20.21289319459395,6.266200553134638,1.4337463742498273,rising,44.22080903820692,1160,2000-2019,2020-2025
Healthcare AI,scale ratio,160,568,7.084034357566634,13.586891520153092,6.502857162586458,1.857440361685403,rising,42.86471274162551,728,2000-2019,2020-2025
Healthcare AI,image classification,851,1779,37.67820773930754,42.554718335127376,4.876510595819838,1.127730212720255,rising,38.40310261733809,2630,2000-2019,2020-2025
Healthcare AI,federated,10,298,0.4427521473479146,7.128333931347925,6.68558178400001,8.091558266727292,rising,38.330722002282926,308,2000-2019,2020-2025
Healthcare AI,leverage statistic,93,427,4.117594970335606,10.21408922377706,6.096494253441454,2.3202747951274647,rising,38.13814418051554,520,2000-2019,2020-2025
Healthcare AI,robustness evolution,225,650,9.961923315328079,15.548379380456883,5.586456065128804,1.5339798330335608,rising,37.85028499217964,875,2000-2019,2020-2025
Healthcare AI,model breast,39,333,1.7267333746568672,7.965554359526372,6.2388209848695055,3.8017817740890907,rising,36.94366770802424,372,2000-2019,2020-2025
"Knowledge, Logic & Reasoning",web ontology,64869,18710,589.0648553422568,620.8315359856655,31.766680643408677,1.0538815710528866,rising,360.0295663332316,83579,2000-2019,2020-2025
"Knowledge, Logic & Reasoning",semantic web,64885,18712,589.2101487441201,620.8978995918638,31.6877508477437,1.0537344505859831,rising,359.14183441424353,83597,2000-2019,2020-2025
"Knowledge, Logic & Reasoning",knowledge graph,456,1341,4.140861953106555,44.49679795600093,40.35593600289438,9.695784621621948,rising,302.44474613597185,1797,2000-2019,2020-2025
"Knowledge, Logic & Reasoning",natural language,13229,4381,120.13040082817238,145.36947937750938,25.239078549336995,1.2092265165004954,rising,246.7442732427148,17610,2000-2019,2020-2025
"Knowledge, Logic & Reasoning",language processing,12936,4285,117.4697154065491,142.18402627998805,24.714310873438947,1.2094970797231146,rising,241.0619774494169,17221,2000-2019,2020-2025
"Knowledge, Logic & Reasoning",quality management,4264,1752,38.72069159659287,58.13451902976408,19.413827433171207,1.4949894212181025,rising,168.94580614040777,6016,2000-2019,2020-2025
"Knowledge, Logic & Reasoning",data quality,4292,1745,38.9749550498538,57.902246408069814,18.927291358216017,1.4794759445403376,rising,164.77774515756659,6037,2000-2019,2020-2025
"Knowledge, Logic & Reasoning",neural network,471,694,4.277074517353481,23.028171350831204,18.751096833477725,4.925225944322491,rising,132.40776448750174,1165,2000-2019,2020-2025
"Knowledge, Logic & Reasoning",data science,10449,3242,94.88567225440875,107.5754056475429,12.689733393134148,1.1330360534576787,rising,120.8642159106031,13691,2000-2019,2020-2025
"Knowledge, Logic & Reasoning",language model,31,563,0.28150596611031403,18.68135514483857,18.399849178728257,24.544093041678725,rising,117.5485663310838,594,2000-2019,2020-2025
"Knowledge, Logic & Reasoning",advanced graph,265,566,2.4064219683623618,18.78090055413611,16.374478585773748,6.633895822429402,rising,110.09925031655771,831,2000-2019,2020-2025
"Knowledge, Logic & Reasoning",graph neural,243,562,2.2066435408002034,18.64817334173939,16.441529800939186,7.074508723848559,rising,110.02809428280337,805,2000-2019,2020-2025
"Knowledge, Logic & Reasoning",advanced algebra,8749,2728,79.44824830642378,90.51995885456415,11.071710548140373,1.1384859678939427,rising,103.50042547069725,11477,2000-2019,2020-2025
"Knowledge, Logic & Reasoning",algebra logic,8753,2729,79.48457165688963,90.55314065766333,11.068569000773707,1.1383838004190936,rising,103.47587829250007,11482,2000-2019,2020-2025
"Knowledge, Logic & Reasoning",large language model,0,419,0.0,13.90317549855659,13.90317549855659,28.80635099711318,rising,83.97872130687315,419,2000-2019,2020-2025
"Knowledge, Logic & Reasoning",cognitive science,2313,919,21.00397740687601,30.494077048146796,9.490099641270785,1.441318341333277,rising,76.69106844824188,3232,2000-2019,2020-2025
"Knowledge, Logic & Reasoning",modal logic,3545,1157,32.19156935035688,38.391346185751736,6.199776835394857,1.1896445156533049,rising,52.4250393980038,4702,2000-2019,2020-2025
"Knowledge, Logic & Reasoning",material science,978,461,8.881059188899584,15.296811228722168,6.415752039822584,1.683904867311168,rising,46.657904821533755,1439,2000-2019,2020-2025
"Knowledge, Logic & Reasoning",scientific computing,2294,796,20.831441492163236,26.412715266947608,5.581273774784371,1.261645410922409,rising,44.8525110496344,3090,2000-2019,2020-2025
"Knowledge, Logic & Reasoning",computing data,2295,795,20.8405223297797,26.379533463848425,5.539011134068726,1.2595536814175956,rising,44.51287790562895,3090,2000-2019,2020-2025
"Knowledge, Logic & Reasoning",political science,4244,1312,38.53907484426364,43.5345256661247,4.995450821861063,1.1279602767685744,rising,43.07484165094099,5556,2000-2019,2020-2025
"Knowledge, Logic & Reasoning",probabilistic logic,1747,636,15.864223315958665,21.10362677107874,5.239403455120076,1.3201742822716507,rising,40.74440449553605,2383,2000-2019,2020-2025
"Knowledge, Logic & Reasoning",graph theory,1522,575,13.821034852254773,19.079536782028736,5.2585019297739635,1.3671872866747503,rising,40.2209129405653,2097,2000-2019,2020-2025
"Knowledge, Logic & Reasoning",big data,1111,467,10.088810591888995,15.495902047317252,5.407091455428256,1.5106420035098254,rising,39.82077923388136,1578,2000-2019,2020-2025
"Knowledge, Logic & Reasoning",causal inference,2303,770,20.913169030711394,25.549988386368916,4.636819355657522,1.216540547968741,rising,37.237067136214954,3073,2000-2019,2020-2025
"Knowledge, Logic & Reasoning",modeling causal,2294,767,20.831441492163236,25.450442977071376,4.619001484908139,1.2165348969316054,rising,37.07591001764489,3061,2000-2019,2020-2025
"Knowledge, Logic & Reasoning",bayesian modeling,2294,767,20.831441492163236,25.450442977071376,4.619001484908139,1.2165348969316054,rising,37.07591001764489,3061,2000-2019,2020-2025
"Knowledge, Logic & Reasoning",mathematical economic,2287,760,20.767875628848007,25.21817035537711,4.450294726529105,1.2092496121470953,rising,35.70133644701014,3047,2000-2019,2020-2025
"Knowledge, Logic & Reasoning",benchmark surveying,550,283,4.994460689053958,9.390450277068055,4.395989588014097,1.8000766293171901,rising,29.568452003321685,833,2000-2019,2020-2025
"Knowledge, Logic & Reasoning",generative grammar,174,193,1.5800657452643432,6.404087998141819,4.824022252877476,3.3191681627661342,rising,28.500723565572663,367,2000-2019,2020-2025
"Knowledge, Logic & Reasoning",management practice,694,309,6.302101305824449,10.253177157646746,3.9510758518222975,1.58086107133381,rising,27.30883785192235,1003,2000-2019,2020-2025
"Knowledge, Logic & Reasoning",set programming,1455,496,13.212618731951835,16.458174337193483,3.2455556052416483,1.2366838653275734,rising,24.59030829792796,1951,2000-2019,2020-2025
"Knowledge, Logic & Reasoning",theoretical science,1344,465,12.204645756524581,15.42953844111889,3.224892684594309,1.2538357028127398,rising,24.190184869066798,1809,2000-2019,2020-2025
"Knowledge, Logic & Reasoning",philosophy theoretical,1344,465,12.204645756524581,15.42953844111889,3.224892684594309,1.2538357028127398,rising,24.190184869066798,1809,2000-2019,2020-2025
"Knowledge, Logic & Reasoning",answer set,1547,515,14.048055792666316,17.08862859607791,3.040572803411594,1.2090020032054283,rising,23.205397787552293,2062,2000-2019,2020-2025
"Knowledge, Logic & Reasoning",data business,600,264,5.4485025698770455,8.759996018183628,3.3114934483065825,1.5566936232113002,rising,22.394734454874524,864,2000-2019,2020-2025
"Knowledge, Logic & Reasoning",electrical engineering,221,172,2.006865113238045,5.707270133059031,3.7004050198209857,2.47610854699768,rising,22.114918904977788,393,2000-2019,2020-2025
"Knowledge, Logic & Reasoning",business intelligence,686,284,6.229454604892755,9.423632080167236,3.194177475274481,1.474656218492373,rising,21.970595472600422,970,2000-2019,2020-2025
"Knowledge, Logic & Reasoning",mathematical proof,6105,1743,55.43851364849894,57.835882801871456,2.397369153372516,1.0428572194183934,rising,21.499945589310197,7848,2000-2019,2020-2025
"Knowledge, Logic & Reasoning",normal modal,1258,427,11.423693721508872,14.168629923350036,2.7449362018411634,1.2302085466091466,rising,20.395189282750156,1685,2000-2019,2020-2025
"Knowledge, Logic & Reasoning",computing network,1022,364,9.280616044023901,12.07817632810167,2.7975602840777682,1.286031091649602,rising,20.240064480009757,1386,2000-2019,2020-2025
"Knowledge, Logic & Reasoning",social psychology,490,224,4.449610432066254,7.432723894216411,2.9831134621501576,1.6026966168537093,rising,19.60586453016496,714,2000-2019,2020-2025
"Knowledge, Logic & Reasoning",cognitive computing,1039,365,9.434990283503751,12.11135813120085,2.676367847697099,1.2693880689688235,rising,19.39775903262101,1404,2000-2019,2020-2025
"Knowledge, Logic & Reasoning",computability logic,2577,768,23.40131853762191,25.483624780170555,2.0823062425486434,1.087120977835218,rising,16.898999793178707,3345,2000-2019,2020-2025
"Knowledge, Logic & Reasoning",mathematic education,609,241,5.530230108425201,7.9968145469024785,2.4665844384772777,1.40903653660431,rising,16.64059517189345,850,2000-2019,2020-2025
"Knowledge, Logic & Reasoning",cognitive psychology,365,179,3.314505730008536,5.939542754753293,2.625037024744757,1.6881722588836912,rising,16.53979599597683,544,2000-2019,2020-2025
"Knowledge, Logic & Reasoning",intuitionistic logic,1059,358,9.616607035832985,11.879085509506586,2.2624784736736014,1.223640047069132,rising,16.418812408186866,1417,2000-2019,2020-2025
"Knowledge, Logic & Reasoning",completeness order,2100,633,19.06975899456966,21.0040813617812,1.9343223672115393,1.0988424215008619,rising,15.307300707130851,2733,2000-2019,2020-2025
"Knowledge, Logic & Reasoning",conference logic,36,103,0.3269101541926227,3.417725719215582,3.090815565022959,4.737788862976009,rising,15.273705316578601,139,2000-2019,2020-2025
"Knowledge, Logic & Reasoning",order theory,2362,703,21.448938450082636,23.326807578723827,1.8778691286411906,1.0855562619992731,rising,15.075775721454137,3065,2000-2019,2020-2025
"Knowledge, Logic & Reasoning",cultural heritage,373,174,3.38715243094023,5.7736337392573915,2.3864813083171614,1.6139407575894613,rising,15.049808097403883,547,2000-2019,2020-2025
"Knowledge, Logic & Reasoning",proceeding international,49,100,0.4449610432066254,3.318180309918041,2.8732192667114154,4.040569013259478,rising,14.39665386546158,149,2000-2019,2020-2025
"Knowledge, Logic & Reasoning",graph construction,21,96,0.19069758994569658,3.1854530975213193,2.994755507575623,5.335841837541483,rising,14.287034054024893,117,2000-2019,2020-2025
"Knowledge, Logic & Reasoning",graph database,174,122,1.5800657452643432,4.04817997810001,2.468114232835667,2.1865558761566977,rising,14.052781329732808,296,2000-2019,2020-2025
"Knowledge, Logic & Reasoning",kripke semantic,589,224,5.348613356095966,7.432723894216411,2.084110538120445,1.3563426766702216,rising,13.967626224851449,813,2000-2019,2020-2025
"Knowledge, Logic & Reasoning",computer vision,134,111,1.2168322406058736,3.6831801440090253,2.4663479034031517,2.43656895826512,rising,13.578062891186034,245,2000-2019,2020-2025
"Knowledge, Logic & Reasoning",algebraic number,1116,361,10.134214779971305,11.978630918804129,1.8444161388328233,1.173441685822129,rising,13.461369933606989,1477,2000-2019,2020-2025
"Knowledge, Logic & Reasoning",extraction chemistry,143,109,1.298559779154029,3.6168165378106645,2.318256758656635,2.2889517410130518,rising,12.827817580522156,252,2000-2019,2020-2025
"Knowledge, Logic & Reasoning",epistemic logic,242,131,2.1975627031837415,4.346816205992634,2.1492535028088926,1.796739034192711,rising,12.732727524129073,373,2000-2019,2020-2025
"Knowledge, Logic & Reasoning",intermediate logic,1572,480,14.275076733077858,15.927265487606597,1.6521887545287388,1.1118226852135316,rising,12.601338494543691,2052,2000-2019,2020-2025
"Knowledge, Logic & Reasoning",international conference,136,104,1.234993915838797,3.4509075223147625,2.2159136064759655,2.2771881135990406,rising,12.153836153679594,240,2000-2019,2020-2025
"Knowledge, Logic & Reasoning",extended version,114,98,1.0352154882766387,3.25181670371968,2.2166012154430415,2.443837189221752,rising,11.883846730856769,212,2000-2019,2020-2025
"Knowledge, Logic & Reasoning",pipeline software,121,99,1.0987813515918707,3.2849985068188605,2.1862171552269896,2.367427230152655,rising,11.801555904764582,220,2000-2019,2020-2025
"Knowledge, Logic & Reasoning",proof assistant,1272,396,11.550825448139337,13.139994027275442,1.5891685791361052,1.1318721763894999,rising,11.791598952504105,1668,2000-2019,2020-2025
"Knowledge, Logic & Reasoning",robotic automated,181,112,1.6436316085795755,3.7163619471082057,2.07273033852863,1.9669246946316838,rising,11.780528215210378,293,2000-2019,2020-2025
"Knowledge, Logic & Reasoning",zeroth-order logic,782,265,7.101215016073082,8.793177821282809,1.6919628052097266,1.2225910991377038,rising,11.766990283044624,1047,2000-2019,2020-2025
"Knowledge, Logic & Reasoning",quantum mechanic,409,165,3.7140625851328526,5.4749975113647675,1.760934926231915,1.4178710901077896,rising,11.189632139041773,574,2000-2019,2020-2025
"Knowledge, Logic & Reasoning",proof concept,323,143,2.9331105501171426,4.744997843182799,1.8118872930656562,1.5277684090318129,rising,11.136455880967944,466,2000-2019,2020-2025
"Knowledge, Logic & Reasoning",environmental science,279,132,2.5335536949928263,4.379998009091814,1.8464443140989877,1.6086736876115701,rising,11.117484328463677,411,2000-2019,2020-2025
"Knowledge, Logic & Reasoning",computer security,2144,629,19.469315849693977,20.871354149384477,1.4020382996904992,1.0702096311282485,rising,11.115423574119214,2773,2000-2019,2020-2025
"Knowledge, Logic & Reasoning",mechanical engineering,249,120,2.2611285664989738,3.9818163719016493,1.7206878054026755,1.6231827906458027,rising,10.17529250901384,369,2000-2019,2020-2025
"Knowledge, Logic & Reasoning",leverage statistic,272,125,2.469987831677594,4.147725387397551,1.6777375557199568,1.5648971143333905,rising,10.043695354780747,397,2000-2019,2020-2025
"Knowledge, Logic & Reasoning",categorical variable,566,200,5.1397540909173465,6.636360619836082,1.4966065289187354,1.2653673377938544,rising,9.941189115182762,766,2000-2019,2020-2025
"Knowledge, Logic & Reasoning",graph reasoning,6,68,0.05448502569877046,2.256362610744268,2.2018775850454975,4.971031647375252,rising,9.50658030089597,74,2000-2019,2020-2025
"Knowledge, Logic & Reasoning",mathematical optimization,1004,314,9.117160966927589,10.419086173142649,1.30192520621506,1.1353752121537992,rising,9.353849791230221,1318,2000-2019,2020-2025
"Knowledge, Logic & Reasoning",sequent calculu,1272,386,11.550825448139337,12.808175996283637,1.2573505481443004,1.1043372965242342,rising,9.321959608296513,1658,2000-2019,2020-2025
"Knowledge, Logic & Reasoning",natural archaeology,701,232,6.365667169139681,7.698178319009855,1.3325111498701743,1.1940832721777783,rising,9.11367861321428,933,2000-2019,2020-2025
"Knowledge, Logic & Reasoning",chain unit,32,68,0.29058680372677576,2.256362610744268,1.965775807017492,3.486476877366217,rising,9.072292258476612,100,2000-2019,2020-2025
"Knowledge, Logic & Reasoning",counterfactual thinking,134,87,1.2168322406058736,2.8868168696286958,1.6699846290228222,1.972712761051995,rising,9.02238818329597,221,2000-2019,2020-2025
"Knowledge, Logic & Reasoning",foundation evidence,212,105,1.9251375746898893,3.484089325413943,1.5589517507240536,1.6428302323934765,rising,8.98276009094711,317,2000-2019,2020-2025
NLP & Language AI,language model,7027,30508,36.82392952779219,153.68572709549693,116.86179756770474,4.131015384665941,rising,1230.9118289956723,37535,2000-2019,2020-2025
NLP & Language AI,large language model,4,13834,0.02096139435195229,69.689535487056,69.66857409270405,134.73078091394464,rising,664.30699050818,13838,2000-2019,2020-2025
NLP & Language AI,detection,14274,26983,74.80073574494175,135.92834581807375,61.127610073132004,1.8117797185964175,rising,649.6398079066072,41257,2000-2019,2020-2025
NLP & Language AI,sentiment analysi,18028,30657,94.47300434424898,154.43632278637241,59.96331844212344,1.6313722394710626,rising,647.1928981657892,48685,2000-2019,2020-2025
NLP & Language AI,analysi opinion,17606,29729,92.26157724011802,149.7614717720607,57.49989453194269,1.6198675814135988,rising,618.9878817340808,47335,2000-2019,2020-2025
NLP & Language AI,opinion mining,17612,29732,92.29301933164594,149.77658443697766,57.48356510533172,1.6194815678955674,rising,618.8230233448122,47344,2000-2019,2020-2025
NLP & Language AI,natural language,125007,138629,655.080255938625,698.3512082575601,43.27095231893509,1.0660040504987174,rising,540.1222385812162,263636,2000-2019,2020-2025
NLP & Language AI,hate speech,5919,16595,31.017623292301405,83.59822476562775,52.58060147332634,2.6682920848974625,rising,526.959477109045,22514,2000-2019,2020-2025
NLP & Language AI,cyberbullying detection,5919,16587,31.017623292301405,83.5579243258492,52.54030103354779,2.6670134212303203,rising,526.5369167715419,22506,2000-2019,2020-2025
NLP & Language AI,speech cyberbullying,5919,16584,31.017623292301405,83.54281166093224,52.525188368630836,2.666533922355142,rising,526.3784623191679,22503,2000-2019,2020-2025
NLP & Language AI,language processing,124925,138078,654.65054735441,695.5755154678126,40.92496811340254,1.0624665098406212,rising,510.7405130456163,263003,2000-2019,2020-2025
NLP & Language AI,transformer,756,10923,3.961703532518983,55.02521296263645,51.06350943011747,12.444845910971608,rising,478.24210210629514,11679,2000-2019,2020-2025
NLP & Language AI,multimodal machine,4369,12151,22.89508298091989,61.21133046864374,38.31624748772384,2.637790621173392,rising,372.1422461326833,16520,2000-2019,2020-2025
NLP & Language AI,social media,7751,14141,40.617941905495556,71.23606486355783,30.618122958062273,1.7446414275411497,rising,305.9951396716765,21892,2000-2019,2020-2025
NLP & Language AI,benchmark surveying,2289,8076,11.995157917904699,40.6832939564453,28.6881360385406,3.2959402535787468,rising,265.2587249274513,10365,2000-2019,2020-2025
NLP & Language AI,task project,20317,25569,106.46816226215368,128.8052430872152,22.337080825061506,1.2088198988622296,rising,239.7648212781627,45886,2000-2019,2020-2025
NLP & Language AI,project management,20336,25587,106.56772888532545,128.89591907671692,22.32819019139147,1.208542671296465,rising,239.68738637878553,45923,2000-2019,2020-2025
NLP & Language AI,data science,10563,15560,55.35380213491801,78.38435536927797,23.030553234359957,1.412336355880095,rising,234.23476837560312,26123,2000-2019,2020-2025
NLP & Language AI,neural network,13828,18310,72.46354027469907,92.23763154315421,19.774091268455138,1.2710133197211653,rising,205.21206909808237,32138,2000-2019,2020-2025
NLP & Language AI,theoretical computer,5949,9437,31.174833749941048,47.539406273770965,16.364572523829917,1.516642728199335,rising,157.77539757096685,15386,2000-2019,2020-2025
NLP & Language AI,code set,1063,4618,5.570490549031321,23.26342886216746,17.69293831313614,3.914581312701233,rising,152.95648785824267,5681,2000-2019,2020-2025
NLP & Language AI,social psychology,3276,6478,17.167381974248926,32.63328111068012,15.465899136431197,1.875392809131172,rising,142.06256173791587,9754,2000-2019,2020-2025
NLP & Language AI,graph neural,1217,4435,6.377504231581485,22.341556302233148,15.964052070651663,3.32119843668649,rising,137.92847849455674,5652,2000-2019,2020-2025
NLP & Language AI,political science,10026,12918,52.53973494316842,65.07513513241213,12.53540018924371,1.2363397969970114,rising,125.86613976410013,22944,2000-2019,2020-2025
NLP & Language AI,advanced graph,1205,4149,6.314620048525628,20.900815580150017,14.586195531624389,3.1404268217096236,rising,125.23395313899452,5354,2000-2019,2020-2025
NLP & Language AI,question answering,4087,6790,21.417304679107254,34.20499826204353,12.787693582936278,1.5834519239551472,rising,118.85518833893352,10877,2000-2019,2020-2025
NLP & Language AI,computer security,2694,5221,14.117499096039868,26.301074510475594,12.183575414435726,1.833492469155443,rising,109.3675863287919,7915,2000-2019,2020-2025
NLP & Language AI,set theory,3034,5515,15.899217615955813,27.782115672337273,11.88289805638146,1.7246015227470275,rising,107.58403444985453,8549,2000-2019,2020-2025
NLP & Language AI,misinformation impact,791,3355,4.1451157330985655,16.900996932129022,12.755881199030457,3.7460846902347327,rising,106.25828208213973,4146,2000-2019,2020-2025
NLP & Language AI,attention,1173,3606,6.14692889371001,18.165423230181,12.018494336470988,2.808127411720034,rising,101.82303754607065,4779,2000-2019,2020-2025
NLP & Language AI,electrical engineering,360,2791,1.8865254916757064,14.059815927741312,12.173290436065605,6.100842408147961,rising,98.06550119841718,3151,2000-2019,2020-2025
NLP & Language AI,computational text,890,3178,4.663910243309385,16.009349702028622,11.345439458719238,3.19706364443862,rising,94.29367806553331,4068,2000-2019,2020-2025
NLP & Language AI,adversarial,757,3041,3.966943881106971,15.31920467082097,11.352260789713998,3.5413931967510526,rising,93.57093183241798,3798,2000-2019,2020-2025
NLP & Language AI,readability simplification,6271,8445,32.86222599527321,42.542151741230875,9.679925745957668,1.2901462794277914,rising,92.89591033203172,14716,2000-2019,2020-2025
NLP & Language AI,text readability,6272,8445,32.867466343861196,42.542151741230875,9.674685397369679,1.2899436624186358,rising,92.84627733111843,14717,2000-2019,2020-2025
NLP & Language AI,automatic summarization,5144,7263,26.956353136610648,36.58776176395025,9.6314086273396,1.3507898000662353,rising,90.78658912529106,12407,2000-2019,2020-2025
NLP & Language AI,knowledge graph,599,2819,3.138968804204856,14.200867466966233,11.061898662761378,4.039844323474076,rising,90.01181310460207,3418,2000-2019,2020-2025
NLP & Language AI,leverage statistic,1101,3230,5.769623795374868,16.27130256058919,10.501678765214322,2.675009395772911,rising,87.93879600358159,4331,2000-2019,2020-2025
NLP & Language AI,entity recognition,1398,3465,7.326007326007326,17.45512797908407,10.129120653076747,2.2942896973039795,rising,85.99234905345229,4863,2000-2019,2020-2025
NLP & Language AI,data quality,1383,3397,7.247402097187505,17.112574240966403,9.865172143778898,2.273352282484498,rising,83.58173388191103,4780,2000-2019,2020-2025
NLP & Language AI,explainable ai,241,2341,1.2629240097051255,11.792916190197925,10.5299921804928,6.973026700256974,rising,82.73106109572386,2582,2000-2019,2020-2025
NLP & Language AI,intelligence xai,240,2316,1.2576836611171376,11.666977315889959,10.40929365477282,6.922165566559882,rising,81.67745924140257,2556,2000-2019,2020-2025
NLP & Language AI,security token,728,2718,3.814973772055317,13.69207441476205,9.877100642706733,3.2890291261265423,rising,80.45154849945689,3446,2000-2019,2020-2025
NLP & Language AI,quality management,1344,3283,7.04302850225597,16.53829297412208,9.49526447186611,2.258813282891118,rising,80.13889354937402,4627,2000-2019,2020-2025
NLP & Language AI,domain adaptation,1302,3212,6.822933861560471,16.18062657108746,9.357692709526987,2.2778611532527107,rising,78.74648574079443,4514,2000-2019,2020-2025
NLP & Language AI,learning healthcare,417,2387,2.1852253611910264,12.024643718924583,9.839418357733557,4.6642802872118345,rising,78.11670501836635,2804,2000-2019,2020-2025
NLP & Language AI,shot pellet,64,2041,0.33538230963123666,10.281649698502335,9.946267388871098,12.90624612731108,rising,76.11426566508753,2105,2000-2019,2020-2025
NLP & Language AI,transfer learning,801,2585,4.197519218978447,13.022079603443673,8.824560384465226,2.8785575903155696,rising,71.72337813799956,3386,2000-2019,2020-2025
NLP & Language AI,named-entity recognition,1899,3614,9.95142196858935,18.20572366995955,8.2543017013702,1.7897778623978282,rising,71.11118548399152,5513,2000-2019,2020-2025
NLP & Language AI,cognitive psychology,2767,4461,14.500044542962998,22.472532731513432,7.972488188550434,1.5314976342713984,rising,70.84238194935496,7228,2000-2019,2020-2025
NLP & Language AI,coronaviru disease,8,1857,0.04192278870390458,9.354739583595705,9.3128167948918,18.184766887483914,rising,70.13996750917714,1865,2000-2019,2020-2025
NLP & Language AI,disease covid-19,8,1856,0.04192278870390458,9.349702028623387,9.307779239919482,18.17547118138459,rising,70.09703747120939,1864,2000-2019,2020-2025
NLP & Language AI,generative grammar,2363,4033,12.382943713415816,20.316459203361056,7.93351548994524,1.6158154274696996,rising,69.52603265981527,6396,2000-2019,2020-2025
NLP & Language AI,few-shot learning,605,2328,3.1704108957327843,11.727427975557783,8.557017079824998,3.3313512636346454,rising,68.32026796802677,2933,2000-2019,2020-2025
NLP & Language AI,named entity,2077,3680,10.884204017251228,18.53820229813258,7.65399828088135,1.6723349537027574,rising,66.27096135162823,5757,2000-2019,2020-2025
NLP & Language AI,media politic,889,2527,4.658669894721397,12.729901415049191,8.071231520327794,2.5645954645376072,rising,65.67172258219534,3416,2000-2019,2020-2025
NLP & Language AI,privacy,1923,3479,10.077190334701065,17.525653748696534,7.448463413995469,1.704200565395799,rising,64.01738026160191,5402,2000-2019,2020-2025
NLP & Language AI,end-to end,903,2479,4.73203477495323,12.488098776377898,7.756064001424668,2.482418281803947,rising,63.02979502580357,3382,2000-2019,2020-2025
NLP & Language AI,adaptation few-shot,598,2163,3.1337284556168674,10.896231405125208,7.762502949508341,3.1362363875895527,rising,61.50782483848593,2761,2000-2019,2020-2025
NLP & Language AI,pipeline software,921,2370,4.826361049537015,11.939005284395167,7.112644234858152,2.335366522980339,rising,57.6070878150368,3291,2000-2019,2020-2025
NLP & Language AI,internet privacy,1791,3193,9.385464321086639,16.084913026613403,6.699448705526764,1.6777070340779239,rising,57.040370346888096,4984,2000-2019,2020-2025
NLP & Language AI,language understanding,1553,2916,8.138261357145478,14.68951029928114,6.551248942135663,1.7583990193485568,rising,55.06418869193763,4469,2000-2019,2020-2025
NLP & Language AI,zero linguistic,246,1657,1.289125752645066,8.347228589131978,7.0581028364869125,4.945000973828768,rising,53.30076140750395,1903,2000-2019,2020-2025
NLP & Language AI,text generation,471,1839,2.4682041849423824,9.26406359409397,6.795859409151588,3.289552532681813,rising,52.636891470060924,2310,2000-2019,2020-2025
NLP & Language AI,intelligence healthcare,55,1481,0.288219172339344,7.460618914003899,7.172399741664555,10.099499217175467,rising,52.628112436197235,1536,2000-2019,2020-2025
NLP & Language AI,training set,2129,3390,11.156702143826607,17.077311356160173,5.9206092123335665,1.5079146004832185,rising,51.01275723906125,5519,2000-2019,2020-2025
NLP & Language AI,knowledge base,3164,4403,16.580462932394262,22.180354543118952,5.59989161072469,1.3278536204135378,rising,50.01646292132954,7567,2000-2019,2020-2025
NLP & Language AI,phishing detection,3070,4303,16.087870165123384,21.676599045887087,5.588728880763703,1.336916603827429,rising,49.77162985907378,7373,2000-2019,2020-2025
NLP & Language AI,spam phishing,3069,4301,16.082629816535395,21.66652393594245,5.583894119407056,1.3367315185338737,rising,49.72630066471959,7370,2000-2019,2020-2025
NLP & Language AI,robustness evolution,1784,3020,9.348781880970723,15.21341601640228,5.864634135431556,1.5954679681517652,rising,49.71692168023627,4804,2000-2019,2020-2025
NLP & Language AI,relationship extraction,1370,2602,7.17927756554366,13.10771803797309,5.92844047242943,1.7720049733623247,rising,49.130626925394935,3972,2000-2019,2020-2025
NLP & Language AI,resource disambiguation,1965,3180,10.297284975396563,16.01942481197326,5.722139836576696,1.5299609901577627,rising,48.90126394892768,5145,2000-2019,2020-2025
NLP & Language AI,healthcare education,82,1409,0.429708584215022,7.097914955996957,6.6682063717819355,8.172361840040535,rising,48.73040384086031,1491,2000-2019,2020-2025
NLP & Language AI,domain mathematical,8637,9963,45.26089075445299,50.18916018921056,4.928269434757574,1.1076960993002087,rising,48.44967202890875,18600,2000-2019,2020-2025
NLP & Language AI,data augmentation,156,1450,0.8174943797261394,7.304454709862021,6.486960330135882,5.923710059001764,rising,47.88754791266875,1606,2000-2019,2020-2025
NLP & Language AI,convolutional neural,2363,3552,12.382943713415816,17.893395261675792,5.510451548259976,1.4277323312777963,rising,47.86056307370952,5915,2000-2019,2020-2025
NLP & Language AI,mathematical analysi,8994,10312,47.13169520036473,51.94726687454977,4.815571674185037,1.1011001530373448,rising,47.52113516988671,19306,2000-2019,2020-2025
NLP & Language AI,training meteorology,887,2101,4.64818919754542,10.583902996841452,5.935713799296032,2.152971184921893,rising,47.501702170614564,2988,2000-2019,2020-2025
NLP & Language AI,cognitive science,2234,3381,11.706938745565354,17.031973361409307,5.325034615843952,1.4362301414659329,rising,45.97302043744247,5615,2000-2019,2020-2025
NLP & Language AI,text classification,537,1680,2.814067191749595,8.463092353495307,5.649025161745712,2.70455963470174,rising,43.522130092701936,2217,2000-2019,2020-2025
"Optimization, Theory & Security",quantum computing,48773,48664,215.7018835714886,384.14903694347964,168.44715337199105,1.7791197310096185,rising,1934.9476596890981,97437,2000-2019,2020-2025
"Optimization, Theory & Security",algorithm architecture,48384,48442,213.98150482280982,382.39658983264917,168.41508500983934,1.7852196167169405,rising,1933.519893530911,96826,2000-2019,2020-2025
"Optimization, Theory & Security",quantum mechanic,67098,51094,296.7454325934378,403.33122829175875,106.58579569832096,1.3585784136979673,rising,1244.9299982167947,118192,2000-2019,2020-2025
"Optimization, Theory & Security",quantum information,66667,49453,294.8393060107115,390.37732870224187,95.53802269153039,1.323485634140636,rising,1114.2014922363371,116120,2000-2019,2020-2025
"Optimization, Theory & Security",information cryptography,65594,48007,290.0938911075436,378.9627407641301,88.86884965658652,1.3058180243152384,rising,1034.473968923437,113601,2000-2019,2020-2025
"Optimization, Theory & Security",quantum computer,16304,20531,72.10554015027884,162.06978212819703,89.96424197791819,2.2390823316197404,rising,945.9048135147731,36835,2000-2019,2020-2025
"Optimization, Theory & Security",cryptography,126442,78542,559.1982769677109,620.0031575623618,60.80488059465097,1.1086386774747188,rising,743.6857718008393,204984,2000-2019,2020-2025
"Optimization, Theory & Security",neural network,9928,9063,43.907249914865574,71.54246921376698,27.635219298901404,1.6223132338048785,rising,272.2559105671559,18991,2000-2019,2020-2025
"Optimization, Theory & Security",quantum electron,7423,7147,32.82871838417075,56.417745500473636,23.589027116302887,1.7077688030004279,rising,226.1430146163473,14570,2000-2019,2020-2025
"Optimization, Theory & Security",electron transport,7423,7144,32.82871838417075,56.39406378275971,23.56534539858896,1.7070582530944594,rising,225.91113066557682,14567,2000-2019,2020-2025
"Optimization, Theory & Security",transport phenomena,7423,7144,32.82871838417075,56.39406378275971,23.56534539858896,1.7070582530944594,rising,225.91113066557682,14567,2000-2019,2020-2025
"Optimization, Theory & Security",quantum circuit,2090,4342,9.243166027605666,34.275339437953896,25.03217341034823,3.5692032076045574,rising,219.5120417353393,6432,2000-2019,2020-2025
"Optimization, Theory & Security",quantum-dot cellular,5845,6131,25.8499069049546,48.39753710135775,22.547630196403148,1.8557005638666408,rising,211.73900996992546,11976,2000-2019,2020-2025
"Optimization, Theory & Security",quantum error,5189,5398,22.94870263983053,42.61130407325545,19.662601433424918,1.838536857899573,rising,182.2226979586984,10587,2000-2019,2020-2025
"Optimization, Theory & Security",quantum network,7752,6692,34.28374308421011,52.826018313861695,18.542275229651587,1.5330730273841273,rising,177.59983336851826,14444,2000-2019,2020-2025
"Optimization, Theory & Security",statistical physic,16044,11128,70.95567260617479,87.84338490685191,16.887712300677123,1.2363383015614884,rising,172.42318984317689,27172,2000-2019,2020-2025
"Optimization, Theory & Security",reservoir computing,3119,4103,13.793987961771327,32.38869592674455,18.594707964973225,2.3008761456007933,rising,165.21445737274954,7222,2000-2019,2020-2025
"Optimization, Theory & Security",network reservoir,3114,4098,13.77187512438471,32.349226397221344,18.577351272836633,2.3016755759791963,rising,165.03450518072484,7212,2000-2019,2020-2025
"Optimization, Theory & Security",error correction,7974,6191,35.265553064175876,48.87117145563625,13.605618391460375,1.3804112400288386,rising,130.05066404251315,14165,2000-2019,2020-2025
"Optimization, Theory & Security",cloud computing,5791,4803,25.611088261179145,37.914430059993684,12.30334179881454,1.4711922259137176,rising,114.0290631404521,10594,2000-2019,2020-2025
"Optimization, Theory & Security",blockchain technology,2254,2841,9.968467093886686,22.42658667508683,12.458119581200146,2.1900614931937232,rising,106.34513986574507,5095,2000-2019,2020-2025
"Optimization, Theory & Security",application security,2271,2805,10.04365074100118,22.142406062519736,12.098755321518556,2.1474920422458634,rising,103.23233717182318,5076,2000-2019,2020-2025
"Optimization, Theory & Security",quantum key,5535,4518,24.478910986984385,35.66466687717082,11.185755890186439,1.4478079887475854,rising,103.08485964469102,10053,2000-2019,2020-2025
"Optimization, Theory & Security",privacy-preserving technology,10335,7064,45.707234878136155,55.76255131038838,10.055316432252226,1.2176134637524068,rising,98.18237696957388,17399,2000-2019,2020-2025
"Optimization, Theory & Security",quantum many-body,2424,2702,10.720303565031644,21.329333754341647,10.609030189310003,1.9455207809504647,rising,90.62526367007072,5126,2000-2019,2020-2025
"Optimization, Theory & Security",topology electrical,7997,5659,35.36727211615431,44.67161351436691,9.3043413982126,1.259410344006117,rising,88.5960084803054,13656,2000-2019,2020-2025
"Optimization, Theory & Security",electrical circuit,8012,5664,35.43361062831416,44.71108304389012,9.277472415575957,1.2581836963599116,rising,88.35373828658979,13676,2000-2019,2020-2025
"Optimization, Theory & Security",cellular automata,12293,7958,54.36662199873515,62.81970318913798,8.453081190402834,1.1540660037462795,rising,83.82082775085973,20251,2000-2019,2020-2025
"Optimization, Theory & Security",homomorphic encryption,2520,2638,11.144870042854679,20.824123776444583,9.679253733589904,1.8312032421116728,rising,82.74308158230328,5158,2000-2019,2020-2025
"Optimization, Theory & Security",quantum machine,207,1494,0.91547146780592,11.793495421534576,10.878023953728656,8.68508882103456,rising,80.92770436993726,1701,2000-2019,2020-2025
"Optimization, Theory & Security",artificial neural,3578,3160,15.823946433862714,24.944742658667508,9.120796224804794,1.5587372062116323,rising,80.40590069610631,6738,2000-2019,2020-2025
"Optimization, Theory & Security",key distribution,6470,4702,28.614011578281655,37.11714556362488,8.503133985343226,1.2920632892681254,rising,79.25988385455844,11172,2000-2019,2020-2025
"Optimization, Theory & Security",noise video,3074,2853,13.594972425291779,22.521313545942533,8.926341120650754,1.6332996512028275,rising,77.54707224835248,5927,2000-2019,2020-2025
"Optimization, Theory & Security",distributed computing,6394,4605,28.277896450005088,36.35143669087464,8.073540240869555,1.2805465734750785,rising,75.12954419726991,10999,2000-2019,2020-2025
"Optimization, Theory & Security",computational science,1134,1735,5.015191519284605,13.695926744553205,8.680735225268599,2.5739680471503568,rising,69.11659815305751,2869,2000-2019,2020-2025
"Optimization, Theory & Security",electronic engineering,3421,2884,15.129603339922959,22.766024628986422,7.636421289063463,1.4885870180439975,rising,66.813011197262,6305,2000-2019,2020-2025
"Optimization, Theory & Security",variational quantum,59,1201,0.2609314811620738,9.480580991474582,9.21964951031251,13.11626767791564,rising,65.82516592027662,1260,2000-2019,2020-2025
"Optimization, Theory & Security",material science,5137,3787,22.718729131009717,29.894221660877804,7.175492529868087,1.3090389869911043,rising,65.27266863061293,8924,2000-2019,2020-2025
"Optimization, Theory & Security",quantum gate,3251,2752,14.377766868778,21.72402904957373,7.34626218079573,1.4937745190921332,rising,63.91381206239424,6003,2000-2019,2020-2025
"Optimization, Theory & Security",hamiltonian control,2442,2244,10.799909779623462,17.713924850015786,6.914015070392324,1.6118646259335634,rising,58.44104424085205,4686,2000-2019,2020-2025
"Optimization, Theory & Security",electronic circuit,3027,2554,13.387111753857585,20.161035680454688,6.773923926597103,1.4877849366132905,rising,58.44069024483565,5581,2000-2019,2020-2025
"Optimization, Theory & Security",circuit design,805,1379,3.5601668192452447,10.885696242500789,7.325529423255544,2.804243458306303,rising,56.328714294539814,2184,2000-2019,2020-2025
"Optimization, Theory & Security",device circuit,326,1149,1.441756997607391,9.070097884433217,7.628340886825826,4.9285764883172165,rising,55.66469766955418,1475,2000-2019,2020-2025
"Optimization, Theory & Security",quantum annealing,587,1265,2.5960471091887682,9.985790969371646,7.389743860182877,3.3868318535111537,rising,55.604580122512374,1852,2000-2019,2020-2025
"Optimization, Theory & Security",advancement semiconductor,323,1145,1.4284892951754211,9.03852226081465,7.610032965639229,4.946111074962953,rising,55.494926307239695,1468,2000-2019,2020-2025
"Optimization, Theory & Security",electrical engineering,4045,3057,17.88928544577269,24.131670350489422,6.242384904716733,1.3394577197207913,rising,55.35917044108232,7102,2000-2019,2020-2025
"Optimization, Theory & Security",semiconductor device,342,1151,1.5125180772445637,9.085885696242501,7.5733676189979375,4.763130232035979,rising,55.355352250716884,1493,2000-2019,2020-2025
"Optimization, Theory & Security",control theory,4395,3227,19.43718406283584,25.4736343542785,6.036450291442659,1.3027734645182405,rising,53.95937806327776,7622,2000-2019,2020-2025
"Optimization, Theory & Security",quantum technology,2106,2000,9.313927107242838,15.787811809283234,6.473884702040396,1.6596630106680295,rising,53.865621759064226,4106,2000-2019,2020-2025
"Optimization, Theory & Security",resource management,629,1231,2.7817949432363465,9.71739816861383,6.935603225377483,3.1133566677197475,rising,52.21724989981337,1860,2000-2019,2020-2025
"Optimization, Theory & Security",feature selection,1332,1573,5.890859879794616,12.417113988001264,6.526254108206648,2.0211856042784,rising,52.043827735033744,2905,2000-2019,2020-2025
"Optimization, Theory & Security",quantum state,6362,4262,28.136374290730743,33.64382696558257,5.507452674851827,1.1923236726457553,rising,51.0594009535208,10624,2000-2019,2020-2025
"Optimization, Theory & Security",computing resource,392,1090,1.733646451110728,8.604357436059361,6.870710984948634,4.076006492223525,rising,50.16871097627045,1482,2000-2019,2020-2025
"Optimization, Theory & Security",feature linguistic,2005,1852,8.867247792033186,14.619513735396273,5.752265943363087,1.6140828203835251,rising,47.501661055627814,3857,2000-2019,2020-2025
"Optimization, Theory & Security",quantum simulator,692,1181,3.0604166943077136,9.322702873381749,6.262286179074035,2.7588632783027864,rising,47.19152695502731,1873,2000-2019,2020-2025
"Optimization, Theory & Security",quantum cryptography,4561,3193,20.171330264071504,25.205241553520683,5.033911289449179,1.24352140017803,rising,45.08417804267401,7754,2000-2019,2020-2025
"Optimization, Theory & Security",quantum phase,1267,1418,5.603392993768602,11.193558572781813,5.5901655790132105,1.9159111308612466,rising,44.13887620805457,2685,2000-2019,2020-2025
"Optimization, Theory & Security",benchmark surveying,8550,5361,37.81295193111409,42.31922955478371,4.506277623669618,1.1176176044010342,rising,42.99217346506865,13911,2000-2019,2020-2025
"Optimization, Theory & Security",parallel computing,10074,6201,44.55294476655477,48.95011051468266,4.39716574812789,1.0975999631303155,rising,42.64128139307809,16275,2000-2019,2020-2025
"Optimization, Theory & Security",phase estimation,848,1146,3.7503372207701458,9.046416166719293,5.296078945949148,2.246037354417144,rising,40.241722710946775,1994,2000-2019,2020-2025
"Optimization, Theory & Security",computing optimization,2073,1709,9.16798238049117,13.490685191032522,4.322702810541353,1.4471152966997591,rising,35.61160422850708,3782,2000-2019,2020-2025
"Optimization, Theory & Security",data classification,1824,1541,8.066763078637672,12.164508999052732,4.0977459204150595,1.4783307163744632,rising,33.27976307336586,3365,2000-2019,2020-2025
"Optimization, Theory & Security",robustness evolution,2487,1896,10.99892531610301,14.966845595200505,3.967920279097495,1.3450687929541423,rising,33.273855859081586,4383,2000-2019,2020-2025
"Optimization, Theory & Security",quantum metrology,1063,1119,4.701189228394652,8.83328070729397,4.1320914788993175,1.7944512874750163,rising,31.769400864697836,2182,2000-2019,2020-2025
"Optimization, Theory & Security",open quantum,4888,3183,21.61750982915622,25.126302494474267,3.5087926653180475,1.15864320587721,rising,31.565648160915774,8071,2000-2019,2020-2025
"Optimization, Theory & Security",internet thing,400,787,1.7690269909293141,6.212503946952952,4.4434769560236385,2.958318245568223,rising,31.45993460044273,1187,2000-2019,2020-2025
"Optimization, Theory & Security",theoretical physic,4254,2820,18.813602048533255,22.26081465108936,3.447212602556103,1.1784862602995332,rising,30.55720500216586,7074,2000-2019,2020-2025
"Optimization, Theory & Security",reinforcement learning,3189,2227,14.103567685183958,17.57972844963688,3.476160764452924,1.2380350363274353,rising,29.885588026165724,5416,2000-2019,2020-2025
"Optimization, Theory & Security",reinforcement,3203,2234,14.165483629866483,17.63498579096937,3.469502161102888,1.2365760481323094,rising,29.84176619411112,5437,2000-2019,2020-2025
"Optimization, Theory & Security",high-performance vlsi,1089,1076,4.816175982805057,8.493842753394379,3.6776667705893216,1.6917880037238378,rising,28.2468250442855,2165,2000-2019,2020-2025
"Optimization, Theory & Security",low-power high-performance,1089,1076,4.816175982805057,8.493842753394379,3.6776667705893216,1.6917880037238378,rising,28.2468250442855,2165,2000-2019,2020-2025
"Optimization, Theory & Security",quantum sensor,1597,1339,7.062840261285286,10.569940006315125,3.507099745029839,1.4637278620021805,rising,28.004696245133246,2936,2000-2019,2020-2025
"Optimization, Theory & Security",gambling strategy,2009,1551,8.88493806194248,12.243448058099148,3.358509996156668,1.3578617113922145,rising,27.465211907325262,3560,2000-2019,2020-2025
"Optimization, Theory & Security",coherence philosophical,2009,1551,8.88493806194248,12.243448058099148,3.358509996156668,1.3578617113922145,rising,27.465211907325262,3560,2000-2019,2020-2025
"Optimization, Theory & Security",philosophical gambling,2009,1551,8.88493806194248,12.243448058099148,3.358509996156668,1.3578617113922145,rising,27.465211907325262,3560,2000-2019,2020-2025
"Optimization, Theory & Security",vlsi design,1127,1079,4.984233546943343,8.517524471108304,3.5332909241649615,1.6442633950434613,rising,27.20418271073878,2206,2000-2019,2020-2025
"Optimization, Theory & Security",optical network,1212,1107,5.360151782515822,8.73855383643827,3.3784020539224473,1.5765041895334775,rising,26.180326931115907,2319,2000-2019,2020-2025
"Optimization, Theory & Security",information science,3107,2124,13.740917152043448,16.766656141458792,3.025738989415345,1.21246798623368,rising,25.908038034739928,5231,2000-2019,2020-2025
"Optimization, Theory & Security",convolutional neural,97,556,0.4289890453003587,4.389011682980739,3.96002263768038,5.262722642116877,rising,25.6732518742826,653,2000-2019,2020-2025
"Optimization, Theory & Security",applied mathematic,4510,2878,19.945779322728015,22.718661193558574,2.7728818708305596,1.135621236396118,rising,24.700132070629095,7388,2000-2019,2020-2025
Reinforcement Learning & Agents,reinforcement,11956,16811,369.8341994555803,795.4480931200909,425.6138936645106,2.149269752267535,rising,4369.785906219324,28767,2000-2019,2020-2025
Reinforcement Learning & Agents,reinforcement learning,11956,16810,369.8341994555803,795.4007760007571,425.5665765451768,2.1491419835672545,rising,4369.285307147984,28766,2000-2019,2020-2025
Reinforcement Learning & Agents,learning robotic,11878,16724,367.421430339025,791.3315037380524,423.91007339902745,2.1521755419585404,rising,4349.854398985807,28602,2000-2019,2020-2025
Reinforcement Learning & Agents,mathematical optimization,3342,3540,103.37787676317743,167.50260244156337,64.12472567838594,1.6173087829334305,rising,566.658009580845,6882,2000-2019,2020-2025
Reinforcement Learning & Agents,deep reinforcement,657,1714,20.322939866369712,81.10154253809029,60.77860267172058,3.918829092422326,rising,472.34022751893093,2371,2000-2019,2020-2025
Reinforcement Learning & Agents,adversarial,728,1679,22.519178421182875,79.44544336140815,56.92626494022528,3.472992906116935,rising,443.2593111035506,2407,2000-2019,2020-2025
Reinforcement Learning & Agents,social psychology,1427,1996,44.141301658005446,94.44497019021482,50.30366853220937,2.126841437500703,rising,409.3996628711368,3423,2000-2019,2020-2025
Reinforcement Learning & Agents,adversarial robustness,597,1484,18.466963622865627,70.21860509132205,51.75164146845642,3.728514827015707,rising,395.43865249356963,2081,2000-2019,2020-2025
Reinforcement Learning & Agents,robustness machine,597,1484,18.466963622865627,70.21860509132205,51.75164146845642,3.728514827015707,rising,395.43865249356963,2081,2000-2019,2020-2025
Reinforcement Learning & Agents,neural network,1843,2123,57.009403612967084,100.45424434560424,43.444840732637154,1.7554389022187897,rising,359.9737590422374,3966,2000-2019,2020-2025
Reinforcement Learning & Agents,programming control,1216,1718,37.61445186834942,81.29081101542538,43.67635914707596,2.145926466368658,rising,348.73226189072705,2934,2000-2019,2020-2025
Reinforcement Learning & Agents,adaptive dynamic,1221,1720,37.769116555308095,81.38544525409293,43.616328698784834,2.139726563474459,rising,348.3568524752685,2941,2000-2019,2020-2025
Reinforcement Learning & Agents,dynamic programming,1527,1892,47.234595397178914,89.52398977950223,42.289394382323316,1.8859275758064264,rising,344.1255415023389,3419,2000-2019,2020-2025
Reinforcement Learning & Agents,robot manipulation,1143,1637,35.356347438752785,77.4581243493896,42.10177691063682,2.1741791877310432,rising,333.8909143700723,2780,2000-2019,2020-2025
Reinforcement Learning & Agents,manipulation learning,1142,1624,35.32541450136105,76.84300179805054,41.517587296689484,2.1588864462436903,rising,329.04842611487305,2766,2000-2019,2020-2025
Reinforcement Learning & Agents,control management,1840,2006,56.91660480079188,94.91814138355257,38.001536582760686,1.6618562124076792,rising,313.7045428704198,3846,2000-2019,2020-2025
Reinforcement Learning & Agents,task project,3107,2762,96.10863647611977,130.68988359988643,34.58124712376666,1.357951922158788,rising,300.0825728389497,5869,2000-2019,2020-2025
Reinforcement Learning & Agents,project management,3172,2766,98.11927740658253,130.87915207722153,32.75987467063901,1.3321853042542409,rising,284.6602495090784,5938,2000-2019,2020-2025
Reinforcement Learning & Agents,multi-agent reinforcement,189,937,5.846325167037862,44.336140815747136,38.489815648709275,7.0648981316969515,rising,270.48004015089003,1126,2000-2019,2020-2025
Reinforcement Learning & Agents,autonomou vehicle,302,945,9.341747092303885,44.71467777041734,35.372930678113455,4.5941718829347495,rising,252.1841479819229,1247,2000-2019,2020-2025
Reinforcement Learning & Agents,vehicle technology,291,924,9.001484780994803,43.721018264408066,34.719533483413265,4.65411662321035,rising,246.62402819334355,1215,2000-2019,2020-2025
Reinforcement Learning & Agents,advanced bandit,1059,1361,32.75798069784707,64.39859941326772,31.64061871542065,1.9513692067741468,rising,246.54167466845345,2420,2000-2019,2020-2025
Reinforcement Learning & Agents,technology safety,290,914,8.970551843603069,43.24784707107031,34.27729522746724,4.619355639832119,rising,243.1711822267484,1204,2000-2019,2020-2025
Reinforcement Learning & Agents,benchmark surveying,472,983,14.600346448898787,46.51272830510079,31.912381856202,3.113354283903152,rising,232.43218110595973,1455,2000-2019,2020-2025
Reinforcement Learning & Agents,function biology,1741,1673,53.854243999010144,79.16154064540551,25.307296646395365,1.465599275869907,rising,205.89846415625752,3414,2000-2019,2020-2025
Reinforcement Learning & Agents,path planning,1067,1253,33.005444196980946,59.288350525220025,26.28290632823908,1.7844368865465552,rising,203.68604284406277,2320,2000-2019,2020-2025
Reinforcement Learning & Agents,robotic path,1061,1235,32.81984657263054,58.436642377212074,25.616795804581535,1.7688149388305883,rising,198.25758435359558,2296,2000-2019,2020-2025
Reinforcement Learning & Agents,convergence economic,832,1052,25.736203909923287,49.777609539131255,24.04140562920797,1.9163446705837965,rising,181.3126625312084,1884,2000-2019,2020-2025
Reinforcement Learning & Agents,data stream,632,925,19.549616431576343,43.768335383741835,24.218718952165492,2.2079392658117483,rising,178.0356350588243,1557,2000-2019,2020-2025
Reinforcement Learning & Agents,stream mining,632,923,19.549616431576343,43.67370114507429,24.124084713497947,2.2032192633623,rising,177.30897588661864,1555,2000-2019,2020-2025
Reinforcement Learning & Agents,artificial neural,1416,1392,43.80103934669636,65.86543011261475,22.064390765918382,1.4980558264839847,rising,175.20414447075973,2808,2000-2019,2020-2025
Reinforcement Learning & Agents,domain adaptation,246,695,7.609502598366741,32.8853979369736,25.275895338606855,4.116824371410576,rising,173.08946459841985,941,2000-2019,2020-2025
Reinforcement Learning & Agents,adaptation few-shot,241,672,7.454837911408068,31.79710419229677,24.342266280888705,4.060058112055225,rising,165.9614472283205,913,2000-2019,2020-2025
Reinforcement Learning & Agents,few-shot learning,241,672,7.454837911408068,31.79710419229677,24.342266280888705,4.060058112055225,rising,165.9614472283205,913,2000-2019,2020-2025
Reinforcement Learning & Agents,sample material,312,700,9.651076466221232,33.12198353364247,23.470907067421237,3.312159419301306,rising,162.4344377203712,1012,2000-2019,2020-2025
Reinforcement Learning & Agents,explainable ai,230,652,7.114575600098985,30.850761805621275,23.73618620552229,4.117204090168037,rising,161.01027005414744,882,2000-2019,2020-2025
Reinforcement Learning & Agents,intelligence xai,230,651,7.114575600098985,30.8034446862875,23.688869086188515,4.110990070921428,rising,160.6624597321326,881,2000-2019,2020-2025
Reinforcement Learning & Agents,stability learning,185,491,5.722593417470923,23.232705592883505,17.51011217541258,3.81395730054452,rising,114.12515511115804,676,2000-2019,2020-2025
Reinforcement Learning & Agents,robustness evolution,360,586,11.135857461024498,27.727831929592128,16.591974468567628,2.4259348332638275,rising,113.70976357960109,946,2000-2019,2020-2025
Reinforcement Learning & Agents,offline reinforcement,3,400,0.09279881217520415,18.926847733509984,18.83404892133478,32.77140124863863,rising,113.03094140874671,403,2000-2019,2020-2025
Reinforcement Learning & Agents,control theory,342,573,10.579064587973274,27.11270937825305,16.533644790279777,2.492332196368604,rising,112.75972803741725,915,2000-2019,2020-2025
Reinforcement Learning & Agents,theory sociology,336,566,10.393466963622865,26.781489542916628,16.38802257929376,2.504389982915371,rising,111.53233487380635,902,2000-2019,2020-2025
Reinforcement Learning & Agents,data classification,128,446,3.959415986142044,21.10343522286363,17.144019236721586,4.844453912798864,rising,108.93944221667711,574,2000-2019,2020-2025
Reinforcement Learning & Agents,smart grid,330,536,10.207869339272458,25.36197596290338,15.154106623630922,2.4152308123569766,rising,102.51812196715136,866,2000-2019,2020-2025
Reinforcement Learning & Agents,multimodal machine,153,421,4.732739420935412,19.920507239519257,15.187767818583843,3.902450628024748,rising,96.50869681299531,574,2000-2019,2020-2025
Reinforcement Learning & Agents,leverage statistic,178,434,5.50606285572878,20.535629790858334,15.029566935129553,3.5023992082923106,rising,96.4652454187418,612,2000-2019,2020-2025
Reinforcement Learning & Agents,cognitive psychology,408,553,12.620638455827766,26.166366991577554,13.545728535749788,2.0323985819251966,rising,93.04580505686012,961,2000-2019,2020-2025
Reinforcement Learning & Agents,bellman equation,688,715,21.281860925513488,33.83174032364909,12.549879398135605,1.5761619469085721,rising,90.94998732512131,1403,2000-2019,2020-2025
Reinforcement Learning & Agents,control multi-agent,528,615,16.33259094283593,29.1000283902716,12.767437447435668,1.758495081998626,rising,89.91194818718186,1143,2000-2019,2020-2025
Reinforcement Learning & Agents,set theory,438,556,13.548626577579807,26.308318349578876,12.75969177199907,1.9082518993253228,rising,88.07686970754882,994,2000-2019,2020-2025
Reinforcement Learning & Agents,distributed control,536,611,16.58005444196981,28.910759912936502,12.330705470966691,1.7219359582758225,rising,86.87939578373715,1147,2000-2019,2020-2025
Reinforcement Learning & Agents,markov process,1770,1385,54.751299183370456,65.53421027727832,10.782911093907863,1.195161222510281,rising,86.87856901185751,3155,2000-2019,2020-2025
Reinforcement Learning & Agents,policy optimization,68,341,2.1034397426379607,16.13513769281726,14.0316979501793,6.389676480839746,rising,84.41690008569591,409,2000-2019,2020-2025
Reinforcement Learning & Agents,intelligence game,1233,1029,38.14031180400891,48.68931579445444,10.549003990445527,1.2730051466445742,rising,81.48521848877175,2262,2000-2019,2020-2025
Reinforcement Learning & Agents,energy management,246,420,7.609502598366741,19.873190120185484,12.263687521818742,2.512261371528342,rising,79.74818514310256,666,2000-2019,2020-2025
Reinforcement Learning & Agents,markov decision,1796,1383,55.55555555555556,65.43957603861077,9.88402048305521,1.1763254397373575,rising,79.71103211494659,3179,2000-2019,2020-2025
Reinforcement Learning & Agents,grid energy,232,410,7.176441474882455,19.400018926847732,12.223577451965276,2.5923494619168514,rising,79.0394208523352,642,2000-2019,2020-2025
Reinforcement Learning & Agents,generative grammar,133,352,4.114080673100718,16.655626005488784,12.541545332388067,3.7181027426553417,rising,77.58461589225804,485,2000-2019,2020-2025
Reinforcement Learning & Agents,decision process,1796,1374,55.55555555555556,65.01372196460679,9.45816640905123,1.168728439408248,rising,76.2498674694514,3170,2000-2019,2020-2025
Reinforcement Learning & Agents,detection,420,510,12.991833704528583,24.13173086022523,11.139897155696646,1.8256770280201051,rising,76.15522527854361,930,2000-2019,2020-2025
Reinforcement Learning & Agents,online learning,64,297,1.979707993071022,14.053184442131164,12.073476449060141,5.868910566404074,rising,71.13262763771995,361,2000-2019,2020-2025
Reinforcement Learning & Agents,value mathematic,637,624,19.704281118535015,29.525882464275576,9.82160134574056,1.4861148628906382,rising,70.13068321731961,1261,2000-2019,2020-2025
Reinforcement Learning & Agents,motion planning,153,338,4.732739420935412,15.993186334815936,11.260446913880525,3.1519219682197726,rising,69.79764053387993,491,2000-2019,2020-2025
Reinforcement Learning & Agents,action physic,1917,1433,59.29844097995546,67.80543200529952,8.506991025344064,1.1422610838331992,rising,69.05136599697263,3350,2000-2019,2020-2025
Reinforcement Learning & Agents,structural engineering,75,292,2.319970304380104,13.816598845462288,11.496628541082185,5.076861562416139,rising,67.92303493003362,367,2000-2019,2020-2025
Reinforcement Learning & Agents,policy gradient,205,359,6.341252165305617,16.98684584082521,10.645593675519594,2.5560884788762976,rising,67.45927192636238,564,2000-2019,2020-2025
Reinforcement Learning & Agents,traffic control,145,322,4.485275921801534,15.236112425475538,10.750836503674003,3.1565178482215206,rising,66.10117739743373,467,2000-2019,2020-2025
Reinforcement Learning & Agents,sample complexity,96,295,2.969561989606533,13.958550203463613,10.98898821385708,4.167255188630681,rising,65.61812597931194,391,2000-2019,2020-2025
Reinforcement Learning & Agents,computer vision,312,403,9.651076466221232,19.06879909151131,9.417722625290077,1.927756051944691,rising,61.90909643980592,715,2000-2019,2020-2025
Reinforcement Learning & Agents,transfer learning,344,420,10.640930462756744,19.873190120185484,9.23225965742874,1.8286794077291353,rising,61.30105779097274,764,2000-2019,2020-2025
Reinforcement Learning & Agents,code set,230,351,7.114575600098985,16.60830888615501,9.493733286056028,2.2467842969387046,rising,60.44157240431998,581,2000-2019,2020-2025
Reinforcement Learning & Agents,language model,8,236,0.24746349913387775,11.16684016277089,10.919376663637014,15.608575102717156,rising,60.070310524863615,244,2000-2019,2020-2025
Reinforcement Learning & Agents,crowdsensing crowdsourcing,187,324,5.784459292254392,15.330746664143087,9.546287371888695,2.519030823169546,rising,59.552839589756935,511,2000-2019,2020-2025
Reinforcement Learning & Agents,mobile crowdsensing,187,324,5.784459292254392,15.330746664143087,9.546287371888695,2.519030823169546,rising,59.552839589756935,511,2000-2019,2020-2025
Reinforcement Learning & Agents,transformer,7,232,0.21653056174214302,10.977571685435791,10.761041123693648,16.018258394351935,rising,58.977380838199245,239,2000-2019,2020-2025
Reinforcement Learning & Agents,control engineering,449,475,13.88888888888889,22.475631683543106,8.586742794654217,1.5967620475049262,rising,58.64568216455931,924,2000-2019,2020-2025
Reinforcement Learning & Agents,signal processing,255,354,7.887899034892353,16.750260244156337,8.862361209263984,2.05656507933607,rising,56.83838987920663,609,2000-2019,2020-2025
Reinforcement Learning & Agents,imitation learning,107,268,3.309824300915615,12.68098798145169,9.371163680536075,3.459736444613444,rising,55.567150421036395,375,2000-2019,2020-2025
Reinforcement Learning & Agents,regularization linguistic,79,246,2.443702053947043,11.64001135610864,9.196309302161598,4.1240625354154945,rising,53.21809821891725,325,2000-2019,2020-2025
Reinforcement Learning & Agents,reduction neural,140,277,4.330611234842861,13.106842055455663,8.776230820612803,2.816795099823075,rising,52.96877816536008,417,2000-2019,2020-2025
Responsible AI,federated,299,17973,13.714338134116137,309.68175474266417,295.96741660854804,21.82175151709599,rising,2904.3814858132605,18272,2000-2019,2020-2025
Responsible AI,federated learning,246,15799,11.283368498302908,272.2228922928477,260.93952379454475,23.144730840941317,rising,2526.7334786255224,16045,2000-2019,2020-2025
Responsible AI,explainable ai,1791,14427,82.14842674983946,248.58280062718612,166.43437387734667,3.0137633639550185,rising,1613.4046135273202,16218,2000-2019,2020-2025
Responsible AI,intelligence xai,1791,14425,82.14842674983946,248.54833985216328,166.3999131023238,3.0133464077420813,rising,1613.0500324888762,16216,2000-2019,2020-2025
Responsible AI,distributed computing,651,6793,29.8596459040455,117.04602236504299,87.18637646099748,3.871785024652731,rising,777.2925229050247,7444,2000-2019,2020-2025
Responsible AI,adversarial,970,6820,44.491331070543986,117.51124282785119,73.0199117573072,2.622977360745694,rising,654.3113122957,7790,2000-2019,2020-2025
Responsible AI,neural network,875,6422,40.13393266672782,110.65354859830798,70.51961593158015,2.735485868669649,rising,627.2970616854097,7297,2000-2019,2020-2025
Responsible AI,adversarial robustness,833,6155,38.20750389872489,106.05303513276013,67.84553123403524,2.752774640585135,rising,600.5749360710648,6988,2000-2019,2020-2025
Responsible AI,robustness machine,833,6151,38.20750389872489,105.98411358271447,67.77660968398959,2.750994067231039,rising,599.9260345643265,6984,2000-2019,2020-2025
Responsible AI,enhanced data,216,2989,9.907347949729383,51.50162827161983,41.594280321890444,4.996626280086273,rising,335.7814465606159,3205,2000-2019,2020-2025
Responsible AI,rate gsm,212,2968,9.723878543252912,51.13979013388011,41.4159115906272,5.050900195597392,rising,334.01729311543255,3180,2000-2019,2020-2025
Responsible AI,gsm evolution,212,2968,9.723878543252912,51.13979013388011,41.4159115906272,5.050900195597392,rising,334.01729311543255,3180,2000-2019,2020-2025
Responsible AI,data rate,212,2968,9.723878543252912,51.13979013388011,41.4159115906272,5.050900195597392,rising,334.01729311543255,3180,2000-2019,2020-2025
Responsible AI,intelligence healthcare,182,2801,8.347857994679387,48.26231541947379,39.9144574247944,5.511200049638766,rising,319.356370601183,2983,2000-2019,2020-2025
Responsible AI,detection,671,3874,30.77699293642785,66.75052121922222,35.973528282794376,2.1501594272797413,rising,302.96916327701183,4545,2000-2019,2020-2025
Responsible AI,healthcare education,156,2568,7.155306852582332,44.247635129314055,37.09232827673172,5.8453091418823435,rising,293.40861448604045,2724,2000-2019,2020-2025
Responsible AI,social impact,522,3420,23.94275754517934,58.92792528903975,34.98516774386041,2.431310181725395,rising,289.66659309706904,3942,2000-2019,2020-2025
Responsible AI,ethic social,520,3414,23.851022841941106,58.82454296397126,34.97352012203015,2.4362238641488743,rising,289.4991240399881,3934,2000-2019,2020-2025
Responsible AI,artificial neural,599,3601,27.47454361985139,62.04662542860589,34.572081808754504,2.2358407800519524,rising,288.43757069887727,4200,2000-2019,2020-2025
Responsible AI,learning healthcare,224,2426,10.274286762682323,41.80092010269311,31.52663334001079,3.9260993358006786,rising,248.5147469198348,2650,2000-2019,2020-2025
Responsible AI,blockchain technology,450,2948,20.64030822860288,50.795182383651806,30.154874155048926,2.4264160119600016,rising,245.1964148810206,3398,2000-2019,2020-2025
Responsible AI,application security,462,2924,21.19071644803229,50.38165308337785,29.190936635345558,2.345780196116743,rising,237.255171394711,3386,2000-2019,2020-2025
Responsible AI,convergence economic,116,1890,5.320612787817631,32.5654323965746,27.24481960875697,5.680747646670392,rising,207.1804067564464,2006,2000-2019,2020-2025
Responsible AI,edge computing,109,1723,4.999541326483809,29.68795768216827,24.688416355684463,5.489177349535305,rising,185.50158228622337,1832,2000-2019,2020-2025
Responsible AI,edge device,49,1398,2.247500229336758,24.088081740958355,21.840581511621597,8.949255573636067,rising,158.9544106389947,1447,2000-2019,2020-2025
Responsible AI,feature linguistic,273,1899,12.52178699201908,32.720505884177335,20.198718892158254,2.551148003306907,rising,155.20420854277987,2172,2000-2019,2020-2025
Responsible AI,graph neural,108,1500,4.953673974864691,25.845581267122697,20.891907292258004,4.830795054590029,rising,154.25264283157566,1608,2000-2019,2020-2025
Responsible AI,knowledge management,279,1853,12.796991101733786,31.92790805865224,19.130916956918455,2.438740299256422,rising,146.64392540021146,2132,2000-2019,2020-2025
Responsible AI,advanced graph,108,1432,4.953673974864691,24.67391491634647,19.720240941481777,4.615955231715341,rising,144.75025294800528,1540,2000-2019,2020-2025
Responsible AI,robustness evolution,136,1475,6.237959820199982,25.414821579337318,19.176861759137335,3.8460932197378654,rising,141.6255524709539,1611,2000-2019,2020-2025
Responsible AI,human computer,473,2262,21.695257315842582,38.97513655082103,17.279879234978445,1.778539261297249,rising,136.75732361182236,2735,2000-2019,2020-2025
Responsible AI,computer interaction,473,2256,21.695257315842582,38.87175422575254,17.176496909909957,1.773881404729184,rising,135.90142069083848,2729,2000-2019,2020-2025
Responsible AI,reinforcement learning,103,1355,4.724337216769103,23.347175077967503,18.6228378611984,4.564631663021813,rising,135.676807189839,1458,2000-2019,2020-2025
Responsible AI,reinforcement,106,1356,4.861939271626456,23.364405465478917,18.502466193852463,4.450704168128342,rising,134.85049564240936,1462,2000-2019,2020-2025
Responsible AI,generative grammar,68,1190,3.118979910099991,20.504161138584006,17.385181228484015,5.803889952515285,rising,124.09669331901573,1258,2000-2019,2020-2025
Responsible AI,natural language,151,1347,6.925970094486744,23.209331977876182,16.28336188338944,3.1927588821666113,rising,119.07295490124994,1498,2000-2019,2020-2025
Responsible AI,advanced neural,139,1288,6.375561875057334,22.19273911470269,15.817177239645355,3.3004923127847583,rising,114.89645224436823,1427,2000-2019,2020-2025
Responsible AI,internet thing,295,1664,13.530868727639666,28.67136481899478,15.140496091355113,2.0790847227819595,rising,114.77555496829267,1959,2000-2019,2020-2025
Responsible AI,language processing,136,1267,6.237959820199982,21.830900976962972,15.59294115676299,3.314193253277695,rising,113.00330111376523,1403,2000-2019,2020-2025
Responsible AI,fog computing,243,1511,11.145766443445556,26.035115529748264,14.889349086302708,2.278520323982858,rising,111.2267749123386,1754,2000-2019,2020-2025
Responsible AI,iot edge,232,1481,10.641225575635263,25.51820390440581,14.876978328770546,2.3353089593038128,rising,110.78268514351515,1713,2000-2019,2020-2025
Responsible AI,digital transformation,443,1995,20.319236767269057,34.374623085273186,14.055386318004128,1.6751153500545846,rising,109.62278448869986,2438,2000-2019,2020-2025
Responsible AI,edge fog,229,1464,10.50362352077791,25.225287316711754,14.721663795933843,2.337892355925776,rising,109.45333079278414,1693,2000-2019,2020-2025
Responsible AI,benchmark surveying,137,1217,6.283827171819099,20.969381601392215,14.685554429573116,3.1647889985433033,rising,105.90570892903433,1354,2000-2019,2020-2025
Responsible AI,transformation law,393,1821,18.025869186313184,31.376535658286954,13.35066647197377,1.7206499375390805,rising,102.84028639983191,2214,2000-2019,2020-2025
Responsible AI,pattern recognition,329,1650,15.090358682689661,28.430139393834967,13.339780711145306,1.8556429638759226,rising,101.26030274073732,1979,2000-2019,2020-2025
Responsible AI,recognition psychology,329,1649,15.090358682689661,28.412909006323552,13.322550323633891,1.8545377688087592,rising,101.12277915663097,1978,2000-2019,2020-2025
Responsible AI,task project,440,1883,20.181634712411704,32.444819683994695,12.26318497158299,1.592950467509392,rising,95.0525000047735,2323,2000-2019,2020-2025
Responsible AI,project management,443,1888,20.319236767269057,32.53097162155177,12.211734854282714,1.586560160239946,rising,94.69567259013623,2331,2000-2019,2020-2025
Responsible AI,selection genetic,129,1096,5.916888358866159,18.884504712510985,12.967616353644825,3.0208574044657612,rising,92.21936082101888,1225,2000-2019,2020-2025
Responsible AI,mathematical optimization,374,1686,17.15438950554995,29.050433344245914,11.896043838695963,1.6738292386126545,rising,90.77807505701998,2060,2000-2019,2020-2025
Responsible AI,information optimization,73,953,3.3483166681955785,16.42055929837862,13.072242630183041,4.3968729076322175,rising,90.64812282225043,1026,2000-2019,2020-2025
Responsible AI,transparency behavior,189,1227,8.66892945601321,21.141685476506368,12.472756020493158,2.360328496399677,rising,90.50602508283981,1416,2000-2019,2020-2025
Responsible AI,age information,74,953,3.3941840198146958,16.42055929837862,13.026375278563926,4.345084673010338,rising,90.3427381256541,1027,2000-2019,2020-2025
Responsible AI,counterfactual thinking,45,868,2.064030822860288,14.955976359908334,12.891945537048045,6.027999438269825,rising,87.89510040800805,913,2000-2019,2020-2025
Responsible AI,language model,13,792,0.5962755710485277,13.646466909040784,13.050191337992256,12.904115792264221,rising,87.3329732895788,805,2000-2019,2020-2025
Responsible AI,wireless communication,230,1302,10.549490872397028,22.4339645398625,11.884473667465473,2.0755675356187075,rising,87.1723989907885,1532,2000-2019,2020-2025
Responsible AI,social psychology,232,1246,10.641225575635263,21.469062839223255,10.827837263587993,1.9718712892114294,rising,79.0336993653949,1478,2000-2019,2020-2025
Responsible AI,personalized federated,0,694,0.0,11.957888932922101,11.957888932922101,24.915777865844202,rising,78.25137103609707,694,2000-2019,2020-2025
Responsible AI,anomaly detection,167,1065,7.659847720392625,18.350362699657115,10.69051497926449,2.3101365792093604,rising,76.08659204208209,1232,2000-2019,2020-2025
Responsible AI,domain adaptation,55,797,2.522704339051463,13.73261884659786,11.209914507546397,4.708571282583368,rising,75.65301755936923,852,2000-2019,2020-2025
Responsible AI,training set,60,792,2.7520410971470506,13.646466909040784,10.894425811893733,4.35002710188724,rising,73.52386021245762,852,2000-2019,2020-2025
Responsible AI,few-shot learning,53,770,2.430969635813228,13.26739838378965,10.836428747976424,4.697216312160717,rising,72.7576305491271,823,2000-2019,2020-2025
Responsible AI,adaptation few-shot,53,761,2.430969635813228,13.112324896186916,10.681355260373689,4.644307716415504,rising,71.59913361463967,814,2000-2019,2020-2025
Responsible AI,cognitive science,169,1032,7.751582423630859,17.781759911780416,10.030177488149556,2.2155459369132835,rising,71.13143211458953,1201,2000-2019,2020-2025
Responsible AI,process computing,997,3147,45.72974956426016,54.22402949842342,8.49427993416326,1.1837405569838977,rising,70.75444738179583,4144,2000-2019,2020-2025
Responsible AI,mnist database,57,759,2.6144390422896984,13.077864121164085,10.463425078874387,4.359649984088885,rising,70.1639522750387,816,2000-2019,2020-2025
Responsible AI,causal inference,214,1120,9.815613246491148,19.298034012784946,9.482420766293798,1.9192299613907335,rising,68.24201018778734,1334,2000-2019,2020-2025
Responsible AI,distributed learning,68,764,3.118979910099991,13.164016058721161,10.04503614862117,3.7756540235515237,rising,67.55320603625943,832,2000-2019,2020-2025
Responsible AI,traffic prediction,76,774,3.4859187230529307,13.336319933835313,9.850401210782382,3.4713000678643224,rising,66.45486619973612,850,2000-2019,2020-2025
Responsible AI,domain mathematical,278,1264,12.751123750114669,21.779209814428725,9.028086064314056,1.6813072034163088,rising,66.27954805890653,1542,2000-2019,2020-2025
Responsible AI,scientific computing,181,1022,8.30199064306027,17.609456036666266,9.307465393605996,2.0574273219597496,rising,66.02161807811824,1203,2000-2019,2020-2025
Responsible AI,computing data,181,1022,8.30199064306027,17.609456036666266,9.307465393605996,2.0574273219597496,rising,66.02161807811824,1203,2000-2019,2020-2025
Responsible AI,prediction management,76,768,3.4859187230529307,13.232937608766822,9.74701888571389,3.4453631804735765,rising,65.68844138403374,844,2000-2019,2020-2025
Responsible AI,data classification,1017,3148,46.64709659664251,54.24125988593484,7.594163289292325,1.1610738271809748,rising,63.2951610252705,4165,2000-2019,2020-2025
Responsible AI,training meteorology,33,636,1.513622603430878,10.958526457260025,9.444903853829146,5.69050349243031,rising,61.460612343641706,669,2000-2019,2020-2025
Responsible AI,federated privacy-preserving,8,548,0.3669388129529401,9.442252356255493,9.075313543302553,11.468228446700294,rising,57.37926195032604,556,2000-2019,2020-2025
Responsible AI,resource disambiguation,55,653,2.522704339051463,11.251443044954081,8.728738705902618,3.8877249399263882,rising,57.29417979439379,708,2000-2019,2020-2025
Responsible AI,modeling causal,157,891,7.2011742042014495,15.352275272670882,8.151101068469433,2.0584231511114917,rising,56.69573834213715,1048,2000-2019,2020-2025
Responsible AI,bayesian modeling,157,890,7.2011742042014495,15.335044885159467,8.133870680958019,2.0561857796335143,rising,56.56813315970662,1047,2000-2019,2020-2025
Robotics & Control,fusion sensor,24093,9078,239.13885001339963,297.4150640500606,58.276214036660974,1.2431834989752388,rising,606.6240020429472,33171,2000-2019,2020-2025
Robotics & Control,tracking data,24094,9078,239.14877567022998,297.4150640500606,58.26628837983063,1.2431320094036629,rising,606.5224377646365,33172,2000-2019,2020-2025
Robotics & Control,sensor network,24221,9113,240.40933408768325,298.56174032696657,58.15240623928332,1.2413871029925214,rising,605.6202780790658,33334,2000-2019,2020-2025
Robotics & Control,target tracking,24103,9078,239.23810658170305,297.4150640500606,58.17695746835756,1.2426687951192723,rising,605.6083299520195,33181,2000-2019,2020-2025
Robotics & Control,data fusion,24117,9081,239.37706577732783,297.5133505880811,58.13628481075327,1.2423586624355318,rising,605.2147143330972,33198,2000-2019,2020-2025
Robotics & Control,mathematical control,3382,1839,33.568571400212406,60.24964780657209,26.681076406359686,1.783158063569209,rising,228.40697651299556,5221,2000-2019,2020-2025
Robotics & Control,system analysi,3677,1920,36.49664016516293,62.90338433312584,26.406744167962913,1.7137606023162135,rising,227.8945505700731,5597,2000-2019,2020-2025
Robotics & Control,organizing committee,1871,1274,18.57090392956754,41.73901647937621,23.168112549808672,2.214840819049422,rising,186.59336241671733,3145,2000-2019,2020-2025
Robotics & Control,inertial sensor,4586,1940,45.51906222394267,63.558627919929236,18.039565695986568,1.3920020275120033,rising,158.4541818860445,6526,2000-2019,2020-2025
Robotics & Control,sensor navigation,4582,1933,45.47935959662131,63.32929266454805,17.84993306792674,1.388216217549024,rising,156.7583972610003,6515,2000-2019,2020-2025
Robotics & Control,kalman filter,10186,3570,101.10274047385086,116.96098024440586,15.858239770555002,1.1560808271174179,rising,151.11797284250702,13756,2000-2019,2020-2025
Robotics & Control,extended kalman,5465,2076,54.243714577812185,68.01428431019231,13.770569732380125,1.2515461334434435,rising,122.94698838250918,7541,2000-2019,2020-2025
Robotics & Control,pharmacy medical,4733,1845,46.97813377800276,60.44622088261311,13.468087104610355,1.2836692606239357,rising,118.40654687567981,6578,2000-2019,2020-2025
Robotics & Control,medical practice,4834,1873,47.98062511786718,61.36356190413786,13.382936786270683,1.2760471168375778,rising,117.91780711363076,6707,2000-2019,2020-2025
Robotics & Control,detection,13519,4461,134.18495468937658,146.15208203649706,11.967127347120481,1.088852740639964,rising,117.24279537426452,17980,2000-2019,2020-2025
Robotics & Control,introducing ieee,40,491,0.39702627321362993,16.086230056023325,15.689203782809695,18.490238860677447,rising,98.47553877632677,531,2000-2019,2020-2025
Robotics & Control,ieee collabratec,40,485,0.39702627321362993,15.889656979982309,15.49263070676868,18.271100266958463,rising,97.06599795561529,525,2000-2019,2020-2025
Robotics & Control,noise video,3123,1295,30.997826281154154,42.42702224551977,11.429195964365618,1.3628566575466816,rising,95.93288449090224,4418,2000-2019,2020-2025
Robotics & Control,computer vision,9640,3174,95.68333184448481,103.98715722569865,8.30382538121384,1.0863333097530867,rising,78.5406664792054,12814,2000-2019,2020-2025
Robotics & Control,electrical engineering,2789,1110,27.682656899820344,36.366019067588375,8.683362167768031,1.3081101330734854,rising,71.8003931664304,3899,2000-2019,2020-2025
Robotics & Control,environmental science,1360,695,13.498893289263417,22.76971464141795,9.270821352154531,1.6622538768307402,rising,70.72262409773923,2055,2000-2019,2020-2025
Robotics & Control,remote sensing,1040,542,10.322683103554377,17.75710120237198,7.434418098817604,1.6869292972623395,rising,54.76993102936338,1582,2000-2019,2020-2025
Robotics & Control,signal processing,9938,3184,98.64117757992635,104.31477901910036,5.673601439174007,1.0572274969661322,rising,53.797779294586654,13122,2000-2019,2020-2025
Robotics & Control,bayesian inference,1895,777,18.809119693495717,25.456213347311863,6.647093653816146,1.3442463333041135,rising,52.4519283103849,2672,2000-2019,2020-2025
Robotics & Control,robustness evolution,2025,796,20.099455081440013,26.07869475477509,5.979239673335076,1.2902620311894724,rising,47.506261823549146,2821,2000-2019,2020-2025
Robotics & Control,cybersecurity information,577,383,5.7271039911066115,12.547914687284997,6.820810696178386,2.0953423462848364,rising,46.845153309784,960,2000-2019,2020-2025
Robotics & Control,distributed sensor,4618,1560,45.83668324251357,51.108999770664745,5.272316528151173,1.1137827776873304,rising,46.02158556081157,6178,2000-2019,2020-2025
Robotics & Control,system signal,1337,590,13.27060318216558,19.329685810700127,6.059082628534547,1.4400012510985514,rising,45.832345942998174,1927,2000-2019,2020-2025
Robotics & Control,diverse scientific,10947,3460,108.65616532174016,113.35714051698719,4.700975195247025,1.0430665110064172,rising,45.01437078823239,14407,2000-2019,2020-2025
Robotics & Control,advanced data,1630,671,16.17882063345542,21.983422337253874,5.804601703798454,1.3480223111312333,rising,44.936519062358265,2301,2000-2019,2020-2025
Robotics & Control,network detection,4604,1552,45.6977240468888,50.84690233594339,5.149178289054589,1.111459566359338,rising,44.92835665186545,6156,2000-2019,2020-2025
Robotics & Control,scientific economic,10944,3451,108.62638835124915,113.06228090292566,4.435892551676517,1.0406491282145116,rising,42.47236556249442,14395,2000-2019,2020-2025
Robotics & Control,economic study,10945,3451,108.63631400807948,113.06228090292566,4.425966894846184,1.0405544839503973,rising,42.377637753306196,14396,2000-2019,2020-2025
Robotics & Control,state estimation,819,429,8.129112944049073,14.054974936932805,5.925861992883732,1.686728987244327,rising,42.25197976667008,1248,2000-2019,2020-2025
Robotics & Control,gaussian processe,1674,672,16.61554953399041,22.016184516594045,5.400634982603634,1.3155396776409845,rising,41.91375128976355,2346,2000-2019,2020-2025
Robotics & Control,data processing,1682,673,16.694954788633137,22.048946695934212,5.353991907301076,1.3113699322338652,rising,41.57225095916089,2355,2000-2019,2020-2025
Robotics & Control,processe bayesian,1658,666,16.45673902470496,21.819611440553025,5.3628724158480665,1.3162679102411543,rising,41.57017316514439,2324,2000-2019,2020-2025
Robotics & Control,fast kalman,1586,640,15.742091732920427,20.96779477770861,5.225703044788185,1.3217383038292057,rising,40.28186509436455,2226,2000-2019,2020-2025
Robotics & Control,covariance intersection,731,396,7.255655142979086,12.973823018707204,5.718167875728118,1.7372901154462197,rising,40.188435652940434,1127,2000-2019,2020-2025
Robotics & Control,aerospace engineering,2089,785,20.73469711858182,25.71831078203322,4.9836136634514006,1.2346920059947732,rising,39.688542128827194,2874,2000-2019,2020-2025
Robotics & Control,pure mathematic,1593,639,15.81157133073281,20.935032598368444,5.1234612676356335,1.3140997984653056,rising,39.50752859461969,2232,2000-2019,2020-2025
Robotics & Control,reinforcement,538,338,5.340003374723322,11.073616616977361,5.733613242254039,1.981782522090696,rising,38.85387022769224,876,2000-2019,2020-2025
Robotics & Control,reinforcement learning,524,334,5.2010441790985515,10.942567899616682,5.74152372051813,2.0071003732207493,rising,38.7884075159118,858,2000-2019,2020-2025
Robotics & Control,underwater vehicle,798,408,7.920674150611917,13.366969170789242,5.446295020177325,1.6467766027713533,rising,38.646327913773526,1206,2000-2019,2020-2025
Robotics & Control,control multi-agent,422,302,4.1886271824037955,9.894178160731252,5.705550978327457,2.2168915881689486,rising,37.57773812878865,724,2000-2019,2020-2025
Robotics & Control,bernoulli principle,399,295,3.9603370753059584,9.664842905350064,5.704505830044106,2.2789405225955495,rising,37.32978327431904,694,2000-2019,2020-2025
Robotics & Control,applied mathematic,4550,1509,45.161738578050404,49.43812862431609,4.276390046265689,1.093653684231843,rising,37.24506977240517,6059,2000-2019,2020-2025
Robotics & Control,bayesian probability,2177,799,21.60815491965181,26.176981292795595,4.568826373143786,1.2066579680551535,rising,36.544540664318774,2976,2000-2019,2020-2025
Robotics & Control,distributed control,453,303,4.496322544144359,9.926940340071422,5.430617795927063,2.0869229814419596,rising,36.00153805978234,756,2000-2019,2020-2025
Robotics & Control,covariance matrix,945,438,9.379745704672006,14.349834550994332,4.9700888463223265,1.5030583777041988,rising,35.947326288542264,1383,2000-2019,2020-2025
Robotics & Control,anomaly detection,709,369,7.03729069271159,12.089244176522623,5.051953483811033,1.670261197262323,rising,35.28178204519037,1078,2000-2019,2020-2025
Robotics & Control,interval graph,1735,660,17.221014600641197,21.623038364512006,4.402023763870808,1.2484069825049142,rising,34.25459425244447,2395,2000-2019,2020-2025
Robotics & Control,vehicle communication,732,369,7.2655807998094275,12.089244176522623,4.823663376713196,1.6211593828025808,rising,33.78919271197578,1101,2000-2019,2020-2025
Robotics & Control,digital media,816,384,8.09933597355805,12.580676866625168,4.481340893067118,1.521126387763743,rising,31.776784154738316,1200,2000-2019,2020-2025
Robotics & Control,visual art,815,383,8.08941031672771,12.547914687284997,4.4585043705572875,1.5190699019086837,rising,31.607421590633507,1198,2000-2019,2020-2025
Robotics & Control,media visual,815,383,8.08941031672771,12.547914687284997,4.4585043705572875,1.5190699019086837,rising,31.607421590633507,1198,2000-2019,2020-2025
Robotics & Control,graph theory,2607,906,25.87618735669833,29.682534482193756,3.8063471254954244,1.1443099821069775,rising,31.07696019252318,3513,2000-2019,2020-2025
Robotics & Control,maritime navigation,821,382,8.148964257709753,12.515152507944828,4.366188250235075,1.5048220943152841,rising,30.97113993163133,1203,2000-2019,2020-2025
Robotics & Control,navigation safety,822,381,8.158889914540095,12.482390328604659,4.323500414064563,1.4993134751377886,rising,30.6683378370711,1203,2000-2019,2020-2025
Robotics & Control,educational reform,685,342,6.799074928783412,11.20466533433804,4.405590405554628,1.603582022179479,rising,30.55440149593129,1027,2000-2019,2020-2025
Robotics & Control,reform innovation,662,335,6.570784821685575,10.975330078956853,4.404545257271278,1.6229216937507223,rising,30.41670284106325,997,2000-2019,2020-2025
Robotics & Control,gnss application,288,231,2.858589167138135,7.568063427579203,4.709474260441068,2.402218022531772,rising,29.452245817319444,519,2000-2019,2020-2025
Robotics & Control,gnss positioning,1243,493,12.337591440113549,16.151754414703667,3.8141629745901184,1.297108923615689,rising,28.45333069499492,1736,2000-2019,2020-2025
Robotics & Control,positioning interference,1242,492,12.327665783283209,16.118992235363496,3.7913264520802876,1.2955585619498349,rising,28.27860429541352,1734,2000-2019,2020-2025
Robotics & Control,moving horizon,910,392,9.032347715610081,12.842774301346525,3.810426585736444,1.3997364237454877,rising,27.329997292865983,1302,2000-2019,2020-2025
Robotics & Control,electronic society,555,290,5.508739540839115,9.501032008649215,3.9922924678101,1.6644142986521562,rising,26.910124668484084,845,2000-2019,2020-2025
Robotics & Control,horizon estimation,903,387,8.962868117797695,12.678963404645677,3.716095286847981,1.3927028508258268,rising,26.619031160504793,1290,2000-2019,2020-2025
Robotics & Control,kalman filtering,683,322,6.7792236151227305,10.549421747534646,3.770198132411916,1.5179395951759547,rising,26.06615964744365,1005,2000-2019,2020-2025
Robotics & Control,detection methodology,1353,511,13.429413691451032,16.741473642826723,3.3120599513756908,1.2377745413224692,rising,24.943177586631514,1864,2000-2019,2020-2025
Robotics & Control,infrared target,1354,511,13.439339348281372,16.741473642826723,3.3021342945453505,1.2368931706187698,rising,24.870197409809712,1865,2000-2019,2020-2025
Robotics & Control,interval type-2,945,391,9.379745704672006,12.810012122006356,3.43026641733435,1.3472018936390457,rising,24.691687390340437,1336,2000-2019,2020-2025
Robotics & Control,target detection,1440,534,14.292945835690677,17.495003767650623,3.2020579319599456,1.2164584368472706,rising,24.29825202129071,1974,2000-2019,2020-2025
Robotics & Control,sensor-based localization,1603,581,15.910827899036219,19.0348261966386,3.123998297602382,1.190362016884343,rising,24.021582249555696,2184,2000-2019,2020-2025
Robotics & Control,robotic sensor-based,1603,581,15.910827899036219,19.0348261966386,3.123998297602382,1.190362016884343,rising,24.021582249555696,2184,2000-2019,2020-2025
Robotics & Control,set theory,732,324,7.2655807998094275,10.614946106214985,3.3493653064055575,1.4313090537268962,rising,23.32226696058438,1056,2000-2019,2020-2025
Robotics & Control,gaussian process,564,276,5.598070452312181,9.042361497886839,3.4442910455746576,1.5648165386919561,rising,23.195893750046594,840,2000-2019,2020-2025
Robotics & Control,cubature kalman,241,188,2.39208329611212,6.159289715951905,3.767206419839785,2.302592641402863,rising,22.84353056669749,429,2000-2019,2020-2025
Robotics & Control,gaussian noise,562,272,5.5782191386515,8.91131278052616,3.33309364187466,1.5483668103835646,rising,22.423159908246262,834,2000-2019,2020-2025
Robotics & Control,localization technology,1693,600,16.804137013766887,19.657307604101824,2.853170590334937,1.1648837262479488,rising,22.07798324224084,2293,2000-2019,2020-2025
Robotics & Control,indoor outdoor,1694,600,16.814062670597227,19.657307604101824,2.8432449335045966,1.1642159317312049,rising,22.0024171472684,2294,2000-2019,2020-2025
