year,primary_topic,topic_bucket,count
2000,AI in Service Interactions,Applied / Interdisciplinary AI,34
2000,AI in cancer detection,Healthcare AI,227
2000,AI-based Problem Solving and Planning,Robotics,425
2000,Advanced Clustering Algorithms Research,Core ML / Deep Learning,97
2000,Advanced Computational Techniques and Applications,Applied / Interdisciplinary AI,324
2000,Advanced Graph Neural Networks,Core ML / Deep Learning,4
2000,Advanced Software Engineering Methodologies,Applied / Interdisciplinary AI,457
2000,Advanced Text Analysis Techniques,NLP,139
2000,Adversarial Robustness in Machine Learning,Core ML / Deep Learning,18
2000,Algorithms and Data Compression,ML Theory & Optimization,625
2000,Anomaly Detection Techniques and Applications,Applied / Interdisciplinary AI,73
2000,Artificial Intelligence Applications,Applied / Interdisciplinary AI,18
2000,Artificial Intelligence in Games,Applied / Interdisciplinary AI,163
2000,Authorship Attribution and Profiling,Applied / Interdisciplinary AI,39
2000,Bayesian Methods and Mixture Models,ML Theory & Optimization,418
2000,Bayesian Modeling and Causal Inference,ML Theory & Optimization,373
2000,Coding theory and cryptography,ML Theory & Optimization,502
2000,Cognitive Computing and Networks,Applied / Interdisciplinary AI,42
2000,Cognitive Science and Mapping,Applied / Interdisciplinary AI,241
2000,Computational Physics and Python Applications,Applied / Interdisciplinary AI,283
2000,Computer Science and Engineering,Applied / Interdisciplinary AI,3
2000,Cryptographic Implementations and Security,Applied / Interdisciplinary AI,123
2000,Cryptography and Data Security,Applied / Interdisciplinary AI,320
2000,Data Analysis with R,Applied / Interdisciplinary AI,110
2000,Data Stream Mining Techniques,Applied / Interdisciplinary AI,18
2000,Diverse Interdisciplinary Research Studies,Applied / Interdisciplinary AI,9
2000,Domain Adaptation and Few-Shot Learning,Applied / Interdisciplinary AI,8
2000,Edcuational Technology Systems,Applied / Interdisciplinary AI,5
2000,Educational Robotics and Engineering,Robotics,808
2000,Educational Technology and Pedagogy,Applied / Interdisciplinary AI,4
2000,Evolutionary Algorithms and Applications,ML Theory & Optimization,481
2000,Experience-Based Knowledge Management,Applied / Interdisciplinary AI,3
2000,Explainable Artificial Intelligence (XAI),AI Ethics & Fairness,21
2000,Fuzzy Logic and Control Systems,Robotics,683
2000,Gaussian Processes and Bayesian Inference,ML Theory & Optimization,48
2000,Geochemistry and Geologic Mapping,Applied / Interdisciplinary AI,1125
2000,Hate Speech and Cyberbullying Detection,NLP,68
2000,Imbalanced Data Classification Techniques,Core ML / Deep Learning,45
2000,Intelligent Tutoring Systems and Adaptive Learning,Applied / Interdisciplinary AI,220
2000,Internet Traffic Analysis and Secure E-voting,Applied / Interdisciplinary AI,81
2000,Intuitionistic Fuzzy Systems Applications,Applied / Interdisciplinary AI,17
2000,"Law, AI, and Intellectual Property",AI Ethics & Fairness,120
2000,Linguistic Studies and Language Acquisition,NLP,445
2000,"Logic, Reasoning, and Knowledge",Applied / Interdisciplinary AI,779
2000,"Logic, programming, and type systems",Applied / Interdisciplinary AI,1207
2000,Machine Learning and Algorithms,Core ML / Deep Learning,246
2000,Machine Learning and Data Classification,Core ML / Deep Learning,83
2000,Machine Learning and ELM,Core ML / Deep Learning,10
2000,Machine Learning in Healthcare,Core ML / Deep Learning,44
2000,Mathematical Control Systems and Analysis,Robotics,96
2000,Metaheuristic Optimization Algorithms Research,ML Theory & Optimization,240
2000,Multi-Agent Systems and Negotiation,Reinforcement Learning,539
2000,Natural Language Processing Techniques,NLP,1775
2000,Neural Networks and Applications,Core ML / Deep Learning,2353
2000,Neural Networks and Reservoir Computing,Core ML / Deep Learning,46
2000,Organizational and Employee Performance,Applied / Interdisciplinary AI,25
2000,Privacy-Preserving Technologies in Data,AI Ethics & Fairness,23
2000,"Psychiatry, Mental Health, Neuroscience",Healthcare AI,55
2000,Quantum Computing Algorithms and Architecture,ML Theory & Optimization,438
2000,Quantum Information and Cryptography,ML Theory & Optimization,834
2000,Reinforcement Learning in Robotics,Robotics,113
2000,Security and Verification in Computing,Applied / Interdisciplinary AI,125
2000,Seismology and Earthquake Studies,Applied / Interdisciplinary AI,268
2000,Semantic Web and Ontologies,NLP,940
2000,Sentiment Analysis and Opinion Mining,NLP,4
2000,Solar Radiation and Photovoltaics,Applied / Interdisciplinary AI,189
2000,Speech Recognition and Synthesis,NLP,638
2000,Speech and dialogue systems,NLP,564
2000,Statistical and Computational Modeling,Applied / Interdisciplinary AI,208
2000,Stochastic Gradient Optimization Techniques,ML Theory & Optimization,13
2000,Target Tracking and Data Fusion in Sensor Networks,Robotics,325
2000,Text Readability and Simplification,NLP,49
2000,Text and Document Classification Technologies,NLP,80
2000,Topic Modeling,NLP,125
2000,Wireless Signal Modulation Classification,Core ML / Deep Learning,5
2001,AI in Service Interactions,Applied / Interdisciplinary AI,29
2001,AI in cancer detection,Healthcare AI,209
2001,AI-based Problem Solving and Planning,Robotics,387
2001,Advanced Clustering Algorithms Research,Core ML / Deep Learning,129
2001,Advanced Computational Techniques and Applications,Applied / Interdisciplinary AI,264
2001,Advanced Graph Neural Networks,Core ML / Deep Learning,3
2001,Advanced Software Engineering Methodologies,Applied / Interdisciplinary AI,445
2001,Advanced Technologies in Various Fields,Applied / Interdisciplinary AI,4
2001,Advanced Text Analysis Techniques,NLP,150
2001,Adversarial Robustness in Machine Learning,Core ML / Deep Learning,8
2001,Algorithms and Data Compression,ML Theory & Optimization,589
2001,Anomaly Detection Techniques and Applications,Applied / Interdisciplinary AI,66
2001,Artificial Intelligence Applications,Applied / Interdisciplinary AI,22
2001,Artificial Intelligence in Games,Applied / Interdisciplinary AI,168
2001,Authorship Attribution and Profiling,Applied / Interdisciplinary AI,37
2001,Bayesian Methods and Mixture Models,ML Theory & Optimization,384
2001,Bayesian Modeling and Causal Inference,ML Theory & Optimization,387
2001,Coding theory and cryptography,ML Theory & Optimization,673
2001,Cognitive Computing and Networks,Applied / Interdisciplinary AI,43
2001,Cognitive Science and Mapping,Applied / Interdisciplinary AI,263
2001,Computational Physics and Python Applications,Applied / Interdisciplinary AI,319
2001,Computer Science and Engineering,Applied / Interdisciplinary AI,12
2001,Cryptographic Implementations and Security,Applied / Interdisciplinary AI,155
2001,Cryptography and Data Security,Applied / Interdisciplinary AI,364
2001,Data Analysis with R,Applied / Interdisciplinary AI,90
2001,Data Stream Mining Techniques,Applied / Interdisciplinary AI,18
2001,Diverse Interdisciplinary Research Studies,Applied / Interdisciplinary AI,15
2001,Domain Adaptation and Few-Shot Learning,Applied / Interdisciplinary AI,10
2001,Edcuational Technology Systems,Applied / Interdisciplinary AI,13
2001,Educational Robotics and Engineering,Robotics,909
2001,Educational Technology and Pedagogy,Applied / Interdisciplinary AI,4
2001,Evolutionary Algorithms and Applications,ML Theory & Optimization,462
2001,Experience-Based Knowledge Management,Applied / Interdisciplinary AI,8
2001,Explainable Artificial Intelligence (XAI),AI Ethics & Fairness,12
2001,Fuzzy Logic and Control Systems,Robotics,630
2001,Gaussian Processes and Bayesian Inference,ML Theory & Optimization,46
2001,Geochemistry and Geologic Mapping,Applied / Interdisciplinary AI,919
2001,Hate Speech and Cyberbullying Detection,NLP,62
2001,Imbalanced Data Classification Techniques,Core ML / Deep Learning,49
2001,Intelligent Tutoring Systems and Adaptive Learning,Applied / Interdisciplinary AI,170
2001,Internet Traffic Analysis and Secure E-voting,Applied / Interdisciplinary AI,116
2001,Intuitionistic Fuzzy Systems Applications,Applied / Interdisciplinary AI,21
2001,"Law, AI, and Intellectual Property",AI Ethics & Fairness,93
2001,Linguistic Studies and Language Acquisition,NLP,432
2001,"Logic, Reasoning, and Knowledge",Applied / Interdisciplinary AI,848
2001,"Logic, programming, and type systems",Applied / Interdisciplinary AI,1250
2001,Machine Learning and Algorithms,Core ML / Deep Learning,275
2001,Machine Learning and Data Classification,Core ML / Deep Learning,75
2001,Machine Learning and ELM,Core ML / Deep Learning,8
2001,Machine Learning in Healthcare,Core ML / Deep Learning,30
2001,Mathematical Control Systems and Analysis,Robotics,98
2001,Metaheuristic Optimization Algorithms Research,ML Theory & Optimization,241
2001,Multi-Agent Systems and Negotiation,Reinforcement Learning,687
2001,Natural Language Processing Techniques,NLP,1339
2001,Neural Networks and Applications,Core ML / Deep Learning,2028
2001,Neural Networks and Reservoir Computing,Core ML / Deep Learning,41
2001,Organizational and Employee Performance,Applied / Interdisciplinary AI,10
2001,Privacy-Preserving Technologies in Data,AI Ethics & Fairness,28
2001,"Psychiatry, Mental Health, Neuroscience",Healthcare AI,112
2001,Quantum Computing Algorithms and Architecture,ML Theory & Optimization,502
2001,Quantum Information and Cryptography,ML Theory & Optimization,988
2001,Reinforcement Learning in Robotics,Robotics,160
2001,Security and Verification in Computing,Applied / Interdisciplinary AI,125
2001,Seismology and Earthquake Studies,Applied / Interdisciplinary AI,194
2001,Semantic Web and Ontologies,NLP,904
2001,Sentiment Analysis and Opinion Mining,NLP,4
2001,Solar Radiation and Photovoltaics,Applied / Interdisciplinary AI,137
2001,Speech Recognition and Synthesis,NLP,416
2001,Speech and dialogue systems,NLP,425
2001,Statistical and Computational Modeling,Applied / Interdisciplinary AI,95
2001,Stochastic Gradient Optimization Techniques,ML Theory & Optimization,11
2001,Target Tracking and Data Fusion in Sensor Networks,Robotics,288
2001,Text Readability and Simplification,NLP,35
2001,Text and Document Classification Technologies,NLP,85
2001,Topic Modeling,NLP,138
2001,Wireless Signal Modulation Classification,Core ML / Deep Learning,8
2002,AI and Multimedia in Education,Applied / Interdisciplinary AI,2
2002,AI in Service Interactions,Applied / Interdisciplinary AI,32
2002,AI in cancer detection,Healthcare AI,370
2002,AI-based Problem Solving and Planning,Robotics,1234
2002,Advanced Clustering Algorithms Research,Core ML / Deep Learning,256
2002,Advanced Computational Techniques and Applications,Applied / Interdisciplinary AI,730
2002,Advanced Graph Neural Networks,Core ML / Deep Learning,9
2002,Advanced Software Engineering Methodologies,Applied / Interdisciplinary AI,1797
2002,Advanced Technologies in Various Fields,Applied / Interdisciplinary AI,5
2002,Advanced Text Analysis Techniques,NLP,267
2002,Adversarial Robustness in Machine Learning,Core ML / Deep Learning,16
2002,Algorithms and Data Compression,ML Theory & Optimization,1922
2002,Anomaly Detection Techniques and Applications,Applied / Interdisciplinary AI,148
2002,Artificial Intelligence Applications,Applied / Interdisciplinary AI,33
2002,Artificial Intelligence in Games,Applied / Interdisciplinary AI,269
2002,Authorship Attribution and Profiling,Applied / Interdisciplinary AI,66
2002,Bayesian Methods and Mixture Models,ML Theory & Optimization,576
2002,Bayesian Modeling and Causal Inference,ML Theory & Optimization,658
2002,Coding theory and cryptography,ML Theory & Optimization,1499
2002,Cognitive Computing and Networks,Applied / Interdisciplinary AI,71
2002,Cognitive Science and Mapping,Applied / Interdisciplinary AI,348
2002,Computational Physics and Python Applications,Applied / Interdisciplinary AI,367
2002,Computer Science and Engineering,Applied / Interdisciplinary AI,10
2002,Cryptographic Implementations and Security,Applied / Interdisciplinary AI,282
2002,Cryptography and Data Security,Applied / Interdisciplinary AI,639
2002,Data Analysis with R,Applied / Interdisciplinary AI,83
2002,Data Stream Mining Techniques,Applied / Interdisciplinary AI,55
2002,Diverse Interdisciplinary Research Studies,Applied / Interdisciplinary AI,20
2002,Domain Adaptation and Few-Shot Learning,Applied / Interdisciplinary AI,16
2002,Edcuational Technology Systems,Applied / Interdisciplinary AI,11
2002,Educational Robotics and Engineering,Robotics,1014
2002,Educational Technology and Pedagogy,Applied / Interdisciplinary AI,7
2002,Evolutionary Algorithms and Applications,ML Theory & Optimization,1188
2002,Experience-Based Knowledge Management,Applied / Interdisciplinary AI,8
2002,Explainable Artificial Intelligence (XAI),AI Ethics & Fairness,5
2002,Fuzzy Logic and Control Systems,Robotics,3167
2002,Gaussian Processes and Bayesian Inference,ML Theory & Optimization,61
2002,Geochemistry and Geologic Mapping,Applied / Interdisciplinary AI,981
2002,Hate Speech and Cyberbullying Detection,NLP,80
2002,Imbalanced Data Classification Techniques,Core ML / Deep Learning,94
2002,Intelligent Tutoring Systems and Adaptive Learning,Applied / Interdisciplinary AI,379
2002,Internet Traffic Analysis and Secure E-voting,Applied / Interdisciplinary AI,217
2002,Intuitionistic Fuzzy Systems Applications,Applied / Interdisciplinary AI,13
2002,"Law, AI, and Intellectual Property",AI Ethics & Fairness,106
2002,Linguistic Studies and Language Acquisition,NLP,541
2002,"Logic, Reasoning, and Knowledge",Applied / Interdisciplinary AI,1241
2002,"Logic, programming, and type systems",Applied / Interdisciplinary AI,1896
2002,Machine Learning and Algorithms,Core ML / Deep Learning,575
2002,Machine Learning and Data Classification,Core ML / Deep Learning,148
2002,Machine Learning and ELM,Core ML / Deep Learning,22
2002,Machine Learning in Healthcare,Core ML / Deep Learning,28
2002,Mathematical Control Systems and Analysis,Robotics,103
2002,Metaheuristic Optimization Algorithms Research,ML Theory & Optimization,803
2002,Multi-Agent Systems and Negotiation,Reinforcement Learning,1331
2002,Natural Language Processing Techniques,NLP,2192
2002,Neural Networks and Applications,Core ML / Deep Learning,8165
2002,Neural Networks and Reservoir Computing,Core ML / Deep Learning,103
2002,Organizational and Employee Performance,Applied / Interdisciplinary AI,7
2002,Privacy-Preserving Technologies in Data,AI Ethics & Fairness,58
2002,"Psychiatry, Mental Health, Neuroscience",Healthcare AI,64
2002,Quantum Computing Algorithms and Architecture,ML Theory & Optimization,713
2002,Quantum Information and Cryptography,ML Theory & Optimization,1300
2002,Reinforcement Learning in Robotics,Robotics,374
2002,Security and Verification in Computing,Applied / Interdisciplinary AI,489
2002,Seismology and Earthquake Studies,Applied / Interdisciplinary AI,240
2002,Semantic Web and Ontologies,NLP,1708
2002,Sentiment Analysis and Opinion Mining,NLP,10
2002,Solar Radiation and Photovoltaics,Applied / Interdisciplinary AI,183
2002,Speech Recognition and Synthesis,NLP,2200
2002,Speech and dialogue systems,NLP,934
2002,Statistical and Computational Modeling,Applied / Interdisciplinary AI,137
2002,Stochastic Gradient Optimization Techniques,ML Theory & Optimization,28
2002,Target Tracking and Data Fusion in Sensor Networks,Robotics,1216
2002,Text Readability and Simplification,NLP,46
2002,Text and Document Classification Technologies,NLP,244
2002,Topic Modeling,NLP,256
2002,Wireless Signal Modulation Classification,Core ML / Deep Learning,90
2003,AI and Multimedia in Education,Applied / Interdisciplinary AI,2
2003,AI in Service Interactions,Applied / Interdisciplinary AI,43
2003,AI in cancer detection,Healthcare AI,361
2003,AI-based Problem Solving and Planning,Robotics,752
2003,Advanced Clustering Algorithms Research,Core ML / Deep Learning,236
2003,Advanced Computational Techniques and Applications,Applied / Interdisciplinary AI,597
2003,Advanced Graph Neural Networks,Core ML / Deep Learning,7
2003,Advanced Software Engineering Methodologies,Applied / Interdisciplinary AI,1183
2003,Advanced Technologies in Various Fields,Applied / Interdisciplinary AI,5
2003,Advanced Text Analysis Techniques,NLP,263
2003,Adversarial Robustness in Machine Learning,Core ML / Deep Learning,16
2003,Algorithms and Data Compression,ML Theory & Optimization,1178
2003,Anomaly Detection Techniques and Applications,Applied / Interdisciplinary AI,147
2003,Artificial Intelligence Applications,Applied / Interdisciplinary AI,22
2003,Artificial Intelligence in Games,Applied / Interdisciplinary AI,265
2003,Authorship Attribution and Profiling,Applied / Interdisciplinary AI,67
2003,Bayesian Methods and Mixture Models,ML Theory & Optimization,495
2003,Bayesian Modeling and Causal Inference,ML Theory & Optimization,631
2003,Coding theory and cryptography,ML Theory & Optimization,999
2003,Cognitive Computing and Networks,Applied / Interdisciplinary AI,73
2003,Cognitive Science and Mapping,Applied / Interdisciplinary AI,298
2003,Computational Physics and Python Applications,Applied / Interdisciplinary AI,321
2003,Computer Science and Engineering,Applied / Interdisciplinary AI,17
2003,Cryptographic Implementations and Security,Applied / Interdisciplinary AI,347
2003,Cryptography and Data Security,Applied / Interdisciplinary AI,602
2003,Data Analysis with R,Applied / Interdisciplinary AI,113
2003,Data Stream Mining Techniques,Applied / Interdisciplinary AI,60
2003,Diverse Interdisciplinary Research Studies,Applied / Interdisciplinary AI,17
2003,Domain Adaptation and Few-Shot Learning,Applied / Interdisciplinary AI,9
2003,Edcuational Technology Systems,Applied / Interdisciplinary AI,19
2003,Educational Robotics and Engineering,Robotics,1214
2003,Educational Technology and Pedagogy,Applied / Interdisciplinary AI,6
2003,Evolutionary Algorithms and Applications,ML Theory & Optimization,1086
2003,Experience-Based Knowledge Management,Applied / Interdisciplinary AI,5
2003,Explainable Artificial Intelligence (XAI),AI Ethics & Fairness,6
2003,Fuzzy Logic and Control Systems,Robotics,1320
2003,Gaussian Processes and Bayesian Inference,ML Theory & Optimization,47
2003,Geochemistry and Geologic Mapping,Applied / Interdisciplinary AI,1003
2003,Hate Speech and Cyberbullying Detection,NLP,57
2003,Imbalanced Data Classification Techniques,Core ML / Deep Learning,66
2003,Intelligent Tutoring Systems and Adaptive Learning,Applied / Interdisciplinary AI,290
2003,Internet Traffic Analysis and Secure E-voting,Applied / Interdisciplinary AI,246
2003,Intuitionistic Fuzzy Systems Applications,Applied / Interdisciplinary AI,25
2003,"Law, AI, and Intellectual Property",AI Ethics & Fairness,116
2003,Linguistic Studies and Language Acquisition,NLP,624
2003,"Logic, Reasoning, and Knowledge",Applied / Interdisciplinary AI,975
2003,"Logic, programming, and type systems",Applied / Interdisciplinary AI,1519
2003,Machine Learning and Algorithms,Core ML / Deep Learning,401
2003,Machine Learning and Data Classification,Core ML / Deep Learning,115
2003,Machine Learning and ELM,Core ML / Deep Learning,19
2003,Machine Learning in Healthcare,Core ML / Deep Learning,42
2003,Mathematical Control Systems and Analysis,Robotics,106
2003,Metaheuristic Optimization Algorithms Research,ML Theory & Optimization,602
2003,Multi-Agent Systems and Negotiation,Reinforcement Learning,1125
2003,Natural Language Processing Techniques,NLP,1851
2003,Neural Networks and Applications,Core ML / Deep Learning,4439
2003,Neural Networks and Reservoir Computing,Core ML / Deep Learning,79
2003,Organizational and Employee Performance,Applied / Interdisciplinary AI,8
2003,Privacy-Preserving Technologies in Data,AI Ethics & Fairness,61
2003,"Psychiatry, Mental Health, Neuroscience",Healthcare AI,95
2003,Quantum Computing Algorithms and Architecture,ML Theory & Optimization,705
2003,Quantum Information and Cryptography,ML Theory & Optimization,1588
2003,Reinforcement Learning in Robotics,Robotics,299
2003,Security and Verification in Computing,Applied / Interdisciplinary AI,365
2003,Seismology and Earthquake Studies,Applied / Interdisciplinary AI,285
2003,Semantic Web and Ontologies,NLP,1665
2003,Sentiment Analysis and Opinion Mining,NLP,8
2003,Solar Radiation and Photovoltaics,Applied / Interdisciplinary AI,171
2003,Speech Recognition and Synthesis,NLP,1030
2003,Speech and dialogue systems,NLP,679
2003,Statistical and Computational Modeling,Applied / Interdisciplinary AI,157
2003,Stochastic Gradient Optimization Techniques,ML Theory & Optimization,14
2003,Target Tracking and Data Fusion in Sensor Networks,Robotics,818
2003,Text Readability and Simplification,NLP,67
2003,Text and Document Classification Technologies,NLP,254
2003,Topic Modeling,NLP,269
2003,Wireless Signal Modulation Classification,Core ML / Deep Learning,49
2004,AI and Multimedia in Education,Applied / Interdisciplinary AI,2
2004,AI in Service Interactions,Applied / Interdisciplinary AI,46
2004,AI in cancer detection,Healthcare AI,320
2004,AI-based Problem Solving and Planning,Robotics,421
2004,Advanced Clustering Algorithms Research,Core ML / Deep Learning,304
2004,Advanced Computational Techniques and Applications,Applied / Interdisciplinary AI,564
2004,Advanced Graph Neural Networks,Core ML / Deep Learning,4
2004,Advanced Software Engineering Methodologies,Applied / Interdisciplinary AI,1361
2004,Advanced Technologies in Various Fields,Applied / Interdisciplinary AI,3
2004,Advanced Text Analysis Techniques,NLP,253
2004,Adversarial Robustness in Machine Learning,Core ML / Deep Learning,14
2004,Algorithms and Data Compression,ML Theory & Optimization,1034
2004,Anomaly Detection Techniques and Applications,Applied / Interdisciplinary AI,192
2004,Artificial Intelligence Applications,Applied / Interdisciplinary AI,29
2004,Artificial Intelligence in Games,Applied / Interdisciplinary AI,263
2004,Authorship Attribution and Profiling,Applied / Interdisciplinary AI,63
2004,Bayesian Methods and Mixture Models,ML Theory & Optimization,507
2004,Bayesian Modeling and Causal Inference,ML Theory & Optimization,558
2004,Coding theory and cryptography,ML Theory & Optimization,804
2004,Cognitive Computing and Networks,Applied / Interdisciplinary AI,118
2004,Cognitive Science and Mapping,Applied / Interdisciplinary AI,297
2004,Computational Physics and Python Applications,Applied / Interdisciplinary AI,403
2004,Computer Science and Engineering,Applied / Interdisciplinary AI,39
2004,Cryptographic Implementations and Security,Applied / Interdisciplinary AI,360
2004,Cryptography and Data Security,Applied / Interdisciplinary AI,812
2004,Data Analysis with R,Applied / Interdisciplinary AI,111
2004,Data Stream Mining Techniques,Applied / Interdisciplinary AI,84
2004,Diverse Interdisciplinary Research Studies,Applied / Interdisciplinary AI,21
2004,Domain Adaptation and Few-Shot Learning,Applied / Interdisciplinary AI,13
2004,Edcuational Technology Systems,Applied / Interdisciplinary AI,27
2004,Educational Robotics and Engineering,Robotics,1746
2004,Educational Technology and Pedagogy,Applied / Interdisciplinary AI,5
2004,Evolutionary Algorithms and Applications,ML Theory & Optimization,976
2004,Experience-Based Knowledge Management,Applied / Interdisciplinary AI,4
2004,Explainable Artificial Intelligence (XAI),AI Ethics & Fairness,8
2004,Fuzzy Logic and Control Systems,Robotics,930
2004,Gaussian Processes and Bayesian Inference,ML Theory & Optimization,53
2004,Geochemistry and Geologic Mapping,Applied / Interdisciplinary AI,981
2004,Hate Speech and Cyberbullying Detection,NLP,78
2004,Imbalanced Data Classification Techniques,Core ML / Deep Learning,93
2004,Intelligent Tutoring Systems and Adaptive Learning,Applied / Interdisciplinary AI,342
2004,Internet Traffic Analysis and Secure E-voting,Applied / Interdisciplinary AI,294
2004,Intuitionistic Fuzzy Systems Applications,Applied / Interdisciplinary AI,39
2004,"Law, AI, and Intellectual Property",AI Ethics & Fairness,130
2004,Linguistic Studies and Language Acquisition,NLP,682
2004,"Logic, Reasoning, and Knowledge",Applied / Interdisciplinary AI,835
2004,"Logic, programming, and type systems",Applied / Interdisciplinary AI,1233
2004,Machine Learning and Algorithms,Core ML / Deep Learning,345
2004,Machine Learning and Data Classification,Core ML / Deep Learning,135
2004,Machine Learning and ELM,Core ML / Deep Learning,13
2004,Machine Learning in Healthcare,Core ML / Deep Learning,32
2004,Mathematical Control Systems and Analysis,Robotics,95
2004,Metaheuristic Optimization Algorithms Research,ML Theory & Optimization,684
2004,Multi-Agent Systems and Negotiation,Reinforcement Learning,1130
2004,Natural Language Processing Techniques,NLP,2264
2004,Neural Networks and Applications,Core ML / Deep Learning,2659
2004,Neural Networks and Reservoir Computing,Core ML / Deep Learning,65
2004,Organizational and Employee Performance,Applied / Interdisciplinary AI,15
2004,Privacy-Preserving Technologies in Data,AI Ethics & Fairness,114
2004,"Psychiatry, Mental Health, Neuroscience",Healthcare AI,82
2004,Quantum Computing Algorithms and Architecture,ML Theory & Optimization,775
2004,Quantum Information and Cryptography,ML Theory & Optimization,1689
2004,Reinforcement Learning in Robotics,Robotics,297
2004,Security and Verification in Computing,Applied / Interdisciplinary AI,319
2004,Seismology and Earthquake Studies,Applied / Interdisciplinary AI,220
2004,Semantic Web and Ontologies,NLP,2035
2004,Sentiment Analysis and Opinion Mining,NLP,19
2004,Solar Radiation and Photovoltaics,Applied / Interdisciplinary AI,220
2004,Speech Recognition and Synthesis,NLP,909
2004,Speech and dialogue systems,NLP,737
2004,Statistical and Computational Modeling,Applied / Interdisciplinary AI,114
2004,Stochastic Gradient Optimization Techniques,ML Theory & Optimization,10
2004,Target Tracking and Data Fusion in Sensor Networks,Robotics,710
2004,Text Readability and Simplification,NLP,51
2004,Text and Document Classification Technologies,NLP,318
2004,Topic Modeling,NLP,301
2004,Wireless Signal Modulation Classification,Core ML / Deep Learning,43
2005,AI and Multimedia in Education,Applied / Interdisciplinary AI,1
2005,AI in Service Interactions,Applied / Interdisciplinary AI,28
2005,AI in cancer detection,Healthcare AI,487
2005,AI-based Problem Solving and Planning,Robotics,711
2005,Advanced Clustering Algorithms Research,Core ML / Deep Learning,350
2005,Advanced Computational Techniques and Applications,Applied / Interdisciplinary AI,752
2005,Advanced Graph Neural Networks,Core ML / Deep Learning,10
2005,Advanced Software Engineering Methodologies,Applied / Interdisciplinary AI,1558
2005,Advanced Technologies in Various Fields,Applied / Interdisciplinary AI,5
2005,Advanced Text Analysis Techniques,NLP,313
2005,Adversarial Robustness in Machine Learning,Core ML / Deep Learning,18
2005,Algorithms and Data Compression,ML Theory & Optimization,1252
2005,Anomaly Detection Techniques and Applications,Applied / Interdisciplinary AI,272
2005,Artificial Intelligence Applications,Applied / Interdisciplinary AI,32
2005,Artificial Intelligence in Games,Applied / Interdisciplinary AI,300
2005,Authorship Attribution and Profiling,Applied / Interdisciplinary AI,71
2005,Bayesian Methods and Mixture Models,ML Theory & Optimization,636
2005,Bayesian Modeling and Causal Inference,ML Theory & Optimization,666
2005,Coding theory and cryptography,ML Theory & Optimization,1117
2005,Cognitive Computing and Networks,Applied / Interdisciplinary AI,116
2005,Cognitive Science and Mapping,Applied / Interdisciplinary AI,310
2005,Computational Physics and Python Applications,Applied / Interdisciplinary AI,331
2005,Computer Science and Engineering,Applied / Interdisciplinary AI,30
2005,Cryptographic Implementations and Security,Applied / Interdisciplinary AI,475
2005,Cryptography and Data Security,Applied / Interdisciplinary AI,1026
2005,Data Analysis with R,Applied / Interdisciplinary AI,110
2005,Data Stream Mining Techniques,Applied / Interdisciplinary AI,126
2005,Diverse Interdisciplinary Research Studies,Applied / Interdisciplinary AI,28
2005,Domain Adaptation and Few-Shot Learning,Applied / Interdisciplinary AI,9
2005,Edcuational Technology Systems,Applied / Interdisciplinary AI,15
2005,Educational Robotics and Engineering,Robotics,2043
2005,Educational Technology and Pedagogy,Applied / Interdisciplinary AI,14
2005,Evolutionary Algorithms and Applications,ML Theory & Optimization,1026
2005,Experience-Based Knowledge Management,Applied / Interdisciplinary AI,8
2005,Explainable Artificial Intelligence (XAI),AI Ethics & Fairness,15
2005,Fuzzy Logic and Control Systems,Robotics,1225
2005,Gaussian Processes and Bayesian Inference,ML Theory & Optimization,86
2005,Geochemistry and Geologic Mapping,Applied / Interdisciplinary AI,1265
2005,Hate Speech and Cyberbullying Detection,NLP,64
2005,Imbalanced Data Classification Techniques,Core ML / Deep Learning,124
2005,Intelligent Tutoring Systems and Adaptive Learning,Applied / Interdisciplinary AI,342
2005,Internet Traffic Analysis and Secure E-voting,Applied / Interdisciplinary AI,336
2005,Intuitionistic Fuzzy Systems Applications,Applied / Interdisciplinary AI,24
2005,"Law, AI, and Intellectual Property",AI Ethics & Fairness,103
2005,Linguistic Studies and Language Acquisition,NLP,633
2005,"Logic, Reasoning, and Knowledge",Applied / Interdisciplinary AI,1137
2005,"Logic, programming, and type systems",Applied / Interdisciplinary AI,1846
2005,Machine Learning and Algorithms,Core ML / Deep Learning,423
2005,Machine Learning and Data Classification,Core ML / Deep Learning,198
2005,Machine Learning and ELM,Core ML / Deep Learning,24
2005,Machine Learning in Healthcare,Core ML / Deep Learning,54
2005,Mathematical Control Systems and Analysis,Robotics,119
2005,Metaheuristic Optimization Algorithms Research,ML Theory & Optimization,834
2005,Multi-Agent Systems and Negotiation,Reinforcement Learning,1173
2005,Natural Language Processing Techniques,NLP,2158
2005,Neural Networks and Applications,Core ML / Deep Learning,3679
2005,Neural Networks and Reservoir Computing,Core ML / Deep Learning,85
2005,Organizational and Employee Performance,Applied / Interdisciplinary AI,18
2005,Privacy-Preserving Technologies in Data,AI Ethics & Fairness,152
2005,"Psychiatry, Mental Health, Neuroscience",Healthcare AI,89
2005,Quantum Computing Algorithms and Architecture,ML Theory & Optimization,843
2005,Quantum Information and Cryptography,ML Theory & Optimization,2159
2005,Reinforcement Learning in Robotics,Robotics,307
2005,Security and Verification in Computing,Applied / Interdisciplinary AI,444
2005,Seismology and Earthquake Studies,Applied / Interdisciplinary AI,272
2005,Semantic Web and Ontologies,NLP,2341
2005,Sentiment Analysis and Opinion Mining,NLP,39
2005,Solar Radiation and Photovoltaics,Applied / Interdisciplinary AI,197
2005,Speech Recognition and Synthesis,NLP,1331
2005,Speech and dialogue systems,NLP,772
2005,Statistical and Computational Modeling,Applied / Interdisciplinary AI,135
2005,Stochastic Gradient Optimization Techniques,ML Theory & Optimization,26
2005,Target Tracking and Data Fusion in Sensor Networks,Robotics,1077
2005,Text Readability and Simplification,NLP,38
2005,Text and Document Classification Technologies,NLP,368
2005,Topic Modeling,NLP,339
2005,Wireless Signal Modulation Classification,Core ML / Deep Learning,69
2006,AI and Multimedia in Education,Applied / Interdisciplinary AI,1
2006,AI in Service Interactions,Applied / Interdisciplinary AI,37
2006,AI in cancer detection,Healthcare AI,490
2006,AI-based Problem Solving and Planning,Robotics,557
2006,Advanced Clustering Algorithms Research,Core ML / Deep Learning,510
2006,Advanced Computational Techniques and Applications,Applied / Interdisciplinary AI,905
2006,Advanced Graph Neural Networks,Core ML / Deep Learning,13
2006,Advanced Software Engineering Methodologies,Applied / Interdisciplinary AI,1669
2006,Advanced Technologies in Various Fields,Applied / Interdisciplinary AI,3
2006,Advanced Text Analysis Techniques,NLP,460
2006,Adversarial Robustness in Machine Learning,Core ML / Deep Learning,12
2006,Algorithms and Data Compression,ML Theory & Optimization,1291
2006,Anomaly Detection Techniques and Applications,Applied / Interdisciplinary AI,338
2006,Artificial Intelligence Applications,Applied / Interdisciplinary AI,40
2006,Artificial Intelligence in Games,Applied / Interdisciplinary AI,370
2006,Authorship Attribution and Profiling,Applied / Interdisciplinary AI,95
2006,Bayesian Methods and Mixture Models,ML Theory & Optimization,718
2006,Bayesian Modeling and Causal Inference,ML Theory & Optimization,719
2006,Coding theory and cryptography,ML Theory & Optimization,1083
2006,Cognitive Computing and Networks,Applied / Interdisciplinary AI,160
2006,Cognitive Science and Mapping,Applied / Interdisciplinary AI,367
2006,Computational Physics and Python Applications,Applied / Interdisciplinary AI,415
2006,Computer Science and Engineering,Applied / Interdisciplinary AI,51
2006,Cryptographic Implementations and Security,Applied / Interdisciplinary AI,593
2006,Cryptography and Data Security,Applied / Interdisciplinary AI,1128
2006,Data Analysis with R,Applied / Interdisciplinary AI,168
2006,Data Stream Mining Techniques,Applied / Interdisciplinary AI,156
2006,Diverse Interdisciplinary Research Studies,Applied / Interdisciplinary AI,21
2006,Domain Adaptation and Few-Shot Learning,Applied / Interdisciplinary AI,15
2006,Edcuational Technology Systems,Applied / Interdisciplinary AI,35
2006,Educational Robotics and Engineering,Robotics,1931
2006,Educational Technology and Pedagogy,Applied / Interdisciplinary AI,24
2006,Evolutionary Algorithms and Applications,ML Theory & Optimization,1202
2006,Experience-Based Knowledge Management,Applied / Interdisciplinary AI,8
2006,Explainable Artificial Intelligence (XAI),AI Ethics & Fairness,20
2006,Fuzzy Logic and Control Systems,Robotics,1211
2006,Gaussian Processes and Bayesian Inference,ML Theory & Optimization,113
2006,Geochemistry and Geologic Mapping,Applied / Interdisciplinary AI,1249
2006,Hate Speech and Cyberbullying Detection,NLP,82
2006,Imbalanced Data Classification Techniques,Core ML / Deep Learning,178
2006,Intelligent Tutoring Systems and Adaptive Learning,Applied / Interdisciplinary AI,430
2006,Internet Traffic Analysis and Secure E-voting,Applied / Interdisciplinary AI,463
2006,Intuitionistic Fuzzy Systems Applications,Applied / Interdisciplinary AI,35
2006,"Law, AI, and Intellectual Property",AI Ethics & Fairness,139
2006,Linguistic Studies and Language Acquisition,NLP,802
2006,"Logic, Reasoning, and Knowledge",Applied / Interdisciplinary AI,1033
2006,"Logic, programming, and type systems",Applied / Interdisciplinary AI,1547
2006,Machine Learning and Algorithms,Core ML / Deep Learning,497
2006,Machine Learning and Data Classification,Core ML / Deep Learning,222
2006,Machine Learning and ELM,Core ML / Deep Learning,48
2006,Machine Learning in Healthcare,Core ML / Deep Learning,46
2006,Mathematical Control Systems and Analysis,Robotics,108
2006,Metaheuristic Optimization Algorithms Research,ML Theory & Optimization,1086
2006,Multi-Agent Systems and Negotiation,Reinforcement Learning,1376
2006,Natural Language Processing Techniques,NLP,2841
2006,Neural Networks and Applications,Core ML / Deep Learning,3564
2006,Neural Networks and Reservoir Computing,Core ML / Deep Learning,94
2006,Organizational and Employee Performance,Applied / Interdisciplinary AI,27
2006,Privacy-Preserving Technologies in Data,AI Ethics & Fairness,271
2006,"Psychiatry, Mental Health, Neuroscience",Healthcare AI,96
2006,Quantum Computing Algorithms and Architecture,ML Theory & Optimization,970
2006,Quantum Information and Cryptography,ML Theory & Optimization,2346
2006,Reinforcement Learning in Robotics,Robotics,380
2006,Security and Verification in Computing,Applied / Interdisciplinary AI,459
2006,Seismology and Earthquake Studies,Applied / Interdisciplinary AI,293
2006,Semantic Web and Ontologies,NLP,2835
2006,Sentiment Analysis and Opinion Mining,NLP,66
2006,Solar Radiation and Photovoltaics,Applied / Interdisciplinary AI,183
2006,Speech Recognition and Synthesis,NLP,1308
2006,Speech and dialogue systems,NLP,902
2006,Statistical and Computational Modeling,Applied / Interdisciplinary AI,120
2006,Stochastic Gradient Optimization Techniques,ML Theory & Optimization,24
2006,Target Tracking and Data Fusion in Sensor Networks,Robotics,1216
2006,Text Readability and Simplification,NLP,53
2006,Text and Document Classification Technologies,NLP,451
2006,Topic Modeling,NLP,479
2006,Wireless Signal Modulation Classification,Core ML / Deep Learning,101
2007,AI and Multimedia in Education,Applied / Interdisciplinary AI,1
2007,AI in Service Interactions,Applied / Interdisciplinary AI,46
2007,AI in cancer detection,Healthcare AI,476
2007,AI-based Problem Solving and Planning,Robotics,627
2007,Advanced Clustering Algorithms Research,Core ML / Deep Learning,518
2007,Advanced Computational Techniques and Applications,Applied / Interdisciplinary AI,897
2007,Advanced Graph Neural Networks,Core ML / Deep Learning,20
2007,Advanced Software Engineering Methodologies,Applied / Interdisciplinary AI,1566
2007,Advanced Technologies in Various Fields,Applied / Interdisciplinary AI,1
2007,Advanced Text Analysis Techniques,NLP,434
2007,Adversarial Robustness in Machine Learning,Core ML / Deep Learning,17
2007,Algorithms and Data Compression,ML Theory & Optimization,1204
2007,Anomaly Detection Techniques and Applications,Applied / Interdisciplinary AI,336
2007,Artificial Intelligence Applications,Applied / Interdisciplinary AI,42
2007,Artificial Intelligence in Games,Applied / Interdisciplinary AI,455
2007,Authorship Attribution and Profiling,Applied / Interdisciplinary AI,132
2007,Bayesian Methods and Mixture Models,ML Theory & Optimization,713
2007,Bayesian Modeling and Causal Inference,ML Theory & Optimization,784
2007,Coding theory and cryptography,ML Theory & Optimization,1185
2007,Cognitive Computing and Networks,Applied / Interdisciplinary AI,156
2007,Cognitive Science and Mapping,Applied / Interdisciplinary AI,386
2007,Computational Physics and Python Applications,Applied / Interdisciplinary AI,436
2007,Computer Science and Engineering,Applied / Interdisciplinary AI,51
2007,Cryptographic Implementations and Security,Applied / Interdisciplinary AI,647
2007,Cryptography and Data Security,Applied / Interdisciplinary AI,1462
2007,Data Analysis with R,Applied / Interdisciplinary AI,195
2007,Data Stream Mining Techniques,Applied / Interdisciplinary AI,197
2007,Diverse Interdisciplinary Research Studies,Applied / Interdisciplinary AI,16
2007,Domain Adaptation and Few-Shot Learning,Applied / Interdisciplinary AI,45
2007,Edcuational Technology Systems,Applied / Interdisciplinary AI,37
2007,Educational Robotics and Engineering,Robotics,1991
2007,Educational Technology and Pedagogy,Applied / Interdisciplinary AI,26
2007,Evolutionary Algorithms and Applications,ML Theory & Optimization,1215
2007,Experience-Based Knowledge Management,Applied / Interdisciplinary AI,9
2007,Explainable Artificial Intelligence (XAI),AI Ethics & Fairness,15
2007,Fuzzy Logic and Control Systems,Robotics,1207
2007,Gaussian Processes and Bayesian Inference,ML Theory & Optimization,121
2007,Geochemistry and Geologic Mapping,Applied / Interdisciplinary AI,1190
2007,Hate Speech and Cyberbullying Detection,NLP,96
2007,Imbalanced Data Classification Techniques,Core ML / Deep Learning,193
2007,Intelligent Tutoring Systems and Adaptive Learning,Applied / Interdisciplinary AI,409
2007,Internet Traffic Analysis and Secure E-voting,Applied / Interdisciplinary AI,514
2007,Intuitionistic Fuzzy Systems Applications,Applied / Interdisciplinary AI,23
2007,"Law, AI, and Intellectual Property",AI Ethics & Fairness,139
2007,Linguistic Studies and Language Acquisition,NLP,743
2007,"Logic, Reasoning, and Knowledge",Applied / Interdisciplinary AI,1081
2007,"Logic, programming, and type systems",Applied / Interdisciplinary AI,1552
2007,Machine Learning and Algorithms,Core ML / Deep Learning,441
2007,Machine Learning and Data Classification,Core ML / Deep Learning,192
2007,Machine Learning and ELM,Core ML / Deep Learning,42
2007,Machine Learning in Healthcare,Core ML / Deep Learning,59
2007,Mathematical Control Systems and Analysis,Robotics,114
2007,Metaheuristic Optimization Algorithms Research,ML Theory & Optimization,1103
2007,Multi-Agent Systems and Negotiation,Reinforcement Learning,1227
2007,Natural Language Processing Techniques,NLP,2516
2007,Neural Networks and Applications,Core ML / Deep Learning,2751
2007,Neural Networks and Reservoir Computing,Core ML / Deep Learning,99
2007,Organizational and Employee Performance,Applied / Interdisciplinary AI,30
2007,Privacy-Preserving Technologies in Data,AI Ethics & Fairness,328
2007,"Psychiatry, Mental Health, Neuroscience",Healthcare AI,125
2007,Quantum Computing Algorithms and Architecture,ML Theory & Optimization,986
2007,Quantum Information and Cryptography,ML Theory & Optimization,2627
2007,Reinforcement Learning in Robotics,Robotics,402
2007,Security and Verification in Computing,Applied / Interdisciplinary AI,526
2007,Seismology and Earthquake Studies,Applied / Interdisciplinary AI,296
2007,Semantic Web and Ontologies,NLP,3048
2007,Sentiment Analysis and Opinion Mining,NLP,94
2007,Solar Radiation and Photovoltaics,Applied / Interdisciplinary AI,220
2007,Speech Recognition and Synthesis,NLP,1187
2007,Speech and dialogue systems,NLP,902
2007,Statistical and Computational Modeling,Applied / Interdisciplinary AI,149
2007,Stochastic Gradient Optimization Techniques,ML Theory & Optimization,27
2007,Target Tracking and Data Fusion in Sensor Networks,Robotics,1062
2007,Text Readability and Simplification,NLP,66
2007,Text and Document Classification Technologies,NLP,436
2007,Topic Modeling,NLP,483
2007,Wireless Signal Modulation Classification,Core ML / Deep Learning,88
2008,AI and Multimedia in Education,Applied / Interdisciplinary AI,4
2008,AI in Service Interactions,Applied / Interdisciplinary AI,48
2008,AI in cancer detection,Healthcare AI,556
2008,AI-based Problem Solving and Planning,Robotics,538
2008,Advanced Clustering Algorithms Research,Core ML / Deep Learning,578
2008,Advanced Computational Techniques and Applications,Applied / Interdisciplinary AI,1154
2008,Advanced Graph Neural Networks,Core ML / Deep Learning,17
2008,Advanced Software Engineering Methodologies,Applied / Interdisciplinary AI,1620
2008,Advanced Technologies in Various Fields,Applied / Interdisciplinary AI,5
2008,Advanced Text Analysis Techniques,NLP,472
2008,Adversarial Robustness in Machine Learning,Core ML / Deep Learning,15
2008,Algorithms and Data Compression,ML Theory & Optimization,1211
2008,Anomaly Detection Techniques and Applications,Applied / Interdisciplinary AI,424
2008,Artificial Intelligence Applications,Applied / Interdisciplinary AI,48
2008,Artificial Intelligence in Games,Applied / Interdisciplinary AI,467
2008,Authorship Attribution and Profiling,Applied / Interdisciplinary AI,119
2008,Bayesian Methods and Mixture Models,ML Theory & Optimization,795
2008,Bayesian Modeling and Causal Inference,ML Theory & Optimization,755
2008,Coding theory and cryptography,ML Theory & Optimization,1129
2008,Cognitive Computing and Networks,Applied / Interdisciplinary AI,186
2008,Cognitive Science and Mapping,Applied / Interdisciplinary AI,415
2008,Computational Physics and Python Applications,Applied / Interdisciplinary AI,416
2008,Computer Science and Engineering,Applied / Interdisciplinary AI,58
2008,Cryptographic Implementations and Security,Applied / Interdisciplinary AI,649
2008,Cryptography and Data Security,Applied / Interdisciplinary AI,1316
2008,Data Analysis with R,Applied / Interdisciplinary AI,262
2008,Data Stream Mining Techniques,Applied / Interdisciplinary AI,212
2008,Diverse Interdisciplinary Research Studies,Applied / Interdisciplinary AI,30
2008,Domain Adaptation and Few-Shot Learning,Applied / Interdisciplinary AI,40
2008,Edcuational Technology Systems,Applied / Interdisciplinary AI,70
2008,Educational Robotics and Engineering,Robotics,1877
2008,Educational Technology and Pedagogy,Applied / Interdisciplinary AI,25
2008,Evolutionary Algorithms and Applications,ML Theory & Optimization,1146
2008,Experience-Based Knowledge Management,Applied / Interdisciplinary AI,12
2008,Explainable Artificial Intelligence (XAI),AI Ethics & Fairness,14
2008,Fuzzy Logic and Control Systems,Robotics,1120
2008,Gaussian Processes and Bayesian Inference,ML Theory & Optimization,141
2008,Geochemistry and Geologic Mapping,Applied / Interdisciplinary AI,1150
2008,Hate Speech and Cyberbullying Detection,NLP,107
2008,Imbalanced Data Classification Techniques,Core ML / Deep Learning,239
2008,Intelligent Tutoring Systems and Adaptive Learning,Applied / Interdisciplinary AI,471
2008,Internet Traffic Analysis and Secure E-voting,Applied / Interdisciplinary AI,575
2008,Intuitionistic Fuzzy Systems Applications,Applied / Interdisciplinary AI,28
2008,"Law, AI, and Intellectual Property",AI Ethics & Fairness,159
2008,Linguistic Studies and Language Acquisition,NLP,858
2008,"Logic, Reasoning, and Knowledge",Applied / Interdisciplinary AI,1168
2008,"Logic, programming, and type systems",Applied / Interdisciplinary AI,1417
2008,Machine Learning and Algorithms,Core ML / Deep Learning,467
2008,Machine Learning and Data Classification,Core ML / Deep Learning,221
2008,Machine Learning and ELM,Core ML / Deep Learning,64
2008,Machine Learning in Healthcare,Core ML / Deep Learning,51
2008,Mathematical Control Systems and Analysis,Robotics,104
2008,Metaheuristic Optimization Algorithms Research,ML Theory & Optimization,1319
2008,Multi-Agent Systems and Negotiation,Reinforcement Learning,1228
2008,Natural Language Processing Techniques,NLP,3010
2008,Neural Networks and Applications,Core ML / Deep Learning,2890
2008,Neural Networks and Reservoir Computing,Core ML / Deep Learning,112
2008,Organizational and Employee Performance,Applied / Interdisciplinary AI,39
2008,Privacy-Preserving Technologies in Data,AI Ethics & Fairness,453
2008,"Psychiatry, Mental Health, Neuroscience",Healthcare AI,147
2008,Quantum Computing Algorithms and Architecture,ML Theory & Optimization,1035
2008,Quantum Information and Cryptography,ML Theory & Optimization,2668
2008,Reinforcement Learning in Robotics,Robotics,435
2008,Security and Verification in Computing,Applied / Interdisciplinary AI,546
2008,Seismology and Earthquake Studies,Applied / Interdisciplinary AI,325
2008,Semantic Web and Ontologies,NLP,3502
2008,Sentiment Analysis and Opinion Mining,NLP,164
2008,Solar Radiation and Photovoltaics,Applied / Interdisciplinary AI,331
2008,Speech Recognition and Synthesis,NLP,1284
2008,Speech and dialogue systems,NLP,817
2008,Statistical and Computational Modeling,Applied / Interdisciplinary AI,154
2008,Stochastic Gradient Optimization Techniques,ML Theory & Optimization,17
2008,Target Tracking and Data Fusion in Sensor Networks,Robotics,1118
2008,Text Readability and Simplification,NLP,89
2008,Text and Document Classification Technologies,NLP,513
2008,Topic Modeling,NLP,573
2008,Wireless Signal Modulation Classification,Core ML / Deep Learning,84
2009,AI and Multimedia in Education,Applied / Interdisciplinary AI,1
2009,AI in Service Interactions,Applied / Interdisciplinary AI,58
2009,AI in cancer detection,Healthcare AI,540
2009,AI-based Problem Solving and Planning,Robotics,576
2009,Advanced Clustering Algorithms Research,Core ML / Deep Learning,658
2009,Advanced Computational Techniques and Applications,Applied / Interdisciplinary AI,1731
2009,Advanced Graph Neural Networks,Core ML / Deep Learning,33
2009,Advanced Software Engineering Methodologies,Applied / Interdisciplinary AI,1549
2009,Advanced Technologies in Various Fields,Applied / Interdisciplinary AI,11
2009,Advanced Text Analysis Techniques,NLP,644
2009,Adversarial Robustness in Machine Learning,Core ML / Deep Learning,13
2009,Algorithms and Data Compression,ML Theory & Optimization,1346
2009,Anomaly Detection Techniques and Applications,Applied / Interdisciplinary AI,506
2009,Artificial Intelligence Applications,Applied / Interdisciplinary AI,55
2009,Artificial Intelligence in Games,Applied / Interdisciplinary AI,552
2009,Authorship Attribution and Profiling,Applied / Interdisciplinary AI,129
2009,Bayesian Methods and Mixture Models,ML Theory & Optimization,821
2009,Bayesian Modeling and Causal Inference,ML Theory & Optimization,820
2009,Coding theory and cryptography,ML Theory & Optimization,1171
2009,Cognitive Computing and Networks,Applied / Interdisciplinary AI,249
2009,Cognitive Science and Mapping,Applied / Interdisciplinary AI,494
2009,Computational Physics and Python Applications,Applied / Interdisciplinary AI,519
2009,Computer Science and Engineering,Applied / Interdisciplinary AI,77
2009,Cryptographic Implementations and Security,Applied / Interdisciplinary AI,746
2009,Cryptography and Data Security,Applied / Interdisciplinary AI,1501
2009,Data Analysis with R,Applied / Interdisciplinary AI,274
2009,Data Stream Mining Techniques,Applied / Interdisciplinary AI,244
2009,Diverse Interdisciplinary Research Studies,Applied / Interdisciplinary AI,22
2009,Domain Adaptation and Few-Shot Learning,Applied / Interdisciplinary AI,85
2009,Edcuational Technology Systems,Applied / Interdisciplinary AI,82
2009,Educational Robotics and Engineering,Robotics,1935
2009,Educational Technology and Pedagogy,Applied / Interdisciplinary AI,42
2009,Evolutionary Algorithms and Applications,ML Theory & Optimization,1098
2009,Experience-Based Knowledge Management,Applied / Interdisciplinary AI,14
2009,Explainable Artificial Intelligence (XAI),AI Ethics & Fairness,18
2009,Fuzzy Logic and Control Systems,Robotics,1066
2009,Gaussian Processes and Bayesian Inference,ML Theory & Optimization,172
2009,Geochemistry and Geologic Mapping,Applied / Interdisciplinary AI,1370
2009,Hate Speech and Cyberbullying Detection,NLP,122
2009,Imbalanced Data Classification Techniques,Core ML / Deep Learning,250
2009,Intelligent Tutoring Systems and Adaptive Learning,Applied / Interdisciplinary AI,494
2009,Internet Traffic Analysis and Secure E-voting,Applied / Interdisciplinary AI,692
2009,Intuitionistic Fuzzy Systems Applications,Applied / Interdisciplinary AI,35
2009,"Law, AI, and Intellectual Property",AI Ethics & Fairness,152
2009,Linguistic Studies and Language Acquisition,NLP,944
2009,"Logic, Reasoning, and Knowledge",Applied / Interdisciplinary AI,1140
2009,"Logic, programming, and type systems",Applied / Interdisciplinary AI,1549
2009,Machine Learning and Algorithms,Core ML / Deep Learning,500
2009,Machine Learning and Data Classification,Core ML / Deep Learning,243
2009,Machine Learning and ELM,Core ML / Deep Learning,74
2009,Machine Learning in Healthcare,Core ML / Deep Learning,78
2009,Mathematical Control Systems and Analysis,Robotics,102
2009,Metaheuristic Optimization Algorithms Research,ML Theory & Optimization,1657
2009,Multi-Agent Systems and Negotiation,Reinforcement Learning,1267
2009,Natural Language Processing Techniques,NLP,3334
2009,Neural Networks and Applications,Core ML / Deep Learning,3075
2009,Neural Networks and Reservoir Computing,Core ML / Deep Learning,134
2009,Organizational and Employee Performance,Applied / Interdisciplinary AI,34
2009,Privacy-Preserving Technologies in Data,AI Ethics & Fairness,591
2009,"Psychiatry, Mental Health, Neuroscience",Healthcare AI,151
2009,Quantum Computing Algorithms and Architecture,ML Theory & Optimization,984
2009,Quantum Information and Cryptography,ML Theory & Optimization,2750
2009,Reinforcement Learning in Robotics,Robotics,449
2009,Security and Verification in Computing,Applied / Interdisciplinary AI,624
2009,Seismology and Earthquake Studies,Applied / Interdisciplinary AI,358
2009,Semantic Web and Ontologies,NLP,3511
2009,Sentiment Analysis and Opinion Mining,NLP,281
2009,Solar Radiation and Photovoltaics,Applied / Interdisciplinary AI,297
2009,Speech Recognition and Synthesis,NLP,1359
2009,Speech and dialogue systems,NLP,889
2009,Statistical and Computational Modeling,Applied / Interdisciplinary AI,193
2009,Stochastic Gradient Optimization Techniques,ML Theory & Optimization,32
2009,Target Tracking and Data Fusion in Sensor Networks,Robotics,1138
2009,Text Readability and Simplification,NLP,94
2009,Text and Document Classification Technologies,NLP,560
2009,Topic Modeling,NLP,725
2009,Wireless Signal Modulation Classification,Core ML / Deep Learning,116
2010,AI and Multimedia in Education,Applied / Interdisciplinary AI,7
2010,AI in Service Interactions,Applied / Interdisciplinary AI,76
2010,AI in cancer detection,Healthcare AI,673
2010,AI-based Problem Solving and Planning,Robotics,622
2010,Advanced Clustering Algorithms Research,Core ML / Deep Learning,709
2010,Advanced Computational Techniques and Applications,Applied / Interdisciplinary AI,2136
2010,Advanced Graph Neural Networks,Core ML / Deep Learning,35
2010,Advanced Software Engineering Methodologies,Applied / Interdisciplinary AI,1606
2010,Advanced Technologies in Various Fields,Applied / Interdisciplinary AI,15
2010,Advanced Text Analysis Techniques,NLP,579
2010,Adversarial Robustness in Machine Learning,Core ML / Deep Learning,23
2010,Algorithms and Data Compression,ML Theory & Optimization,1291
2010,Anomaly Detection Techniques and Applications,Applied / Interdisciplinary AI,568
2010,Artificial Intelligence Applications,Applied / Interdisciplinary AI,62
2010,Artificial Intelligence in Games,Applied / Interdisciplinary AI,662
2010,Authorship Attribution and Profiling,Applied / Interdisciplinary AI,153
2010,Bayesian Methods and Mixture Models,ML Theory & Optimization,854
2010,Bayesian Modeling and Causal Inference,ML Theory & Optimization,948
2010,Coding theory and cryptography,ML Theory & Optimization,1199
2010,Cognitive Computing and Networks,Applied / Interdisciplinary AI,250
2010,Cognitive Science and Mapping,Applied / Interdisciplinary AI,533
2010,Computational Physics and Python Applications,Applied / Interdisciplinary AI,505
2010,Computer Science and Engineering,Applied / Interdisciplinary AI,110
2010,Cryptographic Implementations and Security,Applied / Interdisciplinary AI,827
2010,Cryptography and Data Security,Applied / Interdisciplinary AI,1627
2010,Data Analysis with R,Applied / Interdisciplinary AI,307
2010,Data Stream Mining Techniques,Applied / Interdisciplinary AI,278
2010,Diverse Interdisciplinary Research Studies,Applied / Interdisciplinary AI,25
2010,Domain Adaptation and Few-Shot Learning,Applied / Interdisciplinary AI,73
2010,Edcuational Technology Systems,Applied / Interdisciplinary AI,120
2010,Educational Robotics and Engineering,Robotics,2072
2010,Educational Technology and Pedagogy,Applied / Interdisciplinary AI,70
2010,Evolutionary Algorithms and Applications,ML Theory & Optimization,1135
2010,Experience-Based Knowledge Management,Applied / Interdisciplinary AI,31
2010,Explainable Artificial Intelligence (XAI),AI Ethics & Fairness,18
2010,Fuzzy Logic and Control Systems,Robotics,1213
2010,Gaussian Processes and Bayesian Inference,ML Theory & Optimization,201
2010,Geochemistry and Geologic Mapping,Applied / Interdisciplinary AI,1486
2010,Hate Speech and Cyberbullying Detection,NLP,149
2010,Imbalanced Data Classification Techniques,Core ML / Deep Learning,304
2010,Intelligent Tutoring Systems and Adaptive Learning,Applied / Interdisciplinary AI,612
2010,Internet Traffic Analysis and Secure E-voting,Applied / Interdisciplinary AI,767
2010,Intuitionistic Fuzzy Systems Applications,Applied / Interdisciplinary AI,50
2010,"Law, AI, and Intellectual Property",AI Ethics & Fairness,149
2010,Linguistic Studies and Language Acquisition,NLP,899
2010,"Logic, Reasoning, and Knowledge",Applied / Interdisciplinary AI,1200
2010,"Logic, programming, and type systems",Applied / Interdisciplinary AI,1561
2010,Machine Learning and Algorithms,Core ML / Deep Learning,521
2010,Machine Learning and Data Classification,Core ML / Deep Learning,263
2010,Machine Learning and ELM,Core ML / Deep Learning,83
2010,Machine Learning in Healthcare,Core ML / Deep Learning,70
2010,Mathematical Control Systems and Analysis,Robotics,135
2010,Metaheuristic Optimization Algorithms Research,ML Theory & Optimization,1902
2010,Multi-Agent Systems and Negotiation,Reinforcement Learning,1162
2010,Natural Language Processing Techniques,NLP,2971
2010,Neural Networks and Applications,Core ML / Deep Learning,2935
2010,Neural Networks and Reservoir Computing,Core ML / Deep Learning,154
2010,Organizational and Employee Performance,Applied / Interdisciplinary AI,58
2010,Privacy-Preserving Technologies in Data,AI Ethics & Fairness,767
2010,"Psychiatry, Mental Health, Neuroscience",Healthcare AI,159
2010,Quantum Computing Algorithms and Architecture,ML Theory & Optimization,1006
2010,Quantum Information and Cryptography,ML Theory & Optimization,2791
2010,Reinforcement Learning in Robotics,Robotics,452
2010,Security and Verification in Computing,Applied / Interdisciplinary AI,701
2010,Seismology and Earthquake Studies,Applied / Interdisciplinary AI,374
2010,Semantic Web and Ontologies,NLP,3537
2010,Sentiment Analysis and Opinion Mining,NLP,348
2010,Solar Radiation and Photovoltaics,Applied / Interdisciplinary AI,436
2010,Speech Recognition and Synthesis,NLP,1376
2010,Speech and dialogue systems,NLP,863
2010,Statistical and Computational Modeling,Applied / Interdisciplinary AI,180
2010,Stochastic Gradient Optimization Techniques,ML Theory & Optimization,53
2010,Target Tracking and Data Fusion in Sensor Networks,Robotics,1383
2010,Text Readability and Simplification,NLP,89
2010,Text and Document Classification Technologies,NLP,605
2010,Topic Modeling,NLP,650
2010,Wireless Signal Modulation Classification,Core ML / Deep Learning,151
2011,AI and Multimedia in Education,Applied / Interdisciplinary AI,8
2011,AI in Service Interactions,Applied / Interdisciplinary AI,68
2011,AI in cancer detection,Healthcare AI,675
2011,AI-based Problem Solving and Planning,Robotics,633
2011,Advanced Clustering Algorithms Research,Core ML / Deep Learning,702
2011,Advanced Computational Techniques and Applications,Applied / Interdisciplinary AI,2099
2011,Advanced Graph Neural Networks,Core ML / Deep Learning,45
2011,Advanced Software Engineering Methodologies,Applied / Interdisciplinary AI,1617
2011,Advanced Technologies in Various Fields,Applied / Interdisciplinary AI,20
2011,Advanced Text Analysis Techniques,NLP,660
2011,Adversarial Robustness in Machine Learning,Core ML / Deep Learning,30
2011,Algorithms and Data Compression,ML Theory & Optimization,1337
2011,Anomaly Detection Techniques and Applications,Applied / Interdisciplinary AI,706
2011,Artificial Intelligence Applications,Applied / Interdisciplinary AI,91
2011,Artificial Intelligence in Games,Applied / Interdisciplinary AI,697
2011,Authorship Attribution and Profiling,Applied / Interdisciplinary AI,167
2011,Bayesian Methods and Mixture Models,ML Theory & Optimization,917
2011,Bayesian Modeling and Causal Inference,ML Theory & Optimization,935
2011,Coding theory and cryptography,ML Theory & Optimization,1366
2011,Cognitive Computing and Networks,Applied / Interdisciplinary AI,287
2011,Cognitive Science and Mapping,Applied / Interdisciplinary AI,597
2011,Computational Physics and Python Applications,Applied / Interdisciplinary AI,546
2011,Computer Science and Engineering,Applied / Interdisciplinary AI,125
2011,Cryptographic Implementations and Security,Applied / Interdisciplinary AI,946
2011,Cryptography and Data Security,Applied / Interdisciplinary AI,1840
2011,Data Analysis with R,Applied / Interdisciplinary AI,278
2011,Data Stream Mining Techniques,Applied / Interdisciplinary AI,336
2011,Diverse Interdisciplinary Research Studies,Applied / Interdisciplinary AI,29
2011,Domain Adaptation and Few-Shot Learning,Applied / Interdisciplinary AI,122
2011,Edcuational Technology Systems,Applied / Interdisciplinary AI,158
2011,Educational Robotics and Engineering,Robotics,2045
2011,Educational Technology and Pedagogy,Applied / Interdisciplinary AI,171
2011,Evolutionary Algorithms and Applications,ML Theory & Optimization,1089
2011,Experience-Based Knowledge Management,Applied / Interdisciplinary AI,30
2011,Explainable Artificial Intelligence (XAI),AI Ethics & Fairness,22
2011,Fuzzy Logic and Control Systems,Robotics,1212
2011,Gaussian Processes and Bayesian Inference,ML Theory & Optimization,206
2011,Geochemistry and Geologic Mapping,Applied / Interdisciplinary AI,1449
2011,Hate Speech and Cyberbullying Detection,NLP,148
2011,Imbalanced Data Classification Techniques,Core ML / Deep Learning,355
2011,Intelligent Tutoring Systems and Adaptive Learning,Applied / Interdisciplinary AI,627
2011,Internet Traffic Analysis and Secure E-voting,Applied / Interdisciplinary AI,763
2011,Intuitionistic Fuzzy Systems Applications,Applied / Interdisciplinary AI,45
2011,"Law, AI, and Intellectual Property",AI Ethics & Fairness,184
2011,Linguistic Studies and Language Acquisition,NLP,937
2011,"Logic, Reasoning, and Knowledge",Applied / Interdisciplinary AI,1322
2011,"Logic, programming, and type systems",Applied / Interdisciplinary AI,1414
2011,Machine Learning and Algorithms,Core ML / Deep Learning,530
2011,Machine Learning and Data Classification,Core ML / Deep Learning,295
2011,Machine Learning and ELM,Core ML / Deep Learning,132
2011,Machine Learning in Healthcare,Core ML / Deep Learning,109
2011,Mathematical Control Systems and Analysis,Robotics,140
2011,Metaheuristic Optimization Algorithms Research,ML Theory & Optimization,1714
2011,Multi-Agent Systems and Negotiation,Reinforcement Learning,1379
2011,Natural Language Processing Techniques,NLP,2602
2011,Neural Networks and Applications,Core ML / Deep Learning,2989
2011,Neural Networks and Reservoir Computing,Core ML / Deep Learning,162
2011,Organizational and Employee Performance,Applied / Interdisciplinary AI,104
2011,Privacy-Preserving Technologies in Data,AI Ethics & Fairness,745
2011,"Psychiatry, Mental Health, Neuroscience",Healthcare AI,182
2011,Quantum Computing Algorithms and Architecture,ML Theory & Optimization,1051
2011,Quantum Information and Cryptography,ML Theory & Optimization,2929
2011,Reinforcement Learning in Robotics,Robotics,457
2011,Security and Verification in Computing,Applied / Interdisciplinary AI,705
2011,Seismology and Earthquake Studies,Applied / Interdisciplinary AI,434
2011,Semantic Web and Ontologies,NLP,4033
2011,Sentiment Analysis and Opinion Mining,NLP,382
2011,Solar Radiation and Photovoltaics,Applied / Interdisciplinary AI,506
2011,Speech Recognition and Synthesis,NLP,1408
2011,Speech and dialogue systems,NLP,752
2011,Statistical and Computational Modeling,Applied / Interdisciplinary AI,205
2011,Stochastic Gradient Optimization Techniques,ML Theory & Optimization,66
2011,Target Tracking and Data Fusion in Sensor Networks,Robotics,1327
2011,Text Readability and Simplification,NLP,103
2011,Text and Document Classification Technologies,NLP,622
2011,Topic Modeling,NLP,682
2011,Wireless Signal Modulation Classification,Core ML / Deep Learning,145
2012,AI and Multimedia in Education,Applied / Interdisciplinary AI,12
2012,AI in Service Interactions,Applied / Interdisciplinary AI,73
2012,AI in cancer detection,Healthcare AI,769
2012,AI-based Problem Solving and Planning,Robotics,615
2012,Advanced Clustering Algorithms Research,Core ML / Deep Learning,799
2012,Advanced Computational Techniques and Applications,Applied / Interdisciplinary AI,2018
2012,Advanced Graph Neural Networks,Core ML / Deep Learning,54
2012,Advanced Software Engineering Methodologies,Applied / Interdisciplinary AI,1644
2012,Advanced Technologies in Various Fields,Applied / Interdisciplinary AI,31
2012,Advanced Text Analysis Techniques,NLP,783
2012,Adversarial Robustness in Machine Learning,Core ML / Deep Learning,33
2012,Algorithms and Data Compression,ML Theory & Optimization,1342
2012,Anomaly Detection Techniques and Applications,Applied / Interdisciplinary AI,702
2012,Artificial Intelligence Applications,Applied / Interdisciplinary AI,92
2012,Artificial Intelligence in Games,Applied / Interdisciplinary AI,800
2012,Authorship Attribution and Profiling,Applied / Interdisciplinary AI,246
2012,Bayesian Methods and Mixture Models,ML Theory & Optimization,1003
2012,Bayesian Modeling and Causal Inference,ML Theory & Optimization,1210
2012,Coding theory and cryptography,ML Theory & Optimization,1405
2012,Cognitive Computing and Networks,Applied / Interdisciplinary AI,310
2012,Cognitive Science and Mapping,Applied / Interdisciplinary AI,586
2012,Computational Physics and Python Applications,Applied / Interdisciplinary AI,587
2012,Computer Science and Engineering,Applied / Interdisciplinary AI,245
2012,Cryptographic Implementations and Security,Applied / Interdisciplinary AI,1097
2012,Cryptography and Data Security,Applied / Interdisciplinary AI,1900
2012,Data Analysis with R,Applied / Interdisciplinary AI,275
2012,Data Stream Mining Techniques,Applied / Interdisciplinary AI,322
2012,Diverse Interdisciplinary Research Studies,Applied / Interdisciplinary AI,23
2012,Domain Adaptation and Few-Shot Learning,Applied / Interdisciplinary AI,163
2012,Edcuational Technology Systems,Applied / Interdisciplinary AI,379
2012,Educational Robotics and Engineering,Robotics,2148
2012,Educational Technology and Pedagogy,Applied / Interdisciplinary AI,194
2012,Evolutionary Algorithms and Applications,ML Theory & Optimization,1080
2012,Experience-Based Knowledge Management,Applied / Interdisciplinary AI,41
2012,Explainable Artificial Intelligence (XAI),AI Ethics & Fairness,24
2012,Fuzzy Logic and Control Systems,Robotics,1276
2012,Gaussian Processes and Bayesian Inference,ML Theory & Optimization,293
2012,Geochemistry and Geologic Mapping,Applied / Interdisciplinary AI,1430
2012,Hate Speech and Cyberbullying Detection,NLP,226
2012,Imbalanced Data Classification Techniques,Core ML / Deep Learning,380
2012,Intelligent Tutoring Systems and Adaptive Learning,Applied / Interdisciplinary AI,651
2012,Internet Traffic Analysis and Secure E-voting,Applied / Interdisciplinary AI,858
2012,Intuitionistic Fuzzy Systems Applications,Applied / Interdisciplinary AI,83
2012,"Law, AI, and Intellectual Property",AI Ethics & Fairness,230
2012,Linguistic Studies and Language Acquisition,NLP,991
2012,"Logic, Reasoning, and Knowledge",Applied / Interdisciplinary AI,1225
2012,"Logic, programming, and type systems",Applied / Interdisciplinary AI,1535
2012,Machine Learning and Algorithms,Core ML / Deep Learning,582
2012,Machine Learning and Data Classification,Core ML / Deep Learning,334
2012,Machine Learning and ELM,Core ML / Deep Learning,248
2012,Machine Learning in Healthcare,Core ML / Deep Learning,138
2012,Mathematical Control Systems and Analysis,Robotics,130
2012,Metaheuristic Optimization Algorithms Research,ML Theory & Optimization,2025
2012,Multi-Agent Systems and Negotiation,Reinforcement Learning,1153
2012,Natural Language Processing Techniques,NLP,3308
2012,Neural Networks and Applications,Core ML / Deep Learning,2659
2012,Neural Networks and Reservoir Computing,Core ML / Deep Learning,210
2012,Organizational and Employee Performance,Applied / Interdisciplinary AI,102
2012,Privacy-Preserving Technologies in Data,AI Ethics & Fairness,937
2012,"Psychiatry, Mental Health, Neuroscience",Healthcare AI,160
2012,Quantum Computing Algorithms and Architecture,ML Theory & Optimization,1173
2012,Quantum Information and Cryptography,ML Theory & Optimization,2965
2012,Reinforcement Learning in Robotics,Robotics,587
2012,Security and Verification in Computing,Applied / Interdisciplinary AI,730
2012,Seismology and Earthquake Studies,Applied / Interdisciplinary AI,456
2012,Semantic Web and Ontologies,NLP,3516
2012,Sentiment Analysis and Opinion Mining,NLP,595
2012,Solar Radiation and Photovoltaics,Applied / Interdisciplinary AI,644
2012,Speech Recognition and Synthesis,NLP,1464
2012,Speech and dialogue systems,NLP,727
2012,Statistical and Computational Modeling,Applied / Interdisciplinary AI,202
2012,Stochastic Gradient Optimization Techniques,ML Theory & Optimization,92
2012,Target Tracking and Data Fusion in Sensor Networks,Robotics,1412
2012,Text Readability and Simplification,NLP,124
2012,Text and Document Classification Technologies,NLP,696
2012,Topic Modeling,NLP,868
2012,Wireless Signal Modulation Classification,Core ML / Deep Learning,156
2013,AI and Multimedia in Education,Applied / Interdisciplinary AI,14
2013,AI in Service Interactions,Applied / Interdisciplinary AI,92
2013,AI in cancer detection,Healthcare AI,799
2013,AI-based Problem Solving and Planning,Robotics,647
2013,Advanced Clustering Algorithms Research,Core ML / Deep Learning,753
2013,Advanced Computational Techniques and Applications,Applied / Interdisciplinary AI,1901
2013,Advanced Graph Neural Networks,Core ML / Deep Learning,104
2013,Advanced Software Engineering Methodologies,Applied / Interdisciplinary AI,1422
2013,Advanced Technologies in Various Fields,Applied / Interdisciplinary AI,44
2013,Advanced Text Analysis Techniques,NLP,840
2013,Adversarial Robustness in Machine Learning,Core ML / Deep Learning,45
2013,Algorithms and Data Compression,ML Theory & Optimization,1504
2013,Anomaly Detection Techniques and Applications,Applied / Interdisciplinary AI,802
2013,Artificial Intelligence Applications,Applied / Interdisciplinary AI,81
2013,Artificial Intelligence in Games,Applied / Interdisciplinary AI,753
2013,Authorship Attribution and Profiling,Applied / Interdisciplinary AI,248
2013,Bayesian Methods and Mixture Models,ML Theory & Optimization,1139
2013,Bayesian Modeling and Causal Inference,ML Theory & Optimization,1641
2013,Coding theory and cryptography,ML Theory & Optimization,1459
2013,Cognitive Computing and Networks,Applied / Interdisciplinary AI,250
2013,Cognitive Science and Mapping,Applied / Interdisciplinary AI,678
2013,Computational Physics and Python Applications,Applied / Interdisciplinary AI,543
2013,Computer Science and Engineering,Applied / Interdisciplinary AI,260
2013,Cryptographic Implementations and Security,Applied / Interdisciplinary AI,935
2013,Cryptography and Data Security,Applied / Interdisciplinary AI,2185
2013,Data Analysis with R,Applied / Interdisciplinary AI,385
2013,Data Stream Mining Techniques,Applied / Interdisciplinary AI,420
2013,Diverse Interdisciplinary Research Studies,Applied / Interdisciplinary AI,37
2013,Domain Adaptation and Few-Shot Learning,Applied / Interdisciplinary AI,183
2013,Edcuational Technology Systems,Applied / Interdisciplinary AI,438
2013,Educational Robotics and Engineering,Robotics,2263
2013,Educational Technology and Pedagogy,Applied / Interdisciplinary AI,242
2013,Evolutionary Algorithms and Applications,ML Theory & Optimization,1093
2013,Experience-Based Knowledge Management,Applied / Interdisciplinary AI,39
2013,Explainable Artificial Intelligence (XAI),AI Ethics & Fairness,35
2013,Fuzzy Logic and Control Systems,Robotics,1173
2013,Gaussian Processes and Bayesian Inference,ML Theory & Optimization,302
2013,Geochemistry and Geologic Mapping,Applied / Interdisciplinary AI,1691
2013,Hate Speech and Cyberbullying Detection,NLP,265
2013,Imbalanced Data Classification Techniques,Core ML / Deep Learning,428
2013,Intelligent Tutoring Systems and Adaptive Learning,Applied / Interdisciplinary AI,660
2013,Internet Traffic Analysis and Secure E-voting,Applied / Interdisciplinary AI,831
2013,Intuitionistic Fuzzy Systems Applications,Applied / Interdisciplinary AI,71
2013,"Law, AI, and Intellectual Property",AI Ethics & Fairness,204
2013,Linguistic Studies and Language Acquisition,NLP,1023
2013,"Logic, Reasoning, and Knowledge",Applied / Interdisciplinary AI,1370
2013,"Logic, programming, and type systems",Applied / Interdisciplinary AI,1534
2013,Machine Learning and Algorithms,Core ML / Deep Learning,545
2013,Machine Learning and Data Classification,Core ML / Deep Learning,310
2013,Machine Learning and ELM,Core ML / Deep Learning,336
2013,Machine Learning in Healthcare,Core ML / Deep Learning,170
2013,Mathematical Control Systems and Analysis,Robotics,175
2013,Metaheuristic Optimization Algorithms Research,ML Theory & Optimization,1956
2013,Multi-Agent Systems and Negotiation,Reinforcement Learning,995
2013,Natural Language Processing Techniques,NLP,3194
2013,Neural Networks and Applications,Core ML / Deep Learning,2665
2013,Neural Networks and Reservoir Computing,Core ML / Deep Learning,223
2013,Organizational and Employee Performance,Applied / Interdisciplinary AI,145
2013,Privacy-Preserving Technologies in Data,AI Ethics & Fairness,996
2013,"Psychiatry, Mental Health, Neuroscience",Healthcare AI,192
2013,Quantum Computing Algorithms and Architecture,ML Theory & Optimization,1343
2013,Quantum Information and Cryptography,ML Theory & Optimization,3227
2013,Reinforcement Learning in Robotics,Robotics,515
2013,Security and Verification in Computing,Applied / Interdisciplinary AI,763
2013,Seismology and Earthquake Studies,Applied / Interdisciplinary AI,552
2013,Semantic Web and Ontologies,NLP,3600
2013,Sentiment Analysis and Opinion Mining,NLP,723
2013,Solar Radiation and Photovoltaics,Applied / Interdisciplinary AI,763
2013,Speech Recognition and Synthesis,NLP,1477
2013,Speech and dialogue systems,NLP,697
2013,Statistical and Computational Modeling,Applied / Interdisciplinary AI,281
2013,Stochastic Gradient Optimization Techniques,ML Theory & Optimization,129
2013,Target Tracking and Data Fusion in Sensor Networks,Robotics,1491
2013,Text Readability and Simplification,NLP,161
2013,Text and Document Classification Technologies,NLP,687
2013,Topic Modeling,NLP,1012
2013,Wireless Signal Modulation Classification,Core ML / Deep Learning,179
2014,AI and Multimedia in Education,Applied / Interdisciplinary AI,18
2014,AI in Service Interactions,Applied / Interdisciplinary AI,104
2014,AI in cancer detection,Healthcare AI,849
2014,AI-based Problem Solving and Planning,Robotics,575
2014,Advanced Clustering Algorithms Research,Core ML / Deep Learning,871
2014,Advanced Computational Techniques and Applications,Applied / Interdisciplinary AI,1633
2014,Advanced Graph Neural Networks,Core ML / Deep Learning,127
2014,Advanced Software Engineering Methodologies,Applied / Interdisciplinary AI,1406
2014,Advanced Technologies in Various Fields,Applied / Interdisciplinary AI,44
2014,Advanced Text Analysis Techniques,NLP,947
2014,Adversarial Robustness in Machine Learning,Core ML / Deep Learning,52
2014,Algorithms and Data Compression,ML Theory & Optimization,1409
2014,Anomaly Detection Techniques and Applications,Applied / Interdisciplinary AI,920
2014,Artificial Intelligence Applications,Applied / Interdisciplinary AI,66
2014,Artificial Intelligence in Games,Applied / Interdisciplinary AI,872
2014,Authorship Attribution and Profiling,Applied / Interdisciplinary AI,345
2014,Bayesian Methods and Mixture Models,ML Theory & Optimization,1147
2014,Bayesian Modeling and Causal Inference,ML Theory & Optimization,1013
2014,Coding theory and cryptography,ML Theory & Optimization,1520
2014,Cognitive Computing and Networks,Applied / Interdisciplinary AI,270
2014,Cognitive Science and Mapping,Applied / Interdisciplinary AI,713
2014,Computational Physics and Python Applications,Applied / Interdisciplinary AI,729
2014,Computer Science and Engineering,Applied / Interdisciplinary AI,311
2014,Cryptographic Implementations and Security,Applied / Interdisciplinary AI,1062
2014,Cryptography and Data Security,Applied / Interdisciplinary AI,2298
2014,Data Analysis with R,Applied / Interdisciplinary AI,462
2014,Data Stream Mining Techniques,Applied / Interdisciplinary AI,450
2014,Diverse Interdisciplinary Research Studies,Applied / Interdisciplinary AI,37
2014,Domain Adaptation and Few-Shot Learning,Applied / Interdisciplinary AI,242
2014,Edcuational Technology Systems,Applied / Interdisciplinary AI,557
2014,Educational Robotics and Engineering,Robotics,2270
2014,Educational Technology and Pedagogy,Applied / Interdisciplinary AI,236
2014,Evolutionary Algorithms and Applications,ML Theory & Optimization,1053
2014,Experience-Based Knowledge Management,Applied / Interdisciplinary AI,62
2014,Explainable Artificial Intelligence (XAI),AI Ethics & Fairness,39
2014,Fuzzy Logic and Control Systems,Robotics,1118
2014,Gaussian Processes and Bayesian Inference,ML Theory & Optimization,398
2014,Geochemistry and Geologic Mapping,Applied / Interdisciplinary AI,2686
2014,Hate Speech and Cyberbullying Detection,NLP,302
2014,Imbalanced Data Classification Techniques,Core ML / Deep Learning,465
2014,Intelligent Tutoring Systems and Adaptive Learning,Applied / Interdisciplinary AI,606
2014,Internet Traffic Analysis and Secure E-voting,Applied / Interdisciplinary AI,833
2014,Intuitionistic Fuzzy Systems Applications,Applied / Interdisciplinary AI,72
2014,"Law, AI, and Intellectual Property",AI Ethics & Fairness,295
2014,Linguistic Studies and Language Acquisition,NLP,997
2014,"Logic, Reasoning, and Knowledge",Applied / Interdisciplinary AI,1265
2014,"Logic, programming, and type systems",Applied / Interdisciplinary AI,1613
2014,Machine Learning and Algorithms,Core ML / Deep Learning,640
2014,Machine Learning and Data Classification,Core ML / Deep Learning,374
2014,Machine Learning and ELM,Core ML / Deep Learning,523
2014,Machine Learning in Healthcare,Core ML / Deep Learning,221
2014,Mathematical Control Systems and Analysis,Robotics,176
2014,Metaheuristic Optimization Algorithms Research,ML Theory & Optimization,2240
2014,Multi-Agent Systems and Negotiation,Reinforcement Learning,1060
2014,Natural Language Processing Techniques,NLP,4745
2014,Neural Networks and Applications,Core ML / Deep Learning,2754
2014,Neural Networks and Reservoir Computing,Core ML / Deep Learning,264
2014,Organizational and Employee Performance,Applied / Interdisciplinary AI,204
2014,Privacy-Preserving Technologies in Data,AI Ethics & Fairness,1128
2014,"Psychiatry, Mental Health, Neuroscience",Healthcare AI,179
2014,Quantum Computing Algorithms and Architecture,ML Theory & Optimization,1438
2014,Quantum Information and Cryptography,ML Theory & Optimization,3254
2014,Reinforcement Learning in Robotics,Robotics,476
2014,Security and Verification in Computing,Applied / Interdisciplinary AI,822
2014,Seismology and Earthquake Studies,Applied / Interdisciplinary AI,548
2014,Semantic Web and Ontologies,NLP,3634
2014,Sentiment Analysis and Opinion Mining,NLP,1129
2014,Solar Radiation and Photovoltaics,Applied / Interdisciplinary AI,967
2014,Speech Recognition and Synthesis,NLP,1687
2014,Speech and dialogue systems,NLP,853
2014,Statistical and Computational Modeling,Applied / Interdisciplinary AI,769
2014,Stochastic Gradient Optimization Techniques,ML Theory & Optimization,182
2014,Target Tracking and Data Fusion in Sensor Networks,Robotics,1448
2014,Text Readability and Simplification,NLP,226
2014,Text and Document Classification Technologies,NLP,785
2014,Topic Modeling,NLP,1331
2014,Wireless Signal Modulation Classification,Core ML / Deep Learning,174
2015,AI and Multimedia in Education,Applied / Interdisciplinary AI,17
2015,AI in Service Interactions,Applied / Interdisciplinary AI,71
2015,AI in cancer detection,Healthcare AI,952
2015,AI-based Problem Solving and Planning,Robotics,524
2015,Advanced Clustering Algorithms Research,Core ML / Deep Learning,781
2015,Advanced Computational Techniques and Applications,Applied / Interdisciplinary AI,1223
2015,Advanced Graph Neural Networks,Core ML / Deep Learning,190
2015,Advanced Software Engineering Methodologies,Applied / Interdisciplinary AI,1304
2015,Advanced Technologies in Various Fields,Applied / Interdisciplinary AI,50
2015,Advanced Text Analysis Techniques,NLP,969
2015,Adversarial Robustness in Machine Learning,Core ML / Deep Learning,71
2015,Algorithms and Data Compression,ML Theory & Optimization,1367
2015,Anomaly Detection Techniques and Applications,Applied / Interdisciplinary AI,1081
2015,Artificial Intelligence Applications,Applied / Interdisciplinary AI,82
2015,Artificial Intelligence in Games,Applied / Interdisciplinary AI,797
2015,Authorship Attribution and Profiling,Applied / Interdisciplinary AI,301
2015,Bayesian Methods and Mixture Models,ML Theory & Optimization,1142
2015,Bayesian Modeling and Causal Inference,ML Theory & Optimization,1009
2015,Coding theory and cryptography,ML Theory & Optimization,1577
2015,Cognitive Computing and Networks,Applied / Interdisciplinary AI,265
2015,Cognitive Science and Mapping,Applied / Interdisciplinary AI,690
2015,Computational Physics and Python Applications,Applied / Interdisciplinary AI,748
2015,Computer Science and Engineering,Applied / Interdisciplinary AI,451
2015,Cryptographic Implementations and Security,Applied / Interdisciplinary AI,1120
2015,Cryptography and Data Security,Applied / Interdisciplinary AI,2571
2015,Data Analysis with R,Applied / Interdisciplinary AI,431
2015,Data Stream Mining Techniques,Applied / Interdisciplinary AI,500
2015,Diverse Interdisciplinary Research Studies,Applied / Interdisciplinary AI,33
2015,Domain Adaptation and Few-Shot Learning,Applied / Interdisciplinary AI,345
2015,Edcuational Technology Systems,Applied / Interdisciplinary AI,796
2015,Educational Robotics and Engineering,Robotics,2237
2015,Educational Technology and Pedagogy,Applied / Interdisciplinary AI,303
2015,Evolutionary Algorithms and Applications,ML Theory & Optimization,1009
2015,Experience-Based Knowledge Management,Applied / Interdisciplinary AI,34
2015,Explainable Artificial Intelligence (XAI),AI Ethics & Fairness,39
2015,Fuzzy Logic and Control Systems,Robotics,1094
2015,Gaussian Processes and Bayesian Inference,ML Theory & Optimization,430
2015,Geochemistry and Geologic Mapping,Applied / Interdisciplinary AI,1996
2015,Hate Speech and Cyberbullying Detection,NLP,352
2015,Imbalanced Data Classification Techniques,Core ML / Deep Learning,511
2015,Intelligent Tutoring Systems and Adaptive Learning,Applied / Interdisciplinary AI,597
2015,Internet Traffic Analysis and Secure E-voting,Applied / Interdisciplinary AI,842
2015,Intuitionistic Fuzzy Systems Applications,Applied / Interdisciplinary AI,96
2015,"Law, AI, and Intellectual Property",AI Ethics & Fairness,295
2015,Linguistic Studies and Language Acquisition,NLP,1076
2015,"Logic, Reasoning, and Knowledge",Applied / Interdisciplinary AI,1279
2015,"Logic, programming, and type systems",Applied / Interdisciplinary AI,1459
2015,Machine Learning and Algorithms,Core ML / Deep Learning,661
2015,Machine Learning and Data Classification,Core ML / Deep Learning,508
2015,Machine Learning and ELM,Core ML / Deep Learning,662
2015,Machine Learning in Healthcare,Core ML / Deep Learning,312
2015,Mathematical Control Systems and Analysis,Robotics,203
2015,Metaheuristic Optimization Algorithms Research,ML Theory & Optimization,2042
2015,Multi-Agent Systems and Negotiation,Reinforcement Learning,894
2015,Natural Language Processing Techniques,NLP,4079
2015,Neural Networks and Applications,Core ML / Deep Learning,2598
2015,Neural Networks and Reservoir Computing,Core ML / Deep Learning,287
2015,Organizational and Employee Performance,Applied / Interdisciplinary AI,274
2015,Privacy-Preserving Technologies in Data,AI Ethics & Fairness,1254
2015,"Psychiatry, Mental Health, Neuroscience",Healthcare AI,139
2015,Quantum Computing Algorithms and Architecture,ML Theory & Optimization,1362
2015,Quantum Information and Cryptography,ML Theory & Optimization,3094
2015,Reinforcement Learning in Robotics,Robotics,477
2015,Security and Verification in Computing,Applied / Interdisciplinary AI,834
2015,Seismology and Earthquake Studies,Applied / Interdisciplinary AI,546
2015,Semantic Web and Ontologies,NLP,3392
2015,Sentiment Analysis and Opinion Mining,NLP,1384
2015,Solar Radiation and Photovoltaics,Applied / Interdisciplinary AI,929
2015,Speech Recognition and Synthesis,NLP,1661
2015,Speech and dialogue systems,NLP,711
2015,Statistical and Computational Modeling,Applied / Interdisciplinary AI,284
2015,Stochastic Gradient Optimization Techniques,ML Theory & Optimization,275
2015,Target Tracking and Data Fusion in Sensor Networks,Robotics,1535
2015,Text Readability and Simplification,NLP,200
2015,Text and Document Classification Technologies,NLP,815
2015,Topic Modeling,NLP,1825
2015,Wireless Signal Modulation Classification,Core ML / Deep Learning,171
2016,AI and Multimedia in Education,Applied / Interdisciplinary AI,31
2016,AI in Service Interactions,Applied / Interdisciplinary AI,148
2016,AI in cancer detection,Healthcare AI,1173
2016,AI-based Problem Solving and Planning,Robotics,536
2016,Advanced Clustering Algorithms Research,Core ML / Deep Learning,965
2016,Advanced Computational Techniques and Applications,Applied / Interdisciplinary AI,1096
2016,Advanced Graph Neural Networks,Core ML / Deep Learning,314
2016,Advanced Software Engineering Methodologies,Applied / Interdisciplinary AI,1234
2016,Advanced Technologies in Various Fields,Applied / Interdisciplinary AI,83
2016,Advanced Text Analysis Techniques,NLP,1042
2016,Adversarial Robustness in Machine Learning,Core ML / Deep Learning,172
2016,Algorithms and Data Compression,ML Theory & Optimization,1372
2016,Anomaly Detection Techniques and Applications,Applied / Interdisciplinary AI,1365
2016,Artificial Intelligence Applications,Applied / Interdisciplinary AI,111
2016,Artificial Intelligence in Games,Applied / Interdisciplinary AI,781
2016,Authorship Attribution and Profiling,Applied / Interdisciplinary AI,418
2016,Bayesian Methods and Mixture Models,ML Theory & Optimization,1175
2016,Bayesian Modeling and Causal Inference,ML Theory & Optimization,1005
2016,Coding theory and cryptography,ML Theory & Optimization,1623
2016,Cognitive Computing and Networks,Applied / Interdisciplinary AI,268
2016,Cognitive Science and Mapping,Applied / Interdisciplinary AI,688
2016,Computational Physics and Python Applications,Applied / Interdisciplinary AI,859
2016,Computer Science and Engineering,Applied / Interdisciplinary AI,879
2016,Cryptographic Implementations and Security,Applied / Interdisciplinary AI,1181
2016,Cryptography and Data Security,Applied / Interdisciplinary AI,2644
2016,Data Analysis with R,Applied / Interdisciplinary AI,568
2016,Data Stream Mining Techniques,Applied / Interdisciplinary AI,618
2016,Diverse Interdisciplinary Research Studies,Applied / Interdisciplinary AI,52
2016,Domain Adaptation and Few-Shot Learning,Applied / Interdisciplinary AI,463
2016,Edcuational Technology Systems,Applied / Interdisciplinary AI,1360
2016,Educational Robotics and Engineering,Robotics,2335
2016,Educational Technology and Pedagogy,Applied / Interdisciplinary AI,430
2016,Evolutionary Algorithms and Applications,ML Theory & Optimization,961
2016,Experience-Based Knowledge Management,Applied / Interdisciplinary AI,44
2016,Explainable Artificial Intelligence (XAI),AI Ethics & Fairness,82
2016,Fuzzy Logic and Control Systems,Robotics,1043
2016,Gaussian Processes and Bayesian Inference,ML Theory & Optimization,472
2016,Geochemistry and Geologic Mapping,Applied / Interdisciplinary AI,2397
2016,Hate Speech and Cyberbullying Detection,NLP,490
2016,Imbalanced Data Classification Techniques,Core ML / Deep Learning,602
2016,Intelligent Tutoring Systems and Adaptive Learning,Applied / Interdisciplinary AI,629
2016,Internet Traffic Analysis and Secure E-voting,Applied / Interdisciplinary AI,928
2016,Intuitionistic Fuzzy Systems Applications,Applied / Interdisciplinary AI,127
2016,"Law, AI, and Intellectual Property",AI Ethics & Fairness,353
2016,Linguistic Studies and Language Acquisition,NLP,1429
2016,"Logic, Reasoning, and Knowledge",Applied / Interdisciplinary AI,1233
2016,"Logic, programming, and type systems",Applied / Interdisciplinary AI,1383
2016,Machine Learning and Algorithms,Core ML / Deep Learning,656
2016,Machine Learning and Data Classification,Core ML / Deep Learning,568
2016,Machine Learning and ELM,Core ML / Deep Learning,711
2016,Machine Learning in Healthcare,Core ML / Deep Learning,364
2016,Mathematical Control Systems and Analysis,Robotics,228
2016,Metaheuristic Optimization Algorithms Research,ML Theory & Optimization,2204
2016,Multi-Agent Systems and Negotiation,Reinforcement Learning,824
2016,Natural Language Processing Techniques,NLP,4949
2016,Neural Networks and Applications,Core ML / Deep Learning,2911
2016,Neural Networks and Reservoir Computing,Core ML / Deep Learning,364
2016,Organizational and Employee Performance,Applied / Interdisciplinary AI,470
2016,Privacy-Preserving Technologies in Data,AI Ethics & Fairness,1392
2016,"Psychiatry, Mental Health, Neuroscience",Healthcare AI,201
2016,Quantum Computing Algorithms and Architecture,ML Theory & Optimization,1434
2016,Quantum Information and Cryptography,ML Theory & Optimization,3308
2016,Reinforcement Learning in Robotics,Robotics,678
2016,Security and Verification in Computing,Applied / Interdisciplinary AI,890
2016,Seismology and Earthquake Studies,Applied / Interdisciplinary AI,586
2016,Semantic Web and Ontologies,NLP,3289
2016,Sentiment Analysis and Opinion Mining,NLP,1701
2016,Solar Radiation and Photovoltaics,Applied / Interdisciplinary AI,1113
2016,Speech Recognition and Synthesis,NLP,1890
2016,Speech and dialogue systems,NLP,830
2016,Statistical and Computational Modeling,Applied / Interdisciplinary AI,323
2016,Stochastic Gradient Optimization Techniques,ML Theory & Optimization,353
2016,Target Tracking and Data Fusion in Sensor Networks,Robotics,1496
2016,Text Readability and Simplification,NLP,246
2016,Text and Document Classification Technologies,NLP,832
2016,Topic Modeling,NLP,2549
2016,Wireless Signal Modulation Classification,Core ML / Deep Learning,202
2017,AI and Multimedia in Education,Applied / Interdisciplinary AI,36
2017,AI in Service Interactions,Applied / Interdisciplinary AI,231
2017,AI in cancer detection,Healthcare AI,1399
2017,AI-based Problem Solving and Planning,Robotics,565
2017,Advanced Clustering Algorithms Research,Core ML / Deep Learning,1004
2017,Advanced Computational Techniques and Applications,Applied / Interdisciplinary AI,1076
2017,Advanced Graph Neural Networks,Core ML / Deep Learning,490
2017,Advanced Software Engineering Methodologies,Applied / Interdisciplinary AI,1033
2017,Advanced Technologies in Various Fields,Applied / Interdisciplinary AI,193
2017,Advanced Text Analysis Techniques,NLP,1200
2017,Adversarial Robustness in Machine Learning,Core ML / Deep Learning,405
2017,Algorithms and Data Compression,ML Theory & Optimization,1376
2017,Anomaly Detection Techniques and Applications,Applied / Interdisciplinary AI,1649
2017,Artificial Intelligence Applications,Applied / Interdisciplinary AI,111
2017,Artificial Intelligence in Games,Applied / Interdisciplinary AI,894
2017,Authorship Attribution and Profiling,Applied / Interdisciplinary AI,439
2017,Bayesian Methods and Mixture Models,ML Theory & Optimization,1231
2017,Bayesian Modeling and Causal Inference,ML Theory & Optimization,1050
2017,Coding theory and cryptography,ML Theory & Optimization,1779
2017,Cognitive Computing and Networks,Applied / Interdisciplinary AI,300
2017,Cognitive Science and Mapping,Applied / Interdisciplinary AI,783
2017,Computational Physics and Python Applications,Applied / Interdisciplinary AI,958
2017,Computer Science and Engineering,Applied / Interdisciplinary AI,1053
2017,Cryptographic Implementations and Security,Applied / Interdisciplinary AI,1227
2017,Cryptography and Data Security,Applied / Interdisciplinary AI,2804
2017,Data Analysis with R,Applied / Interdisciplinary AI,635
2017,Data Stream Mining Techniques,Applied / Interdisciplinary AI,721
2017,Diverse Interdisciplinary Research Studies,Applied / Interdisciplinary AI,50
2017,Domain Adaptation and Few-Shot Learning,Applied / Interdisciplinary AI,742
2017,Edcuational Technology Systems,Applied / Interdisciplinary AI,1861
2017,Educational Robotics and Engineering,Robotics,2443
2017,Educational Technology and Pedagogy,Applied / Interdisciplinary AI,495
2017,Evolutionary Algorithms and Applications,ML Theory & Optimization,1029
2017,Experience-Based Knowledge Management,Applied / Interdisciplinary AI,45
2017,Explainable Artificial Intelligence (XAI),AI Ethics & Fairness,182
2017,Fuzzy Logic and Control Systems,Robotics,1109
2017,Gaussian Processes and Bayesian Inference,ML Theory & Optimization,567
2017,Geochemistry and Geologic Mapping,Applied / Interdisciplinary AI,2686
2017,Hate Speech and Cyberbullying Detection,NLP,663
2017,Imbalanced Data Classification Techniques,Core ML / Deep Learning,678
2017,Intelligent Tutoring Systems and Adaptive Learning,Applied / Interdisciplinary AI,705
2017,Internet Traffic Analysis and Secure E-voting,Applied / Interdisciplinary AI,930
2017,Intuitionistic Fuzzy Systems Applications,Applied / Interdisciplinary AI,154
2017,"Law, AI, and Intellectual Property",AI Ethics & Fairness,432
2017,Linguistic Studies and Language Acquisition,NLP,1363
2017,"Logic, Reasoning, and Knowledge",Applied / Interdisciplinary AI,1346
2017,"Logic, programming, and type systems",Applied / Interdisciplinary AI,1339
2017,Machine Learning and Algorithms,Core ML / Deep Learning,696
2017,Machine Learning and Data Classification,Core ML / Deep Learning,704
2017,Machine Learning and ELM,Core ML / Deep Learning,838
2017,Machine Learning in Healthcare,Core ML / Deep Learning,453
2017,Mathematical Control Systems and Analysis,Robotics,308
2017,Metaheuristic Optimization Algorithms Research,ML Theory & Optimization,2302
2017,Multi-Agent Systems and Negotiation,Reinforcement Learning,825
2017,Natural Language Processing Techniques,NLP,4864
2017,Neural Networks and Applications,Core ML / Deep Learning,3127
2017,Neural Networks and Reservoir Computing,Core ML / Deep Learning,466
2017,Organizational and Employee Performance,Applied / Interdisciplinary AI,671
2017,Privacy-Preserving Technologies in Data,AI Ethics & Fairness,1639
2017,"Psychiatry, Mental Health, Neuroscience",Healthcare AI,207
2017,Quantum Computing Algorithms and Architecture,ML Theory & Optimization,1673
2017,Quantum Information and Cryptography,ML Theory & Optimization,3448
2017,Reinforcement Learning in Robotics,Robotics,931
2017,Security and Verification in Computing,Applied / Interdisciplinary AI,1003
2017,Seismology and Earthquake Studies,Applied / Interdisciplinary AI,679
2017,Semantic Web and Ontologies,NLP,3183
2017,Sentiment Analysis and Opinion Mining,NLP,2014
2017,Solar Radiation and Photovoltaics,Applied / Interdisciplinary AI,1225
2017,Speech Recognition and Synthesis,NLP,1822
2017,Speech and dialogue systems,NLP,769
2017,Statistical and Computational Modeling,Applied / Interdisciplinary AI,347
2017,Stochastic Gradient Optimization Techniques,ML Theory & Optimization,471
2017,Target Tracking and Data Fusion in Sensor Networks,Robotics,1632
2017,Text Readability and Simplification,NLP,273
2017,Text and Document Classification Technologies,NLP,939
2017,Topic Modeling,NLP,3313
2017,Wireless Signal Modulation Classification,Core ML / Deep Learning,277
2018,AI and Multimedia in Education,Applied / Interdisciplinary AI,93
2018,AI in Service Interactions,Applied / Interdisciplinary AI,517
2018,AI in cancer detection,Healthcare AI,1876
2018,AI-based Problem Solving and Planning,Robotics,603
2018,Advanced Clustering Algorithms Research,Core ML / Deep Learning,1081
2018,Advanced Computational Techniques and Applications,Applied / Interdisciplinary AI,1128
2018,Advanced Graph Neural Networks,Core ML / Deep Learning,952
2018,Advanced Software Engineering Methodologies,Applied / Interdisciplinary AI,1040
2018,Advanced Technologies in Various Fields,Applied / Interdisciplinary AI,230
2018,Advanced Text Analysis Techniques,NLP,1330
2018,Adversarial Robustness in Machine Learning,Core ML / Deep Learning,1213
2018,Algorithms and Data Compression,ML Theory & Optimization,1374
2018,Anomaly Detection Techniques and Applications,Applied / Interdisciplinary AI,2161
2018,Artificial Intelligence Applications,Applied / Interdisciplinary AI,151
2018,Artificial Intelligence in Games,Applied / Interdisciplinary AI,1024
2018,Authorship Attribution and Profiling,Applied / Interdisciplinary AI,441
2018,Bayesian Methods and Mixture Models,ML Theory & Optimization,1133
2018,Bayesian Modeling and Causal Inference,ML Theory & Optimization,1205
2018,Coding theory and cryptography,ML Theory & Optimization,1676
2018,Cognitive Computing and Networks,Applied / Interdisciplinary AI,285
2018,Cognitive Science and Mapping,Applied / Interdisciplinary AI,934
2018,Computational Physics and Python Applications,Applied / Interdisciplinary AI,1042
2018,Computer Science and Engineering,Applied / Interdisciplinary AI,1243
2018,Cryptographic Implementations and Security,Applied / Interdisciplinary AI,1265
2018,Cryptography and Data Security,Applied / Interdisciplinary AI,2949
2018,Data Analysis with R,Applied / Interdisciplinary AI,631
2018,Data Stream Mining Techniques,Applied / Interdisciplinary AI,821
2018,Diverse Interdisciplinary Research Studies,Applied / Interdisciplinary AI,80
2018,Domain Adaptation and Few-Shot Learning,Applied / Interdisciplinary AI,1145
2018,Edcuational Technology Systems,Applied / Interdisciplinary AI,2703
2018,Educational Robotics and Engineering,Robotics,2065
2018,Educational Technology and Pedagogy,Applied / Interdisciplinary AI,618
2018,Evolutionary Algorithms and Applications,ML Theory & Optimization,1048
2018,Experience-Based Knowledge Management,Applied / Interdisciplinary AI,44
2018,Explainable Artificial Intelligence (XAI),AI Ethics & Fairness,406
2018,Fuzzy Logic and Control Systems,Robotics,1075
2018,Gaussian Processes and Bayesian Inference,ML Theory & Optimization,693
2018,Geochemistry and Geologic Mapping,Applied / Interdisciplinary AI,2995
2018,Hate Speech and Cyberbullying Detection,NLP,943
2018,Imbalanced Data Classification Techniques,Core ML / Deep Learning,915
2018,Intelligent Tutoring Systems and Adaptive Learning,Applied / Interdisciplinary AI,755
2018,Internet Traffic Analysis and Secure E-voting,Applied / Interdisciplinary AI,1072
2018,Intuitionistic Fuzzy Systems Applications,Applied / Interdisciplinary AI,177
2018,"Law, AI, and Intellectual Property",AI Ethics & Fairness,511
2018,Linguistic Studies and Language Acquisition,NLP,1402
2018,"Logic, Reasoning, and Knowledge",Applied / Interdisciplinary AI,1339
2018,"Logic, programming, and type systems",Applied / Interdisciplinary AI,1663
2018,Machine Learning and Algorithms,Core ML / Deep Learning,867
2018,Machine Learning and Data Classification,Core ML / Deep Learning,920
2018,Machine Learning and ELM,Core ML / Deep Learning,989
2018,Machine Learning in Healthcare,Core ML / Deep Learning,708
2018,Mathematical Control Systems and Analysis,Robotics,342
2018,Metaheuristic Optimization Algorithms Research,ML Theory & Optimization,2471
2018,Multi-Agent Systems and Negotiation,Reinforcement Learning,801
2018,Natural Language Processing Techniques,NLP,5781
2018,Neural Networks and Applications,Core ML / Deep Learning,3718
2018,Neural Networks and Reservoir Computing,Core ML / Deep Learning,604
2018,Organizational and Employee Performance,Applied / Interdisciplinary AI,924
2018,Privacy-Preserving Technologies in Data,AI Ethics & Fairness,2051
2018,"Psychiatry, Mental Health, Neuroscience",Healthcare AI,220
2018,Quantum Computing Algorithms and Architecture,ML Theory & Optimization,1973
2018,Quantum Information and Cryptography,ML Theory & Optimization,3393
2018,Reinforcement Learning in Robotics,Robotics,1444
2018,Security and Verification in Computing,Applied / Interdisciplinary AI,1178
2018,Seismology and Earthquake Studies,Applied / Interdisciplinary AI,741
2018,Semantic Web and Ontologies,NLP,3081
2018,Sentiment Analysis and Opinion Mining,NLP,2670
2018,Solar Radiation and Photovoltaics,Applied / Interdisciplinary AI,1454
2018,Speech Recognition and Synthesis,NLP,2255
2018,Speech and dialogue systems,NLP,966
2018,Statistical and Computational Modeling,Applied / Interdisciplinary AI,408
2018,Stochastic Gradient Optimization Techniques,ML Theory & Optimization,701
2018,Target Tracking and Data Fusion in Sensor Networks,Robotics,1637
2018,Text Readability and Simplification,NLP,341
2018,Text and Document Classification Technologies,NLP,1138
2018,Topic Modeling,NLP,5276
2018,Wireless Signal Modulation Classification,Core ML / Deep Learning,369
2019,AI and Multimedia in Education,Applied / Interdisciplinary AI,121
2019,AI in Service Interactions,Applied / Interdisciplinary AI,764
2019,AI in cancer detection,Healthcare AI,2479
2019,AI-based Problem Solving and Planning,Robotics,560
2019,Advanced Clustering Algorithms Research,Core ML / Deep Learning,1044
2019,Advanced Computational Techniques and Applications,Applied / Interdisciplinary AI,1037
2019,Advanced Graph Neural Networks,Core ML / Deep Learning,1524
2019,Advanced Software Engineering Methodologies,Applied / Interdisciplinary AI,851
2019,Advanced Technologies in Various Fields,Applied / Interdisciplinary AI,298
2019,Advanced Text Analysis Techniques,NLP,1396
2019,Adversarial Robustness in Machine Learning,Core ML / Deep Learning,2130
2019,Algorithms and Data Compression,ML Theory & Optimization,1337
2019,Anomaly Detection Techniques and Applications,Applied / Interdisciplinary AI,2731
2019,Artificial Intelligence Applications,Applied / Interdisciplinary AI,196
2019,Artificial Intelligence in Games,Applied / Interdisciplinary AI,1009
2019,Authorship Attribution and Profiling,Applied / Interdisciplinary AI,491
2019,Bayesian Methods and Mixture Models,ML Theory & Optimization,1267
2019,Bayesian Modeling and Causal Inference,ML Theory & Optimization,1175
2019,Coding theory and cryptography,ML Theory & Optimization,1781
2019,Cognitive Computing and Networks,Applied / Interdisciplinary AI,290
2019,Cognitive Science and Mapping,Applied / Interdisciplinary AI,961
2019,Computational Physics and Python Applications,Applied / Interdisciplinary AI,1199
2019,Computer Science and Engineering,Applied / Interdisciplinary AI,1358
2019,Cryptographic Implementations and Security,Applied / Interdisciplinary AI,1333
2019,Cryptography and Data Security,Applied / Interdisciplinary AI,3116
2019,Data Analysis with R,Applied / Interdisciplinary AI,717
2019,Data Stream Mining Techniques,Applied / Interdisciplinary AI,948
2019,Diverse Interdisciplinary Research Studies,Applied / Interdisciplinary AI,82
2019,Domain Adaptation and Few-Shot Learning,Applied / Interdisciplinary AI,1918
2019,Edcuational Technology Systems,Applied / Interdisciplinary AI,3500
2019,Educational Robotics and Engineering,Robotics,2120
2019,Educational Technology and Pedagogy,Applied / Interdisciplinary AI,704
2019,Evolutionary Algorithms and Applications,ML Theory & Optimization,1003
2019,Experience-Based Knowledge Management,Applied / Interdisciplinary AI,39
2019,Explainable Artificial Intelligence (XAI),AI Ethics & Fairness,789
2019,Fuzzy Logic and Control Systems,Robotics,1066
2019,Gaussian Processes and Bayesian Inference,ML Theory & Optimization,810
2019,Geochemistry and Geologic Mapping,Applied / Interdisciplinary AI,3573
2019,Hate Speech and Cyberbullying Detection,NLP,1323
2019,Imbalanced Data Classification Techniques,Core ML / Deep Learning,1142
2019,Intelligent Tutoring Systems and Adaptive Learning,Applied / Interdisciplinary AI,720
2019,Internet Traffic Analysis and Secure E-voting,Applied / Interdisciplinary AI,1159
2019,Intuitionistic Fuzzy Systems Applications,Applied / Interdisciplinary AI,177
2019,"Law, AI, and Intellectual Property",AI Ethics & Fairness,721
2019,Linguistic Studies and Language Acquisition,NLP,1466
2019,"Logic, Reasoning, and Knowledge",Applied / Interdisciplinary AI,1358
2019,"Logic, programming, and type systems",Applied / Interdisciplinary AI,1361
2019,Machine Learning and Algorithms,Core ML / Deep Learning,897
2019,Machine Learning and Data Classification,Core ML / Deep Learning,1283
2019,Machine Learning and ELM,Core ML / Deep Learning,1047
2019,Machine Learning in Healthcare,Core ML / Deep Learning,1064
2019,Mathematical Control Systems and Analysis,Robotics,336
2019,Metaheuristic Optimization Algorithms Research,ML Theory & Optimization,2511
2019,Multi-Agent Systems and Negotiation,Reinforcement Learning,692
2019,Natural Language Processing Techniques,NLP,6071
2019,Neural Networks and Applications,Core ML / Deep Learning,3798
2019,Neural Networks and Reservoir Computing,Core ML / Deep Learning,818
2019,Organizational and Employee Performance,Applied / Interdisciplinary AI,1296
2019,Privacy-Preserving Technologies in Data,AI Ethics & Fairness,2413
2019,"Psychiatry, Mental Health, Neuroscience",Healthcare AI,178
2019,Quantum Computing Algorithms and Architecture,ML Theory & Optimization,2565
2019,Quantum Information and Cryptography,ML Theory & Optimization,3916
2019,Reinforcement Learning in Robotics,Robotics,2227
2019,Security and Verification in Computing,Applied / Interdisciplinary AI,1236
2019,Seismology and Earthquake Studies,Applied / Interdisciplinary AI,857
2019,Semantic Web and Ontologies,NLP,2828
2019,Sentiment Analysis and Opinion Mining,NLP,2848
2019,Solar Radiation and Photovoltaics,Applied / Interdisciplinary AI,1588
2019,Speech Recognition and Synthesis,NLP,2481
2019,Speech and dialogue systems,NLP,927
2019,Statistical and Computational Modeling,Applied / Interdisciplinary AI,476
2019,Stochastic Gradient Optimization Techniques,ML Theory & Optimization,933
2019,Target Tracking and Data Fusion in Sensor Networks,Robotics,1690
2019,Text Readability and Simplification,NLP,383
2019,Text and Document Classification Technologies,NLP,1198
2019,Topic Modeling,NLP,7302
2019,Wireless Signal Modulation Classification,Core ML / Deep Learning,713
2020,AI and Multimedia in Education,Applied / Interdisciplinary AI,266
2020,AI in Service Interactions,Applied / Interdisciplinary AI,1156
2020,AI in cancer detection,Healthcare AI,3088
2020,AI-based Problem Solving and Planning,Robotics,552
2020,Advanced Clustering Algorithms Research,Core ML / Deep Learning,1023
2020,Advanced Computational Techniques and Applications,Applied / Interdisciplinary AI,988
2020,Advanced Graph Neural Networks,Core ML / Deep Learning,2226
2020,Advanced Software Engineering Methodologies,Applied / Interdisciplinary AI,740
2020,Advanced Technologies in Various Fields,Applied / Interdisciplinary AI,620
2020,Advanced Text Analysis Techniques,NLP,1373
2020,Adversarial Robustness in Machine Learning,Core ML / Deep Learning,3291
2020,Algorithms and Data Compression,ML Theory & Optimization,1235
2020,Anomaly Detection Techniques and Applications,Applied / Interdisciplinary AI,3402
2020,Artificial Intelligence Applications,Applied / Interdisciplinary AI,223
2020,Artificial Intelligence in Games,Applied / Interdisciplinary AI,1096
2020,Authorship Attribution and Profiling,Applied / Interdisciplinary AI,534
2020,Bayesian Methods and Mixture Models,ML Theory & Optimization,1161
2020,Bayesian Modeling and Causal Inference,ML Theory & Optimization,1195
2020,Coding theory and cryptography,ML Theory & Optimization,1831
2020,Cognitive Computing and Networks,Applied / Interdisciplinary AI,315
2020,Cognitive Science and Mapping,Applied / Interdisciplinary AI,963
2020,Computational Physics and Python Applications,Applied / Interdisciplinary AI,1326
2020,Computer Science and Engineering,Applied / Interdisciplinary AI,1493
2020,Cryptographic Implementations and Security,Applied / Interdisciplinary AI,1304
2020,Cryptography and Data Security,Applied / Interdisciplinary AI,3099
2020,Data Analysis with R,Applied / Interdisciplinary AI,855
2020,Data Stream Mining Techniques,Applied / Interdisciplinary AI,1010
2020,Diverse Interdisciplinary Research Studies,Applied / Interdisciplinary AI,46
2020,Domain Adaptation and Few-Shot Learning,Applied / Interdisciplinary AI,2895
2020,Edcuational Technology Systems,Applied / Interdisciplinary AI,4195
2020,Educational Robotics and Engineering,Robotics,2273
2020,Educational Technology and Pedagogy,Applied / Interdisciplinary AI,1392
2020,Evolutionary Algorithms and Applications,ML Theory & Optimization,1112
2020,Experience-Based Knowledge Management,Applied / Interdisciplinary AI,47
2020,Explainable Artificial Intelligence (XAI),AI Ethics & Fairness,1356
2020,Fuzzy Logic and Control Systems,Robotics,1017
2020,Gaussian Processes and Bayesian Inference,ML Theory & Optimization,955
2020,Geochemistry and Geologic Mapping,Applied / Interdisciplinary AI,3629
2020,Hate Speech and Cyberbullying Detection,NLP,1815
2020,Imbalanced Data Classification Techniques,Core ML / Deep Learning,1402
2020,Intelligent Tutoring Systems and Adaptive Learning,Applied / Interdisciplinary AI,837
2020,Internet Traffic Analysis and Secure E-voting,Applied / Interdisciplinary AI,1245
2020,Intuitionistic Fuzzy Systems Applications,Applied / Interdisciplinary AI,181
2020,"Law, AI, and Intellectual Property",AI Ethics & Fairness,946
2020,Linguistic Studies and Language Acquisition,NLP,1596
2020,"Logic, Reasoning, and Knowledge",Applied / Interdisciplinary AI,1252
2020,"Logic, programming, and type systems",Applied / Interdisciplinary AI,1345
2020,Machine Learning and Algorithms,Core ML / Deep Learning,1077
2020,Machine Learning and Data Classification,Core ML / Deep Learning,1479
2020,Machine Learning and ELM,Core ML / Deep Learning,1006
2020,Machine Learning in Healthcare,Core ML / Deep Learning,1353
2020,Mathematical Control Systems and Analysis,Robotics,358
2020,Metaheuristic Optimization Algorithms Research,ML Theory & Optimization,2754
2020,Multi-Agent Systems and Negotiation,Reinforcement Learning,691
2020,Natural Language Processing Techniques,NLP,6257
2020,Neural Networks and Applications,Core ML / Deep Learning,3903
2020,Neural Networks and Reservoir Computing,Core ML / Deep Learning,1040
2020,Organizational and Employee Performance,Applied / Interdisciplinary AI,1569
2020,Privacy-Preserving Technologies in Data,AI Ethics & Fairness,3452
2020,"Psychiatry, Mental Health, Neuroscience",Healthcare AI,198
2020,Quantum Computing Algorithms and Architecture,ML Theory & Optimization,3325
2020,Quantum Information and Cryptography,ML Theory & Optimization,3970
2020,Reinforcement Learning in Robotics,Robotics,2569
2020,Security and Verification in Computing,Applied / Interdisciplinary AI,1150
2020,Seismology and Earthquake Studies,Applied / Interdisciplinary AI,1136
2020,Semantic Web and Ontologies,NLP,2642
2020,Sentiment Analysis and Opinion Mining,NLP,3325
2020,Solar Radiation and Photovoltaics,Applied / Interdisciplinary AI,1780
2020,Speech Recognition and Synthesis,NLP,2861
2020,Speech and dialogue systems,NLP,810
2020,Statistical and Computational Modeling,Applied / Interdisciplinary AI,472
2020,Stochastic Gradient Optimization Techniques,ML Theory & Optimization,1128
2020,Target Tracking and Data Fusion in Sensor Networks,Robotics,1488
2020,Text Readability and Simplification,NLP,381
2020,Text and Document Classification Technologies,NLP,1182
2020,Topic Modeling,NLP,8925
2020,Wireless Signal Modulation Classification,Core ML / Deep Learning,862
2021,AI and Multimedia in Education,Applied / Interdisciplinary AI,556
2021,AI in Service Interactions,Applied / Interdisciplinary AI,1471
2021,AI in cancer detection,Healthcare AI,3666
2021,AI-based Problem Solving and Planning,Robotics,644
2021,Advanced Clustering Algorithms Research,Core ML / Deep Learning,946
2021,Advanced Computational Techniques and Applications,Applied / Interdisciplinary AI,879
2021,Advanced Graph Neural Networks,Core ML / Deep Learning,3010
2021,Advanced Software Engineering Methodologies,Applied / Interdisciplinary AI,668
2021,Advanced Technologies in Various Fields,Applied / Interdisciplinary AI,854
2021,Advanced Text Analysis Techniques,NLP,1355
2021,Adversarial Robustness in Machine Learning,Core ML / Deep Learning,4188
2021,Algorithms and Data Compression,ML Theory & Optimization,1141
2021,Anomaly Detection Techniques and Applications,Applied / Interdisciplinary AI,4330
2021,Artificial Intelligence Applications,Applied / Interdisciplinary AI,285
2021,Artificial Intelligence in Games,Applied / Interdisciplinary AI,1111
2021,Authorship Attribution and Profiling,Applied / Interdisciplinary AI,484
2021,Bayesian Methods and Mixture Models,ML Theory & Optimization,1323
2021,Bayesian Modeling and Causal Inference,ML Theory & Optimization,1385
2021,Coding theory and cryptography,ML Theory & Optimization,1947
2021,Cognitive Computing and Networks,Applied / Interdisciplinary AI,268
2021,Cognitive Science and Mapping,Applied / Interdisciplinary AI,946
2021,Computational Physics and Python Applications,Applied / Interdisciplinary AI,1447
2021,Computer Science and Engineering,Applied / Interdisciplinary AI,1481
2021,Cryptographic Implementations and Security,Applied / Interdisciplinary AI,1335
2021,Cryptography and Data Security,Applied / Interdisciplinary AI,3143
2021,Data Analysis with R,Applied / Interdisciplinary AI,704
2021,Data Stream Mining Techniques,Applied / Interdisciplinary AI,1088
2021,Diverse Interdisciplinary Research Studies,Applied / Interdisciplinary AI,36
2021,Domain Adaptation and Few-Shot Learning,Applied / Interdisciplinary AI,4256
2021,Edcuational Technology Systems,Applied / Interdisciplinary AI,4867
2021,Educational Robotics and Engineering,Robotics,2224
2021,Educational Technology and Pedagogy,Applied / Interdisciplinary AI,1818
2021,Evolutionary Algorithms and Applications,ML Theory & Optimization,1039
2021,Experience-Based Knowledge Management,Applied / Interdisciplinary AI,32
2021,Explainable Artificial Intelligence (XAI),AI Ethics & Fairness,1969
2021,Fuzzy Logic and Control Systems,Robotics,856
2021,Gaussian Processes and Bayesian Inference,ML Theory & Optimization,1104
2021,Geochemistry and Geologic Mapping,Applied / Interdisciplinary AI,3753
2021,Hate Speech and Cyberbullying Detection,NLP,2281
2021,Imbalanced Data Classification Techniques,Core ML / Deep Learning,1708
2021,Intelligent Tutoring Systems and Adaptive Learning,Applied / Interdisciplinary AI,760
2021,Internet Traffic Analysis and Secure E-voting,Applied / Interdisciplinary AI,1393
2021,Intuitionistic Fuzzy Systems Applications,Applied / Interdisciplinary AI,159
2021,"Law, AI, and Intellectual Property",AI Ethics & Fairness,1032
2021,Linguistic Studies and Language Acquisition,NLP,1279
2021,"Logic, Reasoning, and Knowledge",Applied / Interdisciplinary AI,1412
2021,"Logic, programming, and type systems",Applied / Interdisciplinary AI,1370
2021,Machine Learning and Algorithms,Core ML / Deep Learning,1199
2021,Machine Learning and Data Classification,Core ML / Deep Learning,1789
2021,Machine Learning and ELM,Core ML / Deep Learning,997
2021,Machine Learning in Healthcare,Core ML / Deep Learning,1539
2021,Mathematical Control Systems and Analysis,Robotics,372
2021,Metaheuristic Optimization Algorithms Research,ML Theory & Optimization,2896
2021,Multi-Agent Systems and Negotiation,Reinforcement Learning,666
2021,Natural Language Processing Techniques,NLP,6593
2021,Neural Networks and Applications,Core ML / Deep Learning,4211
2021,Neural Networks and Reservoir Computing,Core ML / Deep Learning,1469
2021,Organizational and Employee Performance,Applied / Interdisciplinary AI,1970
2021,Privacy-Preserving Technologies in Data,AI Ethics & Fairness,4721
2021,"Psychiatry, Mental Health, Neuroscience",Healthcare AI,152
2021,Quantum Computing Algorithms and Architecture,ML Theory & Optimization,4595
2021,Quantum Information and Cryptography,ML Theory & Optimization,4646
2021,Reinforcement Learning in Robotics,Robotics,3189
2021,Security and Verification in Computing,Applied / Interdisciplinary AI,1234
2021,Seismology and Earthquake Studies,Applied / Interdisciplinary AI,1184
2021,Semantic Web and Ontologies,NLP,2322
2021,Sentiment Analysis and Opinion Mining,NLP,3834
2021,Solar Radiation and Photovoltaics,Applied / Interdisciplinary AI,2021
2021,Speech Recognition and Synthesis,NLP,3319
2021,Speech and dialogue systems,NLP,843
2021,Statistical and Computational Modeling,Applied / Interdisciplinary AI,537
2021,Stochastic Gradient Optimization Techniques,ML Theory & Optimization,1125
2021,Target Tracking and Data Fusion in Sensor Networks,Robotics,1705
2021,Text Readability and Simplification,NLP,499
2021,Text and Document Classification Technologies,NLP,1236
2021,Topic Modeling,NLP,11237
2021,Wireless Signal Modulation Classification,Core ML / Deep Learning,1164
2022,AI and Multimedia in Education,Applied / Interdisciplinary AI,577
2022,AI in Service Interactions,Applied / Interdisciplinary AI,2014
2022,AI in cancer detection,Healthcare AI,4677
2022,AI-based Problem Solving and Planning,Robotics,504
2022,Advanced Clustering Algorithms Research,Core ML / Deep Learning,981
2022,Advanced Computational Techniques and Applications,Applied / Interdisciplinary AI,872
2022,Advanced Graph Neural Networks,Core ML / Deep Learning,3714
2022,Advanced Software Engineering Methodologies,Applied / Interdisciplinary AI,645
2022,Advanced Technologies in Various Fields,Applied / Interdisciplinary AI,1177
2022,Advanced Text Analysis Techniques,NLP,1324
2022,Adversarial Robustness in Machine Learning,Core ML / Deep Learning,4706
2022,Algorithms and Data Compression,ML Theory & Optimization,1075
2022,Anomaly Detection Techniques and Applications,Applied / Interdisciplinary AI,4968
2022,Artificial Intelligence Applications,Applied / Interdisciplinary AI,354
2022,Artificial Intelligence in Games,Applied / Interdisciplinary AI,1033
2022,Authorship Attribution and Profiling,Applied / Interdisciplinary AI,495
2022,Bayesian Methods and Mixture Models,ML Theory & Optimization,1242
2022,Bayesian Modeling and Causal Inference,ML Theory & Optimization,1348
2022,Coding theory and cryptography,ML Theory & Optimization,1995
2022,Cognitive Computing and Networks,Applied / Interdisciplinary AI,321
2022,Cognitive Science and Mapping,Applied / Interdisciplinary AI,975
2022,Computational Physics and Python Applications,Applied / Interdisciplinary AI,1576
2022,Computer Science and Engineering,Applied / Interdisciplinary AI,1796
2022,Cryptographic Implementations and Security,Applied / Interdisciplinary AI,1376
2022,Cryptography and Data Security,Applied / Interdisciplinary AI,3187
2022,Data Analysis with R,Applied / Interdisciplinary AI,974
2022,Data Stream Mining Techniques,Applied / Interdisciplinary AI,1103
2022,Diverse Interdisciplinary Research Studies,Applied / Interdisciplinary AI,32
2022,Domain Adaptation and Few-Shot Learning,Applied / Interdisciplinary AI,4963
2022,Edcuational Technology Systems,Applied / Interdisciplinary AI,5195
2022,Educational Robotics and Engineering,Robotics,2368
2022,Educational Technology and Pedagogy,Applied / Interdisciplinary AI,1804
2022,Evolutionary Algorithms and Applications,ML Theory & Optimization,1074
2022,Experience-Based Knowledge Management,Applied / Interdisciplinary AI,22
2022,Explainable Artificial Intelligence (XAI),AI Ethics & Fairness,2346
2022,Fuzzy Logic and Control Systems,Robotics,826
2022,Gaussian Processes and Bayesian Inference,ML Theory & Optimization,879
2022,Geochemistry and Geologic Mapping,Applied / Interdisciplinary AI,3799
2022,Hate Speech and Cyberbullying Detection,NLP,2627
2022,Imbalanced Data Classification Techniques,Core ML / Deep Learning,1915
2022,Intelligent Tutoring Systems and Adaptive Learning,Applied / Interdisciplinary AI,761
2022,Internet Traffic Analysis and Secure E-voting,Applied / Interdisciplinary AI,1451
2022,Intuitionistic Fuzzy Systems Applications,Applied / Interdisciplinary AI,176
2022,"Law, AI, and Intellectual Property",AI Ethics & Fairness,1101
2022,Linguistic Studies and Language Acquisition,NLP,1134
2022,"Logic, Reasoning, and Knowledge",Applied / Interdisciplinary AI,1284
2022,"Logic, programming, and type systems",Applied / Interdisciplinary AI,1089
2022,Machine Learning and Algorithms,Core ML / Deep Learning,1154
2022,Machine Learning and Data Classification,Core ML / Deep Learning,2075
2022,Machine Learning and ELM,Core ML / Deep Learning,1159
2022,Machine Learning in Healthcare,Core ML / Deep Learning,1663
2022,Mathematical Control Systems and Analysis,Robotics,325
2022,Metaheuristic Optimization Algorithms Research,ML Theory & Optimization,3095
2022,Multi-Agent Systems and Negotiation,Reinforcement Learning,568
2022,Natural Language Processing Techniques,NLP,6818
2022,Neural Networks and Applications,Core ML / Deep Learning,4630
2022,Neural Networks and Reservoir Computing,Core ML / Deep Learning,1883
2022,Organizational and Employee Performance,Applied / Interdisciplinary AI,2581
2022,Privacy-Preserving Technologies in Data,AI Ethics & Fairness,6114
2022,"Psychiatry, Mental Health, Neuroscience",Healthcare AI,201
2022,Quantum Computing Algorithms and Architecture,ML Theory & Optimization,5979
2022,Quantum Information and Cryptography,ML Theory & Optimization,5232
2022,Reinforcement Learning in Robotics,Robotics,3212
2022,Security and Verification in Computing,Applied / Interdisciplinary AI,1171
2022,Seismology and Earthquake Studies,Applied / Interdisciplinary AI,1068
2022,Semantic Web and Ontologies,NLP,2257
2022,Sentiment Analysis and Opinion Mining,NLP,4272
2022,Solar Radiation and Photovoltaics,Applied / Interdisciplinary AI,2200
2022,Speech Recognition and Synthesis,NLP,3666
2022,Speech and dialogue systems,NLP,997
2022,Statistical and Computational Modeling,Applied / Interdisciplinary AI,436
2022,Stochastic Gradient Optimization Techniques,ML Theory & Optimization,1175
2022,Target Tracking and Data Fusion in Sensor Networks,Robotics,1537
2022,Text Readability and Simplification,NLP,555
2022,Text and Document Classification Technologies,NLP,1390
2022,Topic Modeling,NLP,10885
2022,Wireless Signal Modulation Classification,Core ML / Deep Learning,1289
2023,AI and Multimedia in Education,Applied / Interdisciplinary AI,315
2023,AI in Service Interactions,Applied / Interdisciplinary AI,2878
2023,AI in cancer detection,Healthcare AI,5777
2023,AI-based Problem Solving and Planning,Robotics,568
2023,Advanced Clustering Algorithms Research,Core ML / Deep Learning,998
2023,Advanced Computational Techniques and Applications,Applied / Interdisciplinary AI,972
2023,Advanced Graph Neural Networks,Core ML / Deep Learning,4497
2023,Advanced Software Engineering Methodologies,Applied / Interdisciplinary AI,509
2023,Advanced Technologies in Various Fields,Applied / Interdisciplinary AI,1189
2023,Advanced Text Analysis Techniques,NLP,1527
2023,Adversarial Robustness in Machine Learning,Core ML / Deep Learning,5641
2023,Algorithms and Data Compression,ML Theory & Optimization,1082
2023,Anomaly Detection Techniques and Applications,Applied / Interdisciplinary AI,6131
2023,Artificial Intelligence Applications,Applied / Interdisciplinary AI,361
2023,Artificial Intelligence in Games,Applied / Interdisciplinary AI,1149
2023,Authorship Attribution and Profiling,Applied / Interdisciplinary AI,484
2023,Bayesian Methods and Mixture Models,ML Theory & Optimization,1176
2023,Bayesian Modeling and Causal Inference,ML Theory & Optimization,1456
2023,Coding theory and cryptography,ML Theory & Optimization,2019
2023,Cognitive Computing and Networks,Applied / Interdisciplinary AI,316
2023,Cognitive Science and Mapping,Applied / Interdisciplinary AI,1009
2023,Computational Physics and Python Applications,Applied / Interdisciplinary AI,1810
2023,Computer Science and Engineering,Applied / Interdisciplinary AI,2382
2023,Cryptographic Implementations and Security,Applied / Interdisciplinary AI,1447
2023,Cryptography and Data Security,Applied / Interdisciplinary AI,3551
2023,Data Analysis with R,Applied / Interdisciplinary AI,714
2023,Data Stream Mining Techniques,Applied / Interdisciplinary AI,1232
2023,Diverse Interdisciplinary Research Studies,Applied / Interdisciplinary AI,40
2023,Domain Adaptation and Few-Shot Learning,Applied / Interdisciplinary AI,5935
2023,Edcuational Technology Systems,Applied / Interdisciplinary AI,6301
2023,Educational Robotics and Engineering,Robotics,2094
2023,Educational Technology and Pedagogy,Applied / Interdisciplinary AI,2268
2023,Evolutionary Algorithms and Applications,ML Theory & Optimization,1086
2023,Experience-Based Knowledge Management,Applied / Interdisciplinary AI,20
2023,Explainable Artificial Intelligence (XAI),AI Ethics & Fairness,3233
2023,Fuzzy Logic and Control Systems,Robotics,895
2023,Gaussian Processes and Bayesian Inference,ML Theory & Optimization,943
2023,Geochemistry and Geologic Mapping,Applied / Interdisciplinary AI,4206
2023,Hate Speech and Cyberbullying Detection,NLP,3274
2023,Imbalanced Data Classification Techniques,Core ML / Deep Learning,2242
2023,Intelligent Tutoring Systems and Adaptive Learning,Applied / Interdisciplinary AI,1053
2023,Internet Traffic Analysis and Secure E-voting,Applied / Interdisciplinary AI,1689
2023,Intuitionistic Fuzzy Systems Applications,Applied / Interdisciplinary AI,157
2023,"Law, AI, and Intellectual Property",AI Ethics & Fairness,1445
2023,Linguistic Studies and Language Acquisition,NLP,1472
2023,"Logic, Reasoning, and Knowledge",Applied / Interdisciplinary AI,1465
2023,"Logic, programming, and type systems",Applied / Interdisciplinary AI,1201
2023,Machine Learning and Algorithms,Core ML / Deep Learning,1290
2023,Machine Learning and Data Classification,Core ML / Deep Learning,2336
2023,Machine Learning and ELM,Core ML / Deep Learning,1240
2023,Machine Learning in Healthcare,Core ML / Deep Learning,2132
2023,Mathematical Control Systems and Analysis,Robotics,300
2023,Metaheuristic Optimization Algorithms Research,ML Theory & Optimization,2945
2023,Multi-Agent Systems and Negotiation,Reinforcement Learning,683
2023,Natural Language Processing Techniques,NLP,8106
2023,Neural Networks and Applications,Core ML / Deep Learning,5287
2023,Neural Networks and Reservoir Computing,Core ML / Deep Learning,2391
2023,Organizational and Employee Performance,Applied / Interdisciplinary AI,3305
2023,Privacy-Preserving Technologies in Data,AI Ethics & Fairness,7914
2023,"Psychiatry, Mental Health, Neuroscience",Healthcare AI,191
2023,Quantum Computing Algorithms and Architecture,ML Theory & Optimization,7404
2023,Quantum Information and Cryptography,ML Theory & Optimization,5574
2023,Reinforcement Learning in Robotics,Robotics,3564
2023,Security and Verification in Computing,Applied / Interdisciplinary AI,1204
2023,Seismology and Earthquake Studies,Applied / Interdisciplinary AI,1252
2023,Semantic Web and Ontologies,NLP,2559
2023,Sentiment Analysis and Opinion Mining,NLP,4840
2023,Solar Radiation and Photovoltaics,Applied / Interdisciplinary AI,2508
2023,Speech Recognition and Synthesis,NLP,4147
2023,Speech and dialogue systems,NLP,1091
2023,Statistical and Computational Modeling,Applied / Interdisciplinary AI,636
2023,Stochastic Gradient Optimization Techniques,ML Theory & Optimization,1184
2023,Target Tracking and Data Fusion in Sensor Networks,Robotics,1681
2023,Text Readability and Simplification,NLP,797
2023,Text and Document Classification Technologies,NLP,1548
2023,Topic Modeling,NLP,16630
2023,Wireless Signal Modulation Classification,Core ML / Deep Learning,1561
2024,AI and Multimedia in Education,Applied / Interdisciplinary AI,259
2024,AI in Service Interactions,Applied / Interdisciplinary AI,5268
2024,AI in cancer detection,Healthcare AI,6888
2024,AI-based Problem Solving and Planning,Robotics,902
2024,Advanced Clustering Algorithms Research,Core ML / Deep Learning,1272
2024,Advanced Computational Techniques and Applications,Applied / Interdisciplinary AI,2136
2024,Advanced Graph Neural Networks,Core ML / Deep Learning,3979
2024,Advanced Software Engineering Methodologies,Applied / Interdisciplinary AI,497
2024,Advanced Technologies in Various Fields,Applied / Interdisciplinary AI,1084
2024,Advanced Text Analysis Techniques,NLP,2325
2024,Adversarial Robustness in Machine Learning,Core ML / Deep Learning,4906
2024,Algorithms and Data Compression,ML Theory & Optimization,1495
2024,Anomaly Detection Techniques and Applications,Applied / Interdisciplinary AI,9130
2024,Artificial Intelligence Applications,Applied / Interdisciplinary AI,454
2024,Artificial Intelligence in Games,Applied / Interdisciplinary AI,1328
2024,Authorship Attribution and Profiling,Applied / Interdisciplinary AI,598
2024,Bayesian Methods and Mixture Models,ML Theory & Optimization,1406
2024,Bayesian Modeling and Causal Inference,ML Theory & Optimization,1462
2024,Coding theory and cryptography,ML Theory & Optimization,1892
2024,Cognitive Computing and Networks,Applied / Interdisciplinary AI,642
2024,Cognitive Science and Mapping,Applied / Interdisciplinary AI,1319
2024,Computational Physics and Python Applications,Applied / Interdisciplinary AI,2516
2024,Computer Science and Engineering,Applied / Interdisciplinary AI,3370
2024,Cryptographic Implementations and Security,Applied / Interdisciplinary AI,1356
2024,Cryptography and Data Security,Applied / Interdisciplinary AI,3253
2024,Data Analysis with R,Applied / Interdisciplinary AI,637
2024,Data Stream Mining Techniques,Applied / Interdisciplinary AI,1338
2024,Diverse Interdisciplinary Research Studies,Applied / Interdisciplinary AI,49
2024,Domain Adaptation and Few-Shot Learning,Applied / Interdisciplinary AI,3600
2024,Edcuational Technology Systems,Applied / Interdisciplinary AI,5618
2024,Educational Robotics and Engineering,Robotics,2009
2024,Educational Technology and Pedagogy,Applied / Interdisciplinary AI,3028
2024,Evolutionary Algorithms and Applications,ML Theory & Optimization,1467
2024,Experience-Based Knowledge Management,Applied / Interdisciplinary AI,16
2024,Explainable Artificial Intelligence (XAI),AI Ethics & Fairness,3355
2024,Fuzzy Logic and Control Systems,Robotics,1325
2024,Gaussian Processes and Bayesian Inference,ML Theory & Optimization,847
2024,Geochemistry and Geologic Mapping,Applied / Interdisciplinary AI,4467
2024,Hate Speech and Cyberbullying Detection,NLP,3469
2024,Imbalanced Data Classification Techniques,Core ML / Deep Learning,2923
2024,Intelligent Tutoring Systems and Adaptive Learning,Applied / Interdisciplinary AI,2321
2024,Internet Traffic Analysis and Secure E-voting,Applied / Interdisciplinary AI,1648
2024,Intuitionistic Fuzzy Systems Applications,Applied / Interdisciplinary AI,125
2024,"Law, AI, and Intellectual Property",AI Ethics & Fairness,2267
2024,Linguistic Studies and Language Acquisition,NLP,1239
2024,"Logic, Reasoning, and Knowledge",Applied / Interdisciplinary AI,1237
2024,"Logic, programming, and type systems",Applied / Interdisciplinary AI,1052
2024,Machine Learning and Algorithms,Core ML / Deep Learning,1249
2024,Machine Learning and Data Classification,Core ML / Deep Learning,2480
2024,Machine Learning and ELM,Core ML / Deep Learning,1241
2024,Machine Learning in Healthcare,Core ML / Deep Learning,3112
2024,Mathematical Control Systems and Analysis,Robotics,330
2024,Metaheuristic Optimization Algorithms Research,ML Theory & Optimization,2788
2024,Multi-Agent Systems and Negotiation,Reinforcement Learning,1251
2024,Natural Language Processing Techniques,NLP,13783
2024,Neural Networks and Applications,Core ML / Deep Learning,11863
2024,Neural Networks and Reservoir Computing,Core ML / Deep Learning,2488
2024,Organizational and Employee Performance,Applied / Interdisciplinary AI,3208
2024,Privacy-Preserving Technologies in Data,AI Ethics & Fairness,8663
2024,"Psychiatry, Mental Health, Neuroscience",Healthcare AI,280
2024,Quantum Computing Algorithms and Architecture,ML Theory & Optimization,7631
2024,Quantum Information and Cryptography,ML Theory & Optimization,5028
2024,Reinforcement Learning in Robotics,Robotics,3116
2024,Security and Verification in Computing,Applied / Interdisciplinary AI,1078
2024,Seismology and Earthquake Studies,Applied / Interdisciplinary AI,1848
2024,Semantic Web and Ontologies,NLP,4362
2024,Sentiment Analysis and Opinion Mining,NLP,4894
2024,Solar Radiation and Photovoltaics,Applied / Interdisciplinary AI,2794
2024,Speech Recognition and Synthesis,NLP,4652
2024,Speech and dialogue systems,NLP,2337
2024,Statistical and Computational Modeling,Applied / Interdisciplinary AI,576
2024,Stochastic Gradient Optimization Techniques,ML Theory & Optimization,818
2024,Target Tracking and Data Fusion in Sensor Networks,Robotics,1713
2024,Text Readability and Simplification,NLP,876
2024,Text and Document Classification Technologies,NLP,2086
2024,Topic Modeling,NLP,14116
2024,Wireless Signal Modulation Classification,Core ML / Deep Learning,1305
2025,AI and Multimedia in Education,Applied / Interdisciplinary AI,502
2025,AI in Service Interactions,Applied / Interdisciplinary AI,9983
2025,AI in cancer detection,Healthcare AI,8671
2025,AI-based Problem Solving and Planning,Robotics,1554
2025,Advanced Clustering Algorithms Research,Core ML / Deep Learning,1375
2025,Advanced Computational Techniques and Applications,Applied / Interdisciplinary AI,1643
2025,Advanced Graph Neural Networks,Core ML / Deep Learning,6431
2025,Advanced Software Engineering Methodologies,Applied / Interdisciplinary AI,652
2025,Advanced Technologies in Various Fields,Applied / Interdisciplinary AI,2008
2025,Advanced Text Analysis Techniques,NLP,1868
2025,Adversarial Robustness in Machine Learning,Core ML / Deep Learning,7749
2025,Algorithms and Data Compression,ML Theory & Optimization,1434
2025,Anomaly Detection Techniques and Applications,Applied / Interdisciplinary AI,9277
2025,Artificial Intelligence Applications,Applied / Interdisciplinary AI,1116
2025,Artificial Intelligence in Games,Applied / Interdisciplinary AI,1884
2025,Authorship Attribution and Profiling,Applied / Interdisciplinary AI,1050
2025,Bayesian Methods and Mixture Models,ML Theory & Optimization,1433
2025,Bayesian Modeling and Causal Inference,ML Theory & Optimization,1639
2025,Coding theory and cryptography,ML Theory & Optimization,1750
2025,Cognitive Computing and Networks,Applied / Interdisciplinary AI,1038
2025,Cognitive Science and Mapping,Applied / Interdisciplinary AI,1634
2025,Computational Physics and Python Applications,Applied / Interdisciplinary AI,2460
2025,Computer Science and Engineering,Applied / Interdisciplinary AI,2895
2025,Cryptographic Implementations and Security,Applied / Interdisciplinary AI,1794
2025,Cryptography and Data Security,Applied / Interdisciplinary AI,4070
2025,Data Analysis with R,Applied / Interdisciplinary AI,1593
2025,Data Stream Mining Techniques,Applied / Interdisciplinary AI,1495
2025,Diverse Interdisciplinary Research Studies,Applied / Interdisciplinary AI,158
2025,Domain Adaptation and Few-Shot Learning,Applied / Interdisciplinary AI,4363
2025,Edcuational Technology Systems,Applied / Interdisciplinary AI,4688
2025,Educational Robotics and Engineering,Robotics,2049
2025,Educational Technology and Pedagogy,Applied / Interdisciplinary AI,3531
2025,Evolutionary Algorithms and Applications,ML Theory & Optimization,1473
2025,Experience-Based Knowledge Management,Applied / Interdisciplinary AI,22
2025,Explainable Artificial Intelligence (XAI),AI Ethics & Fairness,6867
2025,Fuzzy Logic and Control Systems,Robotics,1179
2025,Gaussian Processes and Bayesian Inference,ML Theory & Optimization,1133
2025,Geochemistry and Geologic Mapping,Applied / Interdisciplinary AI,4778
2025,Hate Speech and Cyberbullying Detection,NLP,3932
2025,Imbalanced Data Classification Techniques,Core ML / Deep Learning,4221
2025,Intelligent Tutoring Systems and Adaptive Learning,Applied / Interdisciplinary AI,4622
2025,Internet Traffic Analysis and Secure E-voting,Applied / Interdisciplinary AI,2191
2025,Intuitionistic Fuzzy Systems Applications,Applied / Interdisciplinary AI,347
2025,"Law, AI, and Intellectual Property",AI Ethics & Fairness,3007
2025,Linguistic Studies and Language Acquisition,NLP,1476
2025,"Logic, Reasoning, and Knowledge",Applied / Interdisciplinary AI,1773
2025,"Logic, programming, and type systems",Applied / Interdisciplinary AI,1588
2025,Machine Learning and Algorithms,Core ML / Deep Learning,1153
2025,Machine Learning and Data Classification,Core ML / Deep Learning,2788
2025,Machine Learning and ELM,Core ML / Deep Learning,1090
2025,Machine Learning in Healthcare,Core ML / Deep Learning,5375
2025,Mathematical Control Systems and Analysis,Robotics,401
2025,Metaheuristic Optimization Algorithms Research,ML Theory & Optimization,2768
2025,Multi-Agent Systems and Negotiation,Reinforcement Learning,2099
2025,Natural Language Processing Techniques,NLP,12203
2025,Neural Networks and Applications,Core ML / Deep Learning,9516
2025,Neural Networks and Reservoir Computing,Core ML / Deep Learning,3422
2025,Organizational and Employee Performance,Applied / Interdisciplinary AI,3903
2025,Privacy-Preserving Technologies in Data,AI Ethics & Fairness,10004
2025,"Psychiatry, Mental Health, Neuroscience",Healthcare AI,847
2025,Quantum Computing Algorithms and Architecture,ML Theory & Optimization,10873
2025,Quantum Information and Cryptography,ML Theory & Optimization,6309
2025,Reinforcement Learning in Robotics,Robotics,4575
2025,Security and Verification in Computing,Applied / Interdisciplinary AI,1707
2025,Seismology and Earthquake Studies,Applied / Interdisciplinary AI,2272
2025,Semantic Web and Ontologies,NLP,4049
2025,Sentiment Analysis and Opinion Mining,NLP,6268
2025,Solar Radiation and Photovoltaics,Applied / Interdisciplinary AI,3473
2025,Speech Recognition and Synthesis,NLP,4678
2025,Speech and dialogue systems,NLP,2276
2025,Statistical and Computational Modeling,Applied / Interdisciplinary AI,515
2025,Stochastic Gradient Optimization Techniques,ML Theory & Optimization,2024
2025,Target Tracking and Data Fusion in Sensor Networks,Robotics,1842
2025,Text Readability and Simplification,NLP,1125
2025,Text and Document Classification Technologies,NLP,1953
2025,Topic Modeling,NLP,17032
2025,Wireless Signal Modulation Classification,Core ML / Deep Learning,2184
