scope,term,early_count,late_count,early_share_per_1000,late_share_per_1000,delta_share_per_1000,growth_ratio,direction,score,total_docs,early_period,late_period,weight
All AI,programming language,153082,78979,134.48749057774046,71.72593046002169,-62.76156011771877,0.5350564719063812,fading,775.4040034627288,232061,2000-2019,2020-2025,775.4040034627288
All AI,semantic web,87120,31088,76.5377391145448,28.233020500907255,-48.30471861363755,0.37297330933070477,fading,564.2092343658994,118208,2000-2019,2020-2025,564.2092343658994
All AI,web ontology,85215,29925,74.86413497068338,27.176825092950644,-47.68730987773274,0.3672413290979445,fading,555.7437482764283,115140,2000-2019,2020-2025,555.7437482764283
All AI,cryptography,151157,111641,132.79631578669938,101.38840201176617,-31.407913774933206,0.7643752298061102,fading,391.94390261987667,262798,2000-2019,2020-2025,391.94390261987667
All AI,fuzzy logic,56216,18822,49.387575092553384,17.09347374768645,-32.29410134486693,0.3526624357877958,fading,362.52593630683845,75038,2000-2019,2020-2025,362.52593630683845
All AI,logic reasoning,50968,15359,44.77703727261386,13.948499802928286,-30.828537469685575,0.3191131901129839,fading,342.26974969511366,66327,2000-2019,2020-2025,342.26974969511366
All AI,reasoning knowledge,50957,15417,44.76737341666506,14.001173348638934,-30.766200068026123,0.3203449251442622,fading,341.59945015782296,66374,2000-2019,2020-2025,341.59945015782296
All AI,theoretical computer,111854,80281,98.26735848161495,72.9083607447676,-25.358997736847343,0.7432451558217202,fading,308.51651999177824,192135,2000-2019,2020-2025,308.51651999177824
All AI,discrete mathematic,56064,24164,49.254038173988064,21.944888940553362,-27.309149233434702,0.45111692968647893,fading,308.39239986139586,80228,2000-2019,2020-2025,308.39239986139586
All AI,logic programming,43608,12133,38.31103911050356,11.018760863918803,-27.292278246584754,0.29679083909921505,fading,298.26336754995003,55741,2000-2019,2020-2025,298.26336754995003
All AI,world wide,90228,59738,79.26821768626203,54.25193575280487,-25.016281933457165,0.6863878539715003,fading,298.14831458167896,149966,2000-2019,2020-2025,298.14831458167896
All AI,wide web,90225,59736,79.26558208918509,54.25011942364243,-25.015462665542657,0.6863877626120358,fading,298.13771636080213,149961,2000-2019,2020-2025,298.13771636080213
All AI,information retrieval,91770,62112,80.62291458381287,56.40791846861656,-24.214996115196314,0.7015023900530796,fading,289.22265084566186,153882,2000-2019,2020-2025,289.22265084566186
All AI,programming type,40990,11294,36.01104139468769,10.256810780276846,-25.754230614410844,0.29461802154572203,fading,279.8059320136993,52284,2000-2019,2020-2025,279.8059320136993
All AI,web service,34543,4620,30.347143276328296,4.195720365227468,-26.151422911100827,0.1522254532020443,fading,276.5647191489752,39163,2000-2019,2020-2025,276.5647191489752
All AI,architecture web,32106,4120,28.20615991748824,3.7416380746184346,-24.464521842869804,0.14776055337287947,fading,256.81778533347574,36226,2000-2019,2020-2025,256.81778533347574
All AI,data compression,39148,12591,34.392784789442146,11.434700242116678,-22.95808454732547,0.3420392013459435,fading,249.1867387264049,51739,2000-2019,2020-2025,249.1867387264049
All AI,logic control,35644,8902,31.314407403567895,8.08448110200323,-23.229926301564667,0.26982998592771223,fading,248.66010221363769,44546,2000-2019,2020-2025,248.66010221363769
All AI,data type,69911,44675,61.41907574881706,40.57225266591713,-20.84682308289993,0.6633214751546384,fading,242.8465107765481,114586,2000-2019,2020-2025,242.8465107765481
All AI,abstract data,69039,44219,60.65299553178442,40.15812961688169,-20.494865914902732,0.6648591661507329,fading,238.50761889409847,113258,2000-2019,2020-2025,238.50761889409847
All AI,set abstract,68179,43723,59.89745770305958,39.707679984597526,-20.189777718462054,0.6657180867161021,fading,234.71399362646693,111902,2000-2019,2020-2025,234.71399362646693
All AI,engineering methodology,29848,4555,26.22243385090603,4.136689667448294,-22.085744183457734,0.17351300010014192,fading,230.70609612150656,34403,2000-2019,2020-2025,230.70609612150656
All AI,robotic engineering,37548,13054,32.98713301507034,11.855180443220641,-21.131952571849702,0.36895306736651334,fading,228.89636838328656,50602,2000-2019,2020-2025,228.89636838328656
All AI,educational robotic,37558,13069,32.99591833866017,11.868802911938912,-21.127115426721254,0.36926298860906714,fading,228.8544086602847,50627,2000-2019,2020-2025,228.8544086602847
All AI,metaheuristic optimization,46809,22966,41.12322119160615,20.856907772254118,-20.26631341935203,0.5131007923183276,fading,226.03111345567225,69775,2000-2019,2020-2025,226.03111345567225
All AI,system negotiation,34612,10829,30.407762009098082,9.834514250010445,-20.573247759087636,0.3343663073039178,fading,220.63146040037176,45441,2000-2019,2020-2025,220.63146040037176
All AI,mathematical optimization,61816,41168,54.3073563028547,37.387319479585365,-16.920036823269335,0.6912816460299137,fading,195.2967945707567,102984,2000-2019,2020-2025,195.2967945707567
All AI,coding theory,36832,16827,32.35810384603896,15.281685408156408,-17.076418437882552,0.48029811708258047,fading,185.969422230668,53659,2000-2019,2020-2025,185.969422230668
All AI,theory cryptography,36743,16783,32.27991446608953,15.241726166582813,-17.038188299506714,0.4802247480806413,fading,185.5107971042965,53526,2000-2019,2020-2025,185.5107971042965
All AI,data mining,142577,121776,125.25850814663056,110.5926500424113,-14.665858104219268,0.8833807881442158,fading,183.1038894926696,264353,2000-2019,2020-2025,183.1038894926696
All AI,advanced computational,29158,9552,25.61624652320819,8.674788079794972,-16.941458443413218,0.35130576944285624,fading,178.96751837332897,38710,2000-2019,2020-2025,178.96751837332897
All AI,sensor network,32900,16359,28.90371461052025,14.856664384146352,-14.047050226373898,0.5222695359263195,fading,151.7765188733357,49259,2000-2019,2020-2025,151.7765188733357
All AI,pure mathematic,32482,15949,28.536488084465613,14.484316905846946,-14.052171178618668,0.5160512821749779,fading,151.59364273185113,48431,2000-2019,2020-2025,151.59364273185113
All AI,mathematical analysi,66489,50255,58.41273801637936,45.63981102911394,-12.772926987265414,0.7831890450633242,fading,149.03128498265045,116744,2000-2019,2020-2025,149.03128498265045
All AI,fusion sensor,26668,11173,23.428700949342065,10.14692286594946,-13.281778083392606,0.44494362182424296,fading,140.00554543982722,37841,2000-2019,2020-2025,140.00554543982722
All AI,tracking data,26679,11194,23.438364805290874,10.165994322155038,-13.272370483135836,0.44556068924965303,fading,139.91759693640833,37873,2000-2019,2020-2025,139.91759693640833
All AI,target tracking,26701,11218,23.457692517188487,10.187790272104271,-13.269902245084216,0.44611100440646767,fading,139.90768394806858,37919,2000-2019,2020-2025,139.90768394806858
All AI,data fusion,27170,11858,23.86972419355122,10.769015604083835,-13.100708589467386,0.46241867632896194,fading,138.50148037526995,39028,2000-2019,2020-2025,138.50148037526995
All AI,mechanic application,35228,21014,30.948937942231225,19.084170509716454,-11.864767432514771,0.6227291537059456,fading,129.77014474518964,56242,2000-2019,2020-2025,129.77014474518964
All AI,system query,18535,3788,16.283597273738383,3.4401274336540366,-12.843469840084346,0.23476060402254942,fading,128.60702709471397,22323,2000-2019,2020-2025,128.60702709471397
All AI,advanced database,18525,3784,16.27481195014856,3.436494775329164,-12.838317174819396,0.23466699877337832,fading,128.54737751493346,22309,2000-2019,2020-2025,128.54737751493346
All AI,problem solving,23619,9642,20.750055786804797,8.756522892104599,-11.993532894700198,0.43559993371181777,fading,124.87871399325965,33261,2000-2019,2020-2025,124.87871399325965
All AI,method verification,20187,6029,17.734932730777274,5.475324260163724,-12.25960847061355,0.327685566400717,fading,124.7312589945368,26216,2000-2019,2020-2025,124.7312589945368
All AI,group theory,35152,21592,30.882169482948566,19.609089637660496,-11.27307984528807,0.6407807353340159,fading,123.39877122681267,56744,2000-2019,2020-2025,123.39877122681267
All AI,solving planning,23045,9239,20.24577821274891,8.390532565873718,-11.855245646875192,0.42854659269471107,fading,123.08540454379408,32284,2000-2019,2020-2025,123.08540454379408
All AI,ai-based problem,23039,9239,20.240507018595014,8.390532565873718,-11.849974452721296,0.42865550769336846,fading,123.0284746579457,32278,2000-2019,2020-2025,123.0284746579457
All AI,theory sociology,24212,11022,21.271025475681345,10.009790014185532,-11.261235461495813,0.4827420750540745,fading,117.90282882049131,35234,2000-2019,2020-2025,117.90282882049131
All AI,control theory,26682,13915,23.44100040236782,12.637110147649398,-10.803890254718421,0.5487285379415519,fading,114.64520143668324,40597,2000-2019,2020-2025,114.64520143668324
All AI,fuzzy control,15790,3391,13.872025948331755,3.079586094910464,-10.79243985342129,0.24906621430960937,fading,106.43210217119571,19181,2000-2019,2020-2025,106.43210217119571
All AI,implementation security,26614,14824,23.38126020195702,13.46263175197662,-9.9186284499804,0.5846689677972862,fading,105.45463694476621,41438,2000-2019,2020-2025,105.45463694476621
All AI,cryptographic implementation,26599,14821,23.368082216572283,13.459907258232967,-9.908174958339316,0.5848776257583113,fading,105.33919087146108,41420,2000-2019,2020-2025,105.33919087146108
All AI,method mixture,21931,10055,19.267093164842542,9.13159486414766,-10.135498300694882,0.48725398235478906,fading,105.13638386243561,31986,2000-2019,2020-2025,105.13638386243561
All AI,quantum mechanic,72412,60533,63.61628517863198,54.97392659487323,-8.642358583758757,0.8652080581449688,fading,101.95993925560374,132945,2000-2019,2020-2025,101.95993925560374
All AI,data management,22181,10793,19.486726254588135,9.801820325086593,-9.684905929501541,0.5154331026433965,fading,100.75696704501675,32974,2000-2019,2020-2025,100.75696704501675
All AI,function biology,28019,17340,24.61559816632726,15.747573838321276,-8.868024328005983,0.6469116813671818,fading,95.08637935601494,45359,2000-2019,2020-2025,95.08637935601494
All AI,speech dialogue,34503,23847,30.312001981969,21.657000768307235,-8.655001213661766,0.719102925583134,fading,94.9819893362041,58350,2000-2019,2020-2025,94.9819893362041
All AI,process computing,54434,43563,47.82203042884679,39.56237365160264,-8.259656777244146,0.8290705770444327,fading,94.92577684809014,97997,2000-2019,2020-2025,94.92577684809014
All AI,cluster analysi,33575,22942,29.496723952833356,20.835111822304885,-8.661612130528471,0.7112480634836014,fading,94.77808358023233,56517,2000-2019,2020-2025,94.77808358023233
All AI,bayesian modeling,24785,14202,21.77442451737825,12.897753382458983,-8.876671134919267,0.6014859495923771,fading,93.83537210351348,38987,2000-2019,2020-2025,93.83537210351348
All AI,modeling causal,24727,14164,21.72346964055727,12.863243128372696,-8.860226512184573,0.6013121868236594,fading,93.63969244091167,38891,2000-2019,2020-2025,93.63969244091167
All AI,information cryptography,65988,55310,57.972593304529184,50.23058298717127,-7.7420103173579164,0.8675959132334526,fading,90.62808000860952,121298,2000-2019,2020-2025,90.62808000860952
All AI,study language,19022,8705,16.711442532562803,7.90557267950327,-8.805869853059534,0.48837119047985283,fading,90.08579226430751,27727,2000-2019,2020-2025,90.08579226430751
All AI,linguistic study,18853,8530,16.56297056389478,7.746643877790109,-8.81632668610467,0.48330645867959215,fading,90.08270619797572,27383,2000-2019,2020-2025,90.08270619797572
All AI,control management,25097,15128,22.04852661338075,13.738713784666912,-8.30981282871384,0.6314698085957142,fading,88.10286955124296,40225,2000-2019,2020-2025,88.10286955124296
All AI,parallel computing,26136,16331,22.96132173436344,14.831235775872246,-8.130085958491195,0.6534685449292833,fading,86.63831085517342,42467,2000-2019,2020-2025,86.63831085517342
All AI,data security,48225,38322,42.3672230119252,34.80268308143875,-7.564539930486447,0.8235355733591123,fading,85.99712765239515,86547,2000-2019,2020-2025,85.99712765239515
All AI,quantum entanglement,23508,13767,20.65253869495775,12.502701789629123,-8.149836905328629,0.6147111690536063,fading,85.7860387286498,37275,2000-2019,2020-2025,85.7860387286498
All AI,causal inference,25004,15296,21.966823103995388,13.891285434311548,-8.07553766968384,0.6405572059608318,fading,85.63406387935984,40300,2000-2019,2020-2025,85.63406387935984
All AI,word group,25025,15380,21.98527228353402,13.967571259133866,-8.017701024400154,0.6434243302327488,fading,85.04161859187698,40405,2000-2019,2020-2025,85.04161859187698
All AI,over field,17366,7577,15.256592946087983,6.881163031889291,-8.37542991419869,0.4684491791559464,fading,84.79610707052551,24943,2000-2019,2020-2025,84.79610707052551
All AI,algebra over,17325,7560,15.220573119369705,6.865724234008584,-8.354848885361122,0.4685404392116655,fading,84.56828735088509,24885,2000-2019,2020-2025,84.56828735088509
All AI,semantic computer,22017,12420,19.342646947715025,11.279404098728389,-8.063242848986636,0.5936407642471734,fading,84.23601980245047,34437,2000-2019,2020-2025,84.23601980245047
All AI,cryptography data,45218,35615,39.72547620846519,32.34428156008144,-7.381194648383747,0.8165044806397985,fading,83.40862846628767,80833,2000-2019,2020-2025,83.40862846628767
All AI,language acquisition,21540,12040,18.923587012480432,10.934301557865522,-7.98928545461491,0.5886812539063215,fading,83.26206173258753,33580,2000-2019,2020-2025,83.26206173258753
All AI,simple philosophy,18885,9370,16.591083599382216,8.509502126013285,-8.081581473368932,0.527146337657546,fading,82.82862233269337,28255,2000-2019,2020-2025,82.82862233269337
All AI,quantum information,67188,57334,59.02683213530804,52.06870809955664,-6.958124035751403,0.883109451886585,fading,81.63442091527241,124522,2000-2019,2020-2025,81.63442091527241
All AI,geologic mapping,34154,25029,30.005394188684154,22.73045130330699,-7.274942885377165,0.7615194597919415,fading,79.9400297911819,59183,2000-2019,2020-2025,79.9400297911819
All AI,geochemistry geologic,34151,25027,30.002758591607204,22.728634974144555,-7.274123617462649,0.761525712646065,fading,79.93041278169395,59178,2000-2019,2020-2025,79.93041278169395
All AI,library science,14363,5155,12.618360272063901,4.6815884161791335,-7.936771855884768,0.3949875067247195,fading,78.40850911605413,19518,2000-2019,2020-2025,78.40850911605413
All AI,scheme mathematic,21300,12339,18.71273924632466,11.205842767649724,-7.5068964786749355,0.6092750553458439,fading,78.24791860190874,33639,2000-2019,2020-2025,78.24791860190874
All AI,detection,112903,182729,99.18893892618746,165.9480057613961,66.75906683520864,1.669673762749536,rising,840.9555599013968,295632,2000-2019,2020-2025,840.9555599013968
All AI,neural network,144155,194164,126.64483220910476,176.3328677476247,49.68803553851994,1.3907987031419575,rising,632.6155208634702,338319,2000-2019,2020-2025,632.6155208634702
All AI,adversarial,10285,60414,9.035705312133762,54.86585500970828,45.83014969757451,5.80616254355697,rising,511.7486565950582,70699,2000-2019,2020-2025,511.7486565950582
All AI,adversarial robustness,7294,48382,6.408015026417468,43.9388187684925,37.53080374207504,6.432936031341944,rising,410.1111929554597,55676,2000-2019,2020-2025,410.1111929554597
All AI,robustness machine,7296,48362,6.409772091135433,43.92065547686814,37.51088338573271,6.428671581491889,rising,409.8813878218276,55658,2000-2019,2020-2025,409.8813878218276
All AI,language model,7633,45232,6.705837496112494,41.07810033765559,34.3722628415431,5.770058006454729,rising,373.8160838028916,52865,2000-2019,2020-2025,373.8160838028916
All AI,anomaly detection,24487,59686,21.5126218744015,54.20471119458153,32.69208932018003,2.485151996282537,rising,370.74926041827797,84173,2000-2019,2020-2025,370.74926041827797
All AI,natural language,158378,184571,139.14019795091113,167.62084491999977,28.48064696908864,1.203957366052293,rising,362.9955274155415,342949,2000-2019,2020-2025,362.9955274155415
All AI,language processing,157602,180168,138.4584568403408,163.62219626889663,25.16373942855583,1.1810882187434495,rising,320.33750888726723,337770,2000-2019,2020-2025,320.33750888726723
All AI,domain adaptation,11210,42364,9.848347744192463,38.47348431872218,28.625136574529716,3.766155262862544,rising,311.69446974518786,53574,2000-2019,2020-2025,311.69446974518786
All AI,few-shot learning,10350,40895,9.092809915467617,37.139390548912836,28.046580633445217,3.9237085776319214,rising,304.14813835293467,51245,2000-2019,2020-2025,304.14813835293467
All AI,graph neural,6371,37364,5.5971296590767325,33.932661412631845,28.335531753555113,5.647355942541308,rising,302.7914193072751,43735,2000-2019,2020-2025,302.7914193072751
All AI,adaptation few-shot,10339,40503,9.08314605951881,36.78339003307536,27.700243973556546,3.8905167260851945,rising,300.17363100130456,50842,2000-2019,2020-2025,300.17363100130456
All AI,explainable ai,3672,33897,3.2259708221832937,30.784054809548806,27.558083987365514,8.396215725387082,rising,290.29578577630184,37569,2000-2019,2020-2025,290.29578577630184
All AI,intelligence xai,3669,33645,3.2233352251063465,30.555197335081854,27.331862109975507,8.340693345492374,rising,287.7266305115003,37314,2000-2019,2020-2025,287.7266305115003
All AI,advanced graph,6926,35819,6.084715118311953,32.52954713464993,26.444832016337976,5.0160935653534136,rising,281.98206100786774,42745,2000-2019,2020-2025,281.98206100786774
All AI,privacy-preserving technology,27852,53607,24.468883262377204,48.6839787053569,24.215095442979695,1.9698109117866194,rising,273.82108789237304,81459,2000-2019,2020-2025,273.82108789237304
All AI,data classification,28238,50320,24.8079967529444,45.698841726893114,20.890844973948713,1.8254641873825204,rising,235.4733571295303,78558,2000-2019,2020-2025,235.4733571295303
All AI,federated,599,25428,0.5262408830304447,23.092808971213,22.566568088182557,22.989543060830375,rising,229.43267658417622,26027,2000-2019,2020-2025,229.43267658417622
All AI,service interaction,4072,26335,3.577383765776245,23.916514246377787,20.339130480601543,5.988279654056408,rising,209.9498813769206,30407,2000-2019,2020-2025,209.9498813769206
All AI,edcuational technology,14170,35103,12.448803526780303,31.879301294497793,19.43049776771749,2.5005631777122845,rising,209.9494786593273,49273,2000-2019,2020-2025,209.9494786593273
All AI,large language model,6,22635,0.0052711941538942705,20.55630529587094,20.551034101717043,41.67327474729869,rising,206.0767658989071,22641,2000-2019,2020-2025,206.0767658989071
All AI,sentiment analysi,19084,39113,16.765911538819708,35.52104126518224,18.755129726362533,2.086251929658886,rising,205.7738988791898,58197,2000-2019,2020-2025,205.7738988791898
All AI,multimodal machine,6760,28177,5.938878746720878,25.589353404981463,19.650474658260585,4.051847290689852,rising,205.57010675879377,34937,2000-2019,2020-2025,205.57010675879377
All AI,analysi opinion,18396,37375,16.161481275839833,33.942651223025244,17.78116994718541,2.0672022284698777,rising,194.33089053964653,55771,2000-2019,2020-2025,194.33089053964653
All AI,opinion mining,18418,37386,16.180808987737446,33.952641033418644,17.771832045681197,2.0654058840159246,rising,194.23934874992426,55804,2000-2019,2020-2025,194.23934874992426
All AI,federated learning,280,21370,0.24598906051506594,19.407477100630086,19.16148804011502,26.686017469056484,rising,191.28543543770581,21650,2000-2019,2020-2025,191.28543543770581
All AI,cancer detection,16181,34599,14.215532100693865,31.421586345563888,17.206054244870025,2.1692444504985806,rising,186.43237324665336,50780,2000-2019,2020-2025,186.43237324665336
All AI,feature linguistic,28074,45372,24.66391744607129,41.20524337902612,16.54132593295483,1.657343037641277,rising,185.3342980045391,73446,2000-2019,2020-2025,185.3342980045391
All AI,learning healthcare,5330,24725,4.682577473376077,22.4543692706167,17.77179179724062,4.429141559106028,rising,183.2417034200015,30055,2000-2019,2020-2025,183.2417034200015
All AI,artificial neural,81709,95637,71.78400052009115,86.85413605395225,15.070135533861091,1.2084850786540569,rising,182.1356016571849,177346,2000-2019,2020-2025,182.1356016571849
All AI,transformer,1454,21087,1.2773860499603782,19.150466524145372,17.873080474184995,11.055823536244938,rising,179.1443076597182,22541,2000-2019,2020-2025,179.1443076597182
All AI,intelligence healthcare,3594,22692,3.157445298182668,20.60807067700037,17.4506253788177,5.7712607998508325,rising,177.5920443730227,26286,2000-2019,2020-2025,177.5920443730227
All AI,recognition psychology,86348,98846,75.8595121334104,89.76843619508102,13.908924061670618,1.1821505097802334,rising,168.70362939448552,185194,2000-2019,2020-2025,168.70362939448552
All AI,convolutional neural,7578,25036,6.657518216368463,22.736808455375517,16.079290239007054,3.2464896005762824,rising,167.10446734372417,32614,2000-2019,2020-2025,167.10446734372417
All AI,pattern recognition,86839,99081,76.29087152167075,89.98185487166727,13.690983349996515,1.1782892038949297,rising,166.11375698869716,185920,2000-2019,2020-2025,166.11375698869716
All AI,robustness evolution,12281,28570,10.789255900662589,25.946262085400164,15.157006184737575,2.3426045363935795,rising,160.93271218444198,40851,2000-2019,2020-2025,160.93271218444198
All AI,reinforcement,20499,35970,18.009034826779775,32.66667998641386,14.657645159634086,1.7919183953572062,rising,160.37610860411695,56469,2000-2019,2020-2025,160.37610860411695
All AI,reinforcement learning,20403,35856,17.924695720317466,32.563149224155,14.638453503837532,1.7945017777251686,rising,160.11158498960546,56259,2000-2019,2020-2025,160.11158498960546
All AI,task project,41773,54555,36.69893223177089,49.544918728351625,12.845986496580736,1.3453321298725136,rising,147.41443526949723,96328,2000-2019,2020-2025,147.41443526949723
All AI,project management,42366,55020,37.219901920647445,49.967215258618026,12.747313337970581,1.3379466193943852,rising,146.42135193011163,97386,2000-2019,2020-2025,146.42135193011163
All AI,benchmark surveying,19335,33213,16.986423160924286,30.162870235995648,13.176447075071362,1.7535244317154504,rising,143.22140922626488,52548,2000-2019,2020-2025,143.22140922626488
All AI,advanced neural,3569,18529,3.1354819892081087,16.82738152538956,13.691899536181449,4.766185495300407,rising,136.96400936572724,22098,2000-2019,2020-2025,136.96400936572724
All AI,hate speech,7059,21024,6.201559922056609,19.093252155528635,12.891692233472025,2.9236852887104763,rising,132.0490272647957,28083,2000-2019,2020-2025,132.0490272647957
All AI,cyberbullying detection,7057,21010,6.199802857338645,19.08053785139158,12.880734994052935,2.9225543300791292,rising,131.92945225524258,28067,2000-2019,2020-2025,131.92945225524258
All AI,speech cyberbullying,7056,21005,6.198924324979662,19.07599702848549,12.877072703505828,2.9222597657191662,rising,131.88918868207048,28061,2000-2019,2020-2025,131.88918868207048
All AI,employee performance,4525,17668,3.975358924395262,16.045451820960803,12.07009289656554,3.697011144909796,rising,120.7923872105573,22193,2000-2019,2020-2025,120.7923872105573
All AI,organizational employee,4519,17640,3.970087730241368,16.020023212686695,12.049935482445328,3.695682100582548,rising,120.5721863318778,22159,2000-2019,2020-2025,120.5721863318778
All AI,quantum computing,49358,58560,43.362600174652236,53.182117876129986,9.81951770147775,1.2238699407326141,rising,113.79972830343237,107918,2000-2019,2020-2025,113.79972830343237
All AI,algorithm architecture,48968,58159,43.01997255464911,52.81794387906154,9.79797132441243,1.225137350721186,rising,113.47794499606172,107127,2000-2019,2020-2025,113.47794499606172
All AI,social media,10844,22396,9.526804900804912,20.33925396095982,10.812449060154908,2.0783543877758035,rising,112.57423867318803,33240,2000-2019,2020-2025,112.57423867318803
All AI,healthcare education,739,13622,0.6492354132879776,12.371017925352504,11.721782512064527,11.199635667794427,rising,112.20490060712746,14361,2000-2019,2020-2025,112.20490060712746
All AI,educational technology,6820,18613,5.991590688259821,16.903667350211876,10.912076661952055,2.6809557450513286,rising,110.69038308475633,25433,2000-2019,2020-2025,110.69038308475633
All AI,blockchain technology,6886,18294,6.049573823952658,16.61396284880331,10.564389024850653,2.612988769775414,rising,107.05788111800096,25180,2000-2019,2020-2025,107.05788111800096
All AI,generative grammar,4514,16186,3.9656950684464563,14.699551911595627,10.733856843149171,3.4036251196352527,rising,106.67239615770053,20700,2000-2019,2020-2025,106.67239615770053
All AI,technology pedagogy,3776,15484,3.317338187517461,14.062020375580545,10.744682188063084,3.8147053418525383,rising,106.00528958567139,19260,2000-2019,2020-2025,106.00528958567139
All AI,medical imaging,5125,16350,4.502478339784689,14.84849090291539,10.346012563130701,3.0681773833679413,rising,103.19828162256894,21475,2000-2019,2020-2025,103.19828162256894
All AI,big data,9646,20262,8.474323134744022,18.40123074464047,9.926907609896446,2.106145551129589,rising,102.305863235408,29908,2000-2019,2020-2025,102.305863235408
All AI,quantum computer,16751,25640,14.716295545313821,23.28533986243123,8.569044317117408,1.5631491772487571,rising,91.30072454286812,42391,2000-2019,2020-2025,91.30072454286812
All AI,key lock,32108,40029,28.207916982206207,36.352920021577994,8.145003039371787,1.2837197503538915,rising,91.11274259443789,72137,2000-2019,2020-2025,91.11274259443789
All AI,learning robotic,17613,26320,15.47359043875663,23.902891777659516,8.429301338902885,1.5277023579151572,rising,90.1129721253212,43933,2000-2019,2020-2025,90.1129721253212
All AI,learning medical,4172,14051,3.6652370016744826,12.760620530695055,9.095383529020573,3.1836412970892423,rising,89.23021177574107,18223,2000-2019,2020-2025,89.23021177574107
All AI,knowledge graph,1873,11984,1.6454911083739947,10.883444341317311,9.237953232943317,5.30575228062562,rising,88.09883073513373,13857,2000-2019,2020-2025,88.09883073513373
All AI,social psychology,10740,19745,9.435437535470744,17.931709656150726,8.496272120679983,1.8551482599882732,rising,87.72420370785818,30485,2000-2019,2020-2025,87.72420370785818
All AI,reservoir computing,10160,19123,8.925888767260965,17.36683128663309,8.440942519372125,1.8955062729670795,rising,86.81337667727585,29283,2000-2019,2020-2025,86.81337667727585
All AI,network reservoir,10138,19072,8.906561055363353,17.320514892990968,8.413953837627615,1.894477140806971,rising,86.51480284245808,29210,2000-2019,2020-2025,86.51480284245808
All AI,imbalanced data,12526,21224,11.004496328613271,19.274885071772246,8.270388743158975,1.718883165931339,rising,86.23340257550403,33750,2000-2019,2020-2025,86.23340257550403
All AI,radiomic machine,4120,13661,3.619553319007399,12.406436344020008,8.78688302501261,3.132969850024856,rising,85.98792754409997,17781,2000-2019,2020-2025,85.98792754409997
All AI,privacy,24021,31849,21.103225795115712,28.924133747214206,7.820907952098494,1.3620250061852675,rising,85.48878643798473,55870,2000-2019,2020-2025,85.48878643798473
All AI,advanced technology,1413,10735,1.2413662232421008,9.749146779375945,8.507780556133843,5.885692878717916,rising,80.01569434436115,12148,2000-2019,2020-2025,80.01569434436115
All AI,leverage statistic,3646,12365,3.2031289808497516,11.229455046761394,8.026326065911643,3.167444371346162,rising,77.7036148722722,16011,2000-2019,2020-2025,77.7036148722722
All AI,internal medicine,7325,15598,6.4352495295459216,14.165551137839405,7.730301608293483,2.1146392895252633,rising,77.61176182201393,22923,2000-2019,2020-2025,77.61176182201393
All AI,science engineering,8321,16341,7.310267759092371,14.840317421684427,7.530049662592056,1.9641218322926128,rising,76.15183970211103,24662,2000-2019,2020-2025,76.15183970211103
All AI,attention,2083,10835,1.8299829037602942,9.839963237497752,8.009980333737458,4.4377850244353185,rising,75.82611337365493,12918,2000-2019,2020-2025,75.82611337365493
All AI,covid-19 diagnosi,1352,10013,1.1877757493441756,9.093451951736501,7.905676202392326,5.684079745466339,rising,73.82622214734089,11365,2000-2019,2020-2025,73.82622214734089
All AI,social impact,1106,9614,0.9716567890345105,8.731094283830492,7.759437494795982,6.272586347993956,rising,72.0072673538923,10720,2000-2019,2020-2025,72.0072673538923
All AI,ethic social,1049,9519,0.921580444572515,8.644818648614777,7.723238204042262,6.432853436841365,rising,71.56105736925473,10568,2000-2019,2020-2025,71.56105736925473
All AI,technology variou,1267,9624,1.1131004988306734,8.740175929642673,7.627075430811999,5.7282084633541555,rising,70.89964464140843,10891,2000-2019,2020-2025,70.89964464140843
All AI,deep neural,4597,12368,4.0386132542419935,11.232179540505049,7.193566286263056,2.5849700962159803,rising,70.0579019433182,16965,2000-2019,2020-2025,70.0579019433182
All AI,variou field,1637,9813,1.4381574716541534,8.911819035492888,7.473661563838735,4.8560651924016325,rising,69.84758795210185,11450,2000-2019,2020-2025,69.84758795210185
Applied / Interdisciplinary AI,engineering methodology,26377,3720,202.02043410995205,22.20988339811216,-179.81055071183988,0.11213625675808374,fading,1854.2448790001108,30097,2000-2019,2020-2025,1854.2448790001108
Applied / Interdisciplinary AI,advanced computational,23390,7589,179.1431153592819,45.309356211901395,-133.8337591473805,0.25500201396687977,fading,1383.9879004708475,30979,2000-2019,2020-2025,1383.9879004708475
Applied / Interdisciplinary AI,programming language,20701,6496,158.54816721045296,38.783710364015214,-119.76445684643775,0.2469925372483853,fading,1222.9027391350153,27197,2000-2019,2020-2025,1222.9027391350153
Applied / Interdisciplinary AI,geochemistry geologic,33707,24685,258.160623745845,147.37929346301038,-110.7813302828346,0.5717116556879325,fading,1215.8197046502778,58392,2000-2019,2020-2025,1215.8197046502778
Applied / Interdisciplinary AI,geologic mapping,33707,24685,258.160623745845,147.37929346301038,-110.7813302828346,0.5717116556879325,fading,1215.8197046502778,58392,2000-2019,2020-2025,1215.8197046502778
Applied / Interdisciplinary AI,web service,14203,1351,108.78023375151264,8.066008728722991,-100.71422502278965,0.07838571015688756,fading,972.1075389943226,15554,2000-2019,2020-2025,972.1075389943226
Applied / Interdisciplinary AI,architecture web,13639,1194,104.46057932386685,7.128656122942451,-97.33192320092441,0.07268115488771679,fading,934.841696037039,14833,2000-2019,2020-2025,934.841696037039
Applied / Interdisciplinary AI,software development,9150,1637,70.07950002297689,9.773542774921937,-60.30595724805495,0.14555986896446454,fading,560.0125580962896,10787,2000-2019,2020-2025,560.0125580962896
Applied / Interdisciplinary AI,performance reliability,7710,2113,59.050595101328064,12.615452586078224,-46.43514251524984,0.22024049572908014,fading,426.8589318890724,9823,2000-2019,2020-2025,426.8589318890724
Applied / Interdisciplinary AI,remote sensing,11696,8149,89.5792166413921,48.65277951914408,-40.92643712224801,0.5456617114558476,fading,404.9981075154859,19845,2000-2019,2020-2025,404.9981075154859
Applied / Interdisciplinary AI,distributed computing,6140,1232,47.02602515203039,7.355531275933919,-39.67049387609647,0.1652890442826843,fading,353.28875518651586,7372,2000-2019,2020-2025,353.28875518651586
Applied / Interdisciplinary AI,environmental science,15034,13739,115.14483096671415,82.02730860394166,-33.11752236277249,0.7136273010567619,fading,340.0251356923427,28773,2000-2019,2020-2025,340.0251356923427
Applied / Interdisciplinary AI,model-driven software,5266,701,40.33209258152965,4.185249532816297,-36.14684304871335,0.11474429147762229,fading,314.2666951169471,5967,2000-2019,2020-2025,314.2666951169471
Applied / Interdisciplinary AI,component thermodynamic,4445,925,34.04408498383959,5.5226188557133735,-28.521466128126214,0.17434587885395936,fading,244.96429523647583,5370,2000-2019,2020-2025,244.96429523647583
Applied / Interdisciplinary AI,geochemical analysi,7778,5687,59.571404500405926,33.95365776480211,-25.617746735603816,0.5735450677629702,fading,243.571570289492,13465,2000-2019,2020-2025,243.571570289492
Applied / Interdisciplinary AI,geological geochemical,7752,5656,59.37227149487615,33.768575403151175,-25.603696091724977,0.5723613710911881,fading,243.32937037654665,13408,2000-2019,2020-2025,243.32937037654665
Applied / Interdisciplinary AI,software architecture,3773,355,28.89726268707014,2.1194915608413485,-26.777771126228792,0.08910664876269195,fading,222.94611314710176,4128,2000-2019,2020-2025,222.94611314710176
Applied / Interdisciplinary AI,software construction,3650,389,27.955210391679305,2.3224851187810835,-25.63272527289822,0.0991904498308126,fading,212.85414992164934,4039,2000-2019,2020-2025,212.85414992164934
Applied / Interdisciplinary AI,process computing,8002,6646,61.28701193266241,39.67927017845522,-21.60774175420719,0.650286669021055,fading,207.26421071125193,14648,2000-2019,2020-2025,207.26421071125193
Applied / Interdisciplinary AI,technique practice,3574,550,27.373129298592282,3.283719319613357,-24.089409978978924,0.13574791976459033,fading,200.540033267777,4124,2000-2019,2020-2025,200.540033267777
Applied / Interdisciplinary AI,product line,3489,570,26.722117549744958,3.4031272948720246,-23.318990254872933,0.14338073765714793,fading,193.75605014062188,4059,2000-2019,2020-2025,193.75605014062188
Applied / Interdisciplinary AI,component-based software,3074,182,23.543648423019775,1.0866125748538744,-22.4570358481659,0.06598884441076863,fading,181.6451224211939,3256,2000-2019,2020-2025,181.6451224211939
Applied / Interdisciplinary AI,software product,3158,496,24.187001210115955,2.9613177864149547,-21.225683423701,0.14020811020970078,fading,174.13235208107005,3654,2000-2019,2020-2025,174.13235208107005
Applied / Interdisciplinary AI,modeling analysi,3668,1575,28.093071703199914,9.403378051620068,-18.689693651579844,0.34635586391061857,fading,160.07423287571893,5243,2000-2019,2020-2025,160.07423287571893
Applied / Interdisciplinary AI,earth science,4477,2776,34.28917175987623,16.573826965903052,-17.71534479397318,0.49077992094065864,fading,157.47716186595045,7253,2000-2019,2020-2025,157.47716186595045
Applied / Interdisciplinary AI,product mathematic,3240,1283,24.815036073709848,7.660021612843522,-17.155014460866326,0.32233892889127114,fading,144.39636148709133,4523,2000-2019,2020-2025,144.39636148709133
Applied / Interdisciplinary AI,modeling language,2736,576,20.95491935113276,3.438949687449625,-17.515969663683133,0.18359191302397784,fading,141.97760839634975,3312,2000-2019,2020-2025,141.97760839634975
Applied / Interdisciplinary AI,world wide,9516,9892,72.88268002389596,59.059184562936956,-13.823495460959002,0.8116245487837512,fading,136.48617398846687,19408,2000-2019,2020-2025,136.48617398846687
Applied / Interdisciplinary AI,wide web,9515,9892,72.87502106214481,59.059184562936956,-13.815836499207855,0.8117092670064576,fading,136.4098414450714,19407,2000-2019,2020-2025,136.4098414450714
Applied / Interdisciplinary AI,unified modeling,2413,519,18.48107470551292,3.0986369579624222,-15.382437747550497,0.1895907905002462,fading,122.8100152836178,2932,2000-2019,2020-2025,122.8100152836178
Applied / Interdisciplinary AI,mining engineering,4134,3008,31.66214787923349,17.958959478903594,-13.703188400329896,0.5739342890970975,fading,121.60056095948072,7142,2000-2019,2020-2025,121.60056095948072
Applied / Interdisciplinary AI,hydrocarbon exploration,4547,3657,34.82529908245638,21.833748276047356,-12.991550806409027,0.6322309748578738,fading,117.08633869699526,8204,2000-2019,2020-2025,117.08633869699526
Applied / Interdisciplinary AI,data type,5626,5131,43.08931881194185,30.634116052611155,-12.455202759330696,0.7142602110148499,fading,115.62669085996015,10757,2000-2019,2020-2025,115.62669085996015
Applied / Interdisciplinary AI,exploration reservoir,4505,3646,34.503622688908294,21.76807388965509,-12.735548799253205,0.6361648360674177,fading,114.69658904765237,8151,2000-2019,2020-2025,114.69658904765237
Applied / Interdisciplinary AI,solar thermal,3848,2763,29.47168481840602,16.49621178198492,-12.9754730364211,0.5670756210390719,fading,114.1405840615518,6611,2000-2019,2020-2025,114.1405840615518
Applied / Interdisciplinary AI,thermal photovoltaic,3828,2737,29.318505583383118,16.34098141414865,-12.977524169234467,0.5647828784395413,fading,114.06802636194939,6565,2000-2019,2020-2025,114.06802636194939
Applied / Interdisciplinary AI,reservoir analysi,4513,3673,34.56489438291745,21.92927465625429,-12.635619726663162,0.6396504267579128,fading,113.85075992136555,8186,2000-2019,2020-2025,113.85075992136555
Applied / Interdisciplinary AI,abstract data,5564,5087,42.61446318337086,30.371418507042087,-12.243044676328772,0.716033929861131,fading,113.53591088537732,10651,2000-2019,2020-2025,113.53591088537732
Applied / Interdisciplinary AI,set abstract,5487,5043,42.0247231285327,30.10872096147302,-11.91600216705968,0.7197864844165338,fading,110.36694828038421,10530,2000-2019,2020-2025,110.36694828038421
Applied / Interdisciplinary AI,geographic information,2563,1096,19.629918968184672,6.543557044174981,-13.08636192400969,0.3499048881074643,fading,107.37645799336363,3659,2000-2019,2020-2025,107.37645799336363
Applied / Interdisciplinary AI,aspect-oriented programming,1810,61,13.862720769572476,0.36419432453893597,-13.49852644503354,0.06016926308069274,fading,101.70819298307238,1871,2000-2019,2020-2025,101.70819298307238
Applied / Interdisciplinary AI,data management,2267,848,17.362866289845748,5.062898150967503,-12.299968138878246,0.3114224817396615,fading,98.94470020539084,3115,2000-2019,2020-2025,98.94470020539084
Applied / Interdisciplinary AI,soil geostatistic,3197,2207,24.485700718410612,13.176670069793962,-11.30903064861665,0.5473798883581585,fading,97.20202009470277,5404,2000-2019,2020-2025,97.20202009470277
Applied / Interdisciplinary AI,geostatistic mapping,3197,2207,24.485700718410612,13.176670069793962,-11.30903064861665,0.5473798883581585,fading,97.20202009470277,5404,2000-2019,2020-2025,97.20202009470277
Applied / Interdisciplinary AI,business process,1891,349,14.483096671415224,2.0836691682637483,-12.399427503151475,0.17243893067798705,fading,95.65758404659036,2240,2000-2019,2020-2025,95.65758404659036
Applied / Interdisciplinary AI,reference architecture,1728,143,13.234685905978585,0.8537670230994728,-12.380918882879113,0.09856556111779669,fading,93.28728525852844,1871,2000-2019,2020-2025,93.28728525852844
Applied / Interdisciplinary AI,atmospheric science,2634,1558,20.17370525251597,9.301881272650201,-10.871823979865768,0.4741231024108425,fading,90.68375102106994,4192,2000-2019,2020-2025,90.68375102106994
Applied / Interdisciplinary AI,fuzzy logic,2455,1361,18.802751099061012,8.125712716352325,-10.677038382708687,0.44686442217927813,fading,88.05588505380558,3816,2000-2019,2020-2025,88.05588505380558
Applied / Interdisciplinary AI,software design,1625,142,12.445812845610648,0.8477966243365395,-11.59801622127411,0.10411062174388823,fading,86.72537530887375,1767,2000-2019,2020-2025,86.72537530887375
Applied / Interdisciplinary AI,software reliability,1758,363,13.464454758512936,2.1672547509448155,-11.29720000756812,0.19100314312800634,fading,86.53784354454437,2121,2000-2019,2020-2025,86.53784354454437
Applied / Interdisciplinary AI,system scheduling,1678,235,12.851737818421334,1.4030437092893435,-11.44869410913199,0.14253153673102556,fading,86.5172154968057,1913,2000-2019,2020-2025,86.5172154968057
Applied / Interdisciplinary AI,reliability analysi,1731,378,13.25766279123202,2.2568107323888165,-11.000852058843204,0.20038365340265327,fading,84.20539752721216,2109,2000-2019,2020-2025,84.20539752721216
Applied / Interdisciplinary AI,analysi research,1731,380,13.25766279123202,2.268751529914683,-10.988911261317337,0.20125159134437087,fading,84.12440846671349,2111,2000-2019,2020-2025,84.12440846671349
Applied / Interdisciplinary AI,process management,2193,1075,16.796103120261016,6.418178670153379,-10.377924450107637,0.39998481866411173,fading,83.9806491951677,3268,2000-2019,2020-2025,83.9806491951677
Applied / Interdisciplinary AI,library science,2248,1167,17.217346016573995,6.96745535634325,-10.249890660230744,0.4214770851885881,fading,83.39542232478692,3415,2000-2019,2020-2025,83.39542232478692
Applied / Interdisciplinary AI,soil science,4047,3649,30.995818206883875,21.78598508594389,-9.209833120939987,0.7075855257849106,fading,82.41498300572403,7696,2000-2019,2020-2025,82.41498300572403
Applied / Interdisciplinary AI,method verification,1580,228,12.101159566809123,1.3612509179488097,-10.739908648860313,0.14770473368587914,fading,80.55500149122872,1808,2000-2019,2020-2025,80.55500149122872
Applied / Interdisciplinary AI,geological modeling,2256,1302,17.278617710583152,7.773459189339256,-9.505158521243896,0.46536009289486435,fading,77.72591385222007,3558,2000-2019,2020-2025,77.72591385222007
Applied / Interdisciplinary AI,reliability engineering,2356,1455,18.044513885697654,8.686930200068062,-9.357583685629592,0.4953988148027664,fading,77.16178600923196,3811,2000-2019,2020-2025,77.16178600923196
Applied / Interdisciplinary AI,advanced decision-making,1823,697,13.962287272337361,4.161367937764563,-9.800919334572798,0.32231194485263487,fading,76.76482769259533,2520,2000-2019,2020-2025,76.76482769259533
Applied / Interdisciplinary AI,object-oriented programming,1479,190,11.327604429943477,1.1343757649573416,-10.193228664986135,0.1381831608114706,fading,75.6396576094248,1669,2000-2019,2020-2025,75.6396576094248
Applied / Interdisciplinary AI,process modeling,1515,249,11.603327052984698,1.4866292919704107,-10.116697761014287,0.16413910681530375,fading,75.63148118185248,1764,2000-2019,2020-2025,75.63148118185248
Applied / Interdisciplinary AI,fault tolerance,1440,211,11.028904921648822,1.2597541389789424,-9.769150782669879,0.15263844666413198,fading,72.38688641009149,1651,2000-2019,2020-2025,72.38688641009149
Applied / Interdisciplinary AI,logic programming,1327,87,10.163442243769435,0.5194246923752037,-9.644017551394231,0.09559996378944571,fading,69.96623644172925,1414,2000-2019,2020-2025,69.96623644172925
Applied / Interdisciplinary AI,theoretical computer,3867,3672,29.61720509167777,21.923304257491356,-7.693900834186415,0.7445346999907221,fading,68.69097323480081,7539,2000-2019,2020-2025,68.69097323480081
Applied / Interdisciplinary AI,analysi engineering,1737,773,13.30361656173889,4.6151182437475,-8.688498317991389,0.37056362880476384,fading,68.01735613904332,2510,2000-2019,2020-2025,68.01735613904332
Applied / Interdisciplinary AI,risk analysi,1754,806,13.433818911508355,4.8121414029243015,-8.621677508584053,0.38124088138800527,fading,67.66424494721097,2560,2000-2019,2020-2025,67.66424494721097
Applied / Interdisciplinary AI,programming type,1273,78,9.749858309207603,0.46569110350880333,-9.2841672056988,0.09421506857722203,fading,66.9327203850769,1351,2000-2019,2020-2025,66.9327203850769
Applied / Interdisciplinary AI,material science,5344,5653,40.92949159811896,33.750664206862375,-7.178827391256583,0.8267218082014184,fading,66.80235371456729,10997,2000-2019,2020-2025,66.80235371456729
Applied / Interdisciplinary AI,technology control,1345,254,10.301303555290044,1.5164812857850776,-8.784822269504966,0.18668869692098286,fading,64.81230075603887,1599,2000-2019,2020-2025,64.81230075603887
Applied / Interdisciplinary AI,industrial technology,1343,256,10.285985631787755,1.5284220833109443,-8.75756354847681,0.18806089239845739,fading,64.61119248414649,1599,2000-2019,2020-2025,64.61119248414649
Applied / Interdisciplinary AI,system fault,1309,214,10.025580932248824,1.2776653352677425,-8.74791559698108,0.16888999730373444,fading,64.11429340704791,1523,2000-2019,2020-2025,64.11429340704791
Applied / Interdisciplinary AI,architecture description,1229,81,9.412863992157224,0.4836022997976035,-8.92926169235962,0.09922483558493304,fading,64.09911119503236,1310,2000-2019,2020-2025,64.09911119503236
Applied / Interdisciplinary AI,requirement analysi,1249,132,9.566043227180124,0.7880926367072056,-8.77795059047292,0.127964147146629,fading,63.47588002951674,1381,2000-2019,2020-2025,63.47588002951674
Applied / Interdisciplinary AI,structural basin,2254,1639,17.263299787080864,9.785483572447804,-7.4778162146330605,0.5790300054457433,fading,61.820543777451135,3893,2000-2019,2020-2025,61.820543777451135
Applied / Interdisciplinary AI,environmental chemistry,2563,2148,19.629918968184672,12.824416542780892,-6.80550242540378,0.6619210223270211,fading,57.56003931848735,4711,2000-2019,2020-2025,57.56003931848735
Applied / Interdisciplinary AI,requirement engineering,1142,119,8.746534319807607,0.7104774527890718,-8.036056867018535,0.13091147568619615,fading,57.38108671063646,1261,2000-2019,2020-2025,57.38108671063646
Applied / Interdisciplinary AI,geotechnical engineering,2047,1461,15.677894704593845,8.722752592645662,-6.955142111948183,0.5700836085938169,fading,56.775425814289285,3508,2000-2019,2020-2025,56.775425814289285
Applied / Interdisciplinary AI,data science,4771,5113,36.540906514712866,30.526648874878354,-6.014257639834511,0.8376320072661934,fading,55.32379521646972,9884,2000-2019,2020-2025,55.32379521646972
Applied / Interdisciplinary AI,manufacturing engineering,1212,296,9.282661642387758,1.7672380338282794,-7.5154236085594786,0.2317608557577476,fading,55.00690695445048,1508,2000-2019,2020-2025,55.00690695445048
Applied / Interdisciplinary AI,detection,17764,42187,136.05379654734006,251.87321261187034,115.81941606453029,1.8481596190874001,rising,1274.164086477093,59951,2000-2019,2020-2025,1274.164086477093
Applied / Interdisciplinary AI,domain adaptation,5835,27097,44.69004181793116,161.7798952792057,117.08985346127454,3.591054328584709,rising,1217.995641819444,32932,2000-2019,2020-2025,1217.995641819444
Applied / Interdisciplinary AI,anomaly detection,15515,38557,118.82879156901491,230.2006651024222,111.37187353340728,1.9333193780730975,rising,1213.740730690123,54072,2000-2019,2020-2025,1213.740730690123
Applied / Interdisciplinary AI,few-shot learning,5827,27000,44.628770123922,161.20076659920116,116.57199647527915,3.5830971275125956,rising,1212.236514856016,32827,2000-2019,2020-2025,1212.236514856016
Applied / Interdisciplinary AI,adaptation few-shot,5825,26958,44.61345220041971,160.95000985115797,116.33655765073826,3.578755381740791,rising,1209.6321450707862,32783,2000-2019,2020-2025,1209.6321450707862
Applied / Interdisciplinary AI,service interaction,2552,22806,19.545670388922076,136.1609141874586,116.61524379853651,6.817477866092325,rising,1182.5822402231397,25358,2000-2019,2020-2025,1182.5822402231397
Applied / Interdisciplinary AI,edcuational technology,12198,30938,93.42401544046689,184.7121969276328,91.2881814871659,1.9719365282570176,rising,974.2399223933384,43136,2000-2019,2020-2025,974.2399223933384
Applied / Interdisciplinary AI,recognition psychology,11226,26499,85.97950461835394,158.20959681897153,72.23009220061759,1.8352278672198576,rising,761.1682806668865,37725,2000-2019,2020-2025,761.1682806668865
Applied / Interdisciplinary AI,pattern recognition,11357,26574,86.98282860775393,158.65737672619153,71.6745481184376,1.8192984755877546,rising,755.7042077605985,37931,2000-2019,2020-2025,755.7042077605985
Applied / Interdisciplinary AI,neural network,7150,20785,54.76157652068686,124.09473828757022,69.33316176688336,2.2546359719022653,rising,709.8101313580453,27935,2000-2019,2020-2025,709.8101313580453
Applied / Interdisciplinary AI,multimodal machine,1944,9637,14.88902164422591,57.536732878388946,42.64771123416304,3.7713075086982424,rising,399.06348119132576,11581,2000-2019,2020-2025,399.06348119132576
Applied / Interdisciplinary AI,anomaly physic,2158,9361,16.52803945897094,55.888902819819336,39.3608633608484,3.3115323085601482,rising,368.0964938245351,11519,2000-2019,2020-2025,368.0964938245351
Applied / Interdisciplinary AI,advanced neural,1135,6808,8.692921587549591,40.646474778050425,31.953553190500834,4.4758866249633895,rising,286.9484102354912,7943,2000-2019,2020-2025,286.9484102354912
Applied / Interdisciplinary AI,artificial neural,5359,11801,41.04437602438613,70.45667580137678,29.412299776990643,1.7079730782266633,rising,286.7815302839492,17160,2000-2019,2020-2025,286.7815302839492
Applied / Interdisciplinary AI,intrusion detection,3300,9308,25.27457377877855,55.57247168538387,30.297897906605318,2.175495593706036,rising,286.0777852322587,12608,2000-2019,2020-2025,286.0777852322587
Applied / Interdisciplinary AI,security intrusion,3175,9077,24.31720355988542,54.19330957114626,29.876106011260838,2.2038465953332724,rising,281.23950322384275,12252,2000-2019,2020-2025,281.23950322384275
Applied / Interdisciplinary AI,network security,3266,9143,25.01416907923962,54.58735588949986,29.573186810260243,2.159088768221865,rising,278.7644851536561,12409,2000-2019,2020-2025,278.7644851536561
Applied / Interdisciplinary AI,adversarial,1147,6523,8.784829128563333,38.944911130614415,30.160082002051084,4.248318475702292,rising,269.7880338059454,7670,2000-2019,2020-2025,269.7880338059454
Applied / Interdisciplinary AI,blockchain technology,3178,8265,24.340180445138856,49.345345775644354,25.0051653305055,2.006641855349281,rising,233.6787925086087,11443,2000-2019,2020-2025,233.6787925086087
Applied / Interdisciplinary AI,feature linguistic,4125,9385,31.593217223473186,56.03219239012974,24.43897516665655,1.7614996962280778,rising,232.44543344010145,13510,2000-2019,2020-2025,232.44543344010145
Applied / Interdisciplinary AI,multimedia learning,2908,7407,22.2722607723297,44.22274363704752,21.95048286471782,1.9639132049370165,rising,202.85431987648371,10315,2000-2019,2020-2025,202.85431987648371
Applied / Interdisciplinary AI,education learning,3134,7665,24.003186128088476,45.76310651788433,21.759920389795855,1.8880445292317327,rising,202.09093938536245,10799,2000-2019,2020-2025,202.09093938536245
Applied / Interdisciplinary AI,covid-19 diagnosi,694,4813,5.31531945529464,28.73552924599834,23.4202097907037,5.027329877704386,rising,201.74067678572422,5507,2000-2019,2020-2025,201.74067678572422
Applied / Interdisciplinary AI,decision support,5063,9938,38.77732334604721,59.33382290603189,20.55649955998468,1.5233681373568813,rising,197.67004180415196,15001,2000-2019,2020-2025,197.67004180415196
Applied / Interdisciplinary AI,technology education,3123,7502,23.91893754882588,44.78993151952619,20.87099397070031,1.8547052437874734,rising,193.49621872443046,10625,2000-2019,2020-2025,193.49621872443046
Applied / Interdisciplinary AI,task project,2854,7124,21.858676837767874,42.53312078713737,20.674443949369497,1.924672068002101,rising,190.3752037916713,9978,2000-2019,2020-2025,190.3752037916713
Applied / Interdisciplinary AI,project management,3053,7216,23.38281022624573,43.08239747332724,19.69958724708151,1.8248437709157392,rising,181.9647387761717,10269,2000-2019,2020-2025,181.9647387761717
Applied / Interdisciplinary AI,data mining,19430,27722,148.81362682474764,165.51139450603907,16.697767681291424,1.1118301660496797,rising,179.68723132013125,47152,2000-2019,2020-2025,179.68723132013125
Applied / Interdisciplinary AI,intelligence healthcare,221,3589,1.6926305470030483,21.427761160167886,19.735130613164838,10.000663901239264,rising,162.7289185787835,3810,2000-2019,2020-2025,162.7289185787835
Applied / Interdisciplinary AI,natural language,2549,6157,19.52269350366864,36.7597451833808,17.23705167971216,1.8608757696138092,rising,156.37250884354927,8706,2000-2019,2020-2025,156.37250884354927
Applied / Interdisciplinary AI,benchmark surveying,1191,4551,9.121823445613712,27.171284770109796,18.049461324496086,2.8758878113404034,rising,156.23139023210987,5742,2000-2019,2020-2025,156.23139023210987
Applied / Interdisciplinary AI,computer vision,3718,7369,28.476019790757164,43.99586848405605,15.519848693298883,1.5356100943252888,rising,144.54595334366448,11087,2000-2019,2020-2025,144.54595334366448
Applied / Interdisciplinary AI,healthcare education,43,2992,0.32933535529923563,17.86343309869666,17.534097743397425,22.14234926964,rising,140.59358822823728,3035,2000-2019,2020-2025,140.59358822823728
Applied / Interdisciplinary AI,social media,266,3200,2.037283825804574,19.105276041386805,17.06799221558223,7.726875425602007,rising,139.12197168181288,3466,2000-2019,2020-2025,139.12197168181288
Applied / Interdisciplinary AI,domain mathematical,4841,8612,37.077033837293015,51.417074146382234,14.340040309089218,1.381617143364242,rising,136.33121835110737,13453,2000-2019,2020-2025,136.33121835110737
Applied / Interdisciplinary AI,digital marketing,147,2994,1.1258673774183172,17.875373896222527,16.74950651880421,11.301889779841957,rising,134.8773244011707,3141,2000-2019,2020-2025,134.8773244011707
Applied / Interdisciplinary AI,data classification,2163,5269,16.566334267726667,31.45803108189596,14.891696814169293,1.8725773549584268,rising,132.73989190687084,7432,2000-2019,2020-2025,132.73989190687084
Applied / Interdisciplinary AI,power forecasting,1878,4893,14.383530168650339,29.21316114703301,14.82963097838267,1.9963786017391763,rising,130.80552737817234,6771,2000-2019,2020-2025,130.80552737817234
Applied / Interdisciplinary AI,convolutional neural,1033,3897,7.9117074889328,23.266643979151368,15.354936490218568,2.82542444687014,rising,130.56758671643206,4930,2000-2019,2020-2025,130.56758671643206
Applied / Interdisciplinary AI,language processing,2436,5539,18.657230825789256,33.07003874788797,14.412807922098715,1.7523429692508767,rising,129.48743812288748,7975,2000-2019,2020-2025,129.48743812288748
Applied / Interdisciplinary AI,computer interaction,3845,7251,29.448707933152583,43.29136143002991,13.842653496877325,1.462212043597173,rising,128.93642812526048,11096,2000-2019,2020-2025,128.93642812526048
Applied / Interdisciplinary AI,energy load,1840,4808,14.092489622106827,28.705677252183673,14.613187630076846,2.001418401417854,rising,128.62851794172178,6648,2000-2019,2020-2025,128.62851794172178
Applied / Interdisciplinary AI,load power,1843,4811,14.115466507360262,28.723588448472473,14.608121941112211,1.9994974798618743,rising,128.5971049226518,6654,2000-2019,2020-2025,128.5971049226518
Applied / Interdisciplinary AI,human computer,3863,7261,29.586569244673193,43.35106541765924,13.76449617298605,1.4574963685971953,rising,128.2431240921775,11124,2000-2019,2020-2025,128.2431240921775
Applied / Interdisciplinary AI,mining machine,1758,4669,13.464454758512936,27.875791824135934,14.411337065622998,2.0320014146515555,rising,126.36463780526292,6427,2000-2019,2020-2025,126.36463780526292
Applied / Interdisciplinary AI,adversarial robustness,542,3257,4.151157269120598,19.445588770874007,15.294431501753408,4.288306676554317,rising,126.0682723151733,3799,2000-2019,2020-2025,126.0682723151733
Applied / Interdisciplinary AI,robustness machine,542,3255,4.151157269120598,19.43364797334814,15.282490704227541,4.285739402038544,rising,125.9618016970025,3797,2000-2019,2020-2025,125.9618016970025
Applied / Interdisciplinary AI,retrieval data,1634,4501,12.514743501370955,26.872764831963128,14.358021330592173,2.1032120094475713,rising,125.22963319336658,6135,2000-2019,2020-2025,125.22963319336658
Applied / Interdisciplinary AI,marketing social,90,2649,0.6893065576030514,15.815586323010514,15.126279765407462,13.718570892178734,rising,119.73529239658245,2739,2000-2019,2020-2025,119.73529239658245
Applied / Interdisciplinary AI,learning elm,1137,3796,8.708239511051882,22.663633704095098,13.955394193043215,2.5155333629510523,rising,118.67535060118948,4933,2000-2019,2020-2025,118.67535060118948
Applied / Interdisciplinary AI,generative grammar,396,2947,3.032948853453426,17.59476515436466,14.561816300911232,5.121717269322251,rising,118.1680176464115,3343,2000-2019,2020-2025,118.1680176464115
Applied / Interdisciplinary AI,time sery,3620,6765,27.725441539144953,40.38974763124429,12.664306092099338,1.448684073711854,rising,117.12221321030145,10385,2000-2019,2020-2025,117.12221321030145
Applied / Interdisciplinary AI,class philosophy,2331,5186,17.853039841919028,30.96248798457249,13.109448142653463,1.714293013885961,rising,117.0025512528632,7517,2000-2019,2020-2025,117.0025512528632
Applied / Interdisciplinary AI,robot interaction,734,3281,5.621677925340441,19.588878341184408,13.967200415843967,3.281596742949723,rising,115.90041094339949,4015,2000-2019,2020-2025,115.90041094339949
Applied / Interdisciplinary AI,social robot,709,3250,5.430203881561815,19.403795979533474,13.973592097971657,3.3563426109881886,rising,115.75722721744992,3959,2000-2019,2020-2025,115.75722721744992
Applied / Interdisciplinary AI,interaction hri,693,3178,5.307660493543495,18.97392726860227,13.666266775058777,3.3531449178635473,rising,112.90422441298999,3871,2000-2019,2020-2025,112.90422441298999
Applied / Interdisciplinary AI,image mathematic,2913,5763,22.310555581085428,34.407408070785046,12.096852489699618,1.5303181874154068,rising,109.69947364172448,8676,2000-2019,2020-2025,109.69947364172448
Applied / Interdisciplinary AI,mathematical analysi,5891,9430,45.11894367599528,56.30086033446174,11.181916658466456,1.2451156418238238,rising,107.76063383465667,15321,2000-2019,2020-2025,107.76063383465667
Applied / Interdisciplinary AI,mathematic education,855,3248,6.548412297228988,19.391855182007607,12.843442884778618,2.822175313130858,rising,106.85381507551537,4103,2000-2019,2020-2025,106.85381507551537
Applied / Interdisciplinary AI,method media,1458,3792,11.166766233169431,22.639752109043364,11.472985875873933,1.983390396839823,rising,98.2795911741483,5250,2000-2019,2020-2025,98.2795911741483
Applied / Interdisciplinary AI,social psychology,557,2704,4.266041695387774,16.14395825497185,11.877916559584076,3.4921973660194063,rising,96.09348267166642,3261,2000-2019,2020-2025,96.09348267166642
Applied / Interdisciplinary AI,transformer,175,2265,1.3403183064503776,13.522953198044098,12.18263489159372,7.619852038037754,rising,95.02653878149007,2440,2000-2019,2020-2025,95.02653878149007
Applied / Interdisciplinary AI,robustness evolution,860,3011,6.586707105984713,17.976870675192394,11.390163569207681,2.6072575596624707,rising,94.10013757857118,3871,2000-2019,2020-2025,94.10013757857118
Applied / Interdisciplinary AI,shot pellet,277,2348,2.121532405067169,14.018496295367568,11.896963890300398,5.538171592807595,rising,93.66737900219928,2625,2000-2019,2020-2025,93.66737900219928
Applied / Interdisciplinary AI,action recognition,1432,3615,10.967633227639661,21.582991528004154,10.615358300364493,1.9256799628696715,rising,90.51447883250931,5047,2000-2019,2020-2025,90.51447883250931
Applied / Interdisciplinary AI,sistem informasi,1473,3662,11.281650659436607,21.863600269862022,10.581949610425415,1.8981720742118353,rising,90.41249329367405,5135,2000-2019,2020-2025,90.41249329367405
Applied / Interdisciplinary AI,analysi forecasting,2850,5322,21.82804099076329,31.77446221633143,9.946421225568137,1.4454677071617161,rising,89.60324389301127,8172,2000-2019,2020-2025,89.60324389301127
Applied / Interdisciplinary AI,feature learning,554,2549,4.243064810134338,15.218546446717177,10.975481636582838,3.314006254591318,rising,88.24777709566203,3103,2000-2019,2020-2025,88.24777709566203
Applied / Interdisciplinary AI,social impact,142,2046,1.087572568662592,12.215435868961688,11.127863300299095,8.009357253932313,rising,85.58662330048149,2188,2000-2019,2020-2025,85.58662330048149
Applied / Interdisciplinary AI,human pose,1408,3493,10.78381814561218,20.854602878926283,10.070784733314103,1.8924979650819898,rising,85.5754717321032,4901,2000-2019,2020-2025,85.5754717321032
Applied / Interdisciplinary AI,pose action,1407,3490,10.776159183861036,20.836691682637483,10.060532498776446,1.8921949694693516,rising,85.4801417290173,4897,2000-2019,2020-2025,85.4801417290173
Applied / Interdisciplinary AI,ethic social,108,2008,0.8271678691236616,11.98856071597022,11.161392846846558,9.409932990780213,rising,85.47121490614622,2116,2000-2019,2020-2025,85.47121490614622
Applied / Interdisciplinary AI,sery analysi,3013,5440,23.07645175619993,32.47896927035757,9.402517514157637,1.3988096941553152,rising,85.02127717997524,8453,2000-2019,2020-2025,85.02127717997524
Applied / Interdisciplinary AI,transfer learning,1253,3291,9.596679074184703,19.648582328813742,10.051903254629039,1.9955652923870635,rising,84.65494801393847,4544,2000-2019,2020-2025,84.65494801393847
Applied / Interdisciplinary AI,adversarial network,411,2309,3.1478332797206012,13.785650743613166,10.637817463892565,3.9162016594978124,rising,84.1318892778715,2720,2000-2019,2020-2025,84.1318892778715
Applied / Interdisciplinary AI,generative adversarial,393,2260,3.009971968199991,13.493101204229431,10.48312923602944,3.986670358340632,rising,82.64713763572352,2653,2000-2019,2020-2025,82.64713763572352
Applied / Interdisciplinary AI,classifier uml,2210,4370,16.92630547003048,26.090642594018856,9.164337123988375,1.5258909950677195,rising,80.57232035676057,6580,2000-2019,2020-2025,80.57232035676057
Applied / Interdisciplinary AI,representation politic,2019,4133,15.463443775561785,24.675658087203644,9.212214311641858,1.577081890421709,rising,80.37376057429358,6152,2000-2019,2020-2025,80.37376057429358
Applied / Interdisciplinary AI,menggunakan metode,744,2612,5.698267542851891,15.59468156878198,9.896414025930088,2.596641958016649,rising,80.34703585307645,3356,2000-2019,2020-2025,80.34703585307645
Applied / Interdisciplinary AI,continual learning,86,1732,0.6586707105984713,10.340730657400607,9.682059946802136,9.356179075072333,rising,72.67395033563776,1818,2000-2019,2020-2025,72.67395033563776
Core ML & Deep Learning,artificial neural,41461,35483,358.91376235738153,236.55806449462324,-122.35569786275829,0.6595686902464952,fading,1376.6051334408482,76944,2000-2019,2020-2025,1376.6051334408482
Core ML & Deep Learning,neural network,76923,84172,665.8962239650964,561.1578898244632,-104.73833414063324,0.8428287400588286,fading,1255.7870429144264,161095,2000-2019,2020-2025,1255.7870429144264
Core ML & Deep Learning,data mining,30688,26703,265.6555688291002,178.02356047120944,-87.63200835789078,0.6707489204775583,fading,960.2417702093527,57391,2000-2019,2020-2025,960.2417702093527
Core ML & Deep Learning,fuzzy logic,13151,3724,113.84372998147475,24.827163209930866,-89.01656677154389,0.22150023629659635,fading,866.4559069376844,16875,2000-2019,2020-2025,866.4559069376844
Core ML & Deep Learning,pattern recognition,26054,22507,225.54060839003446,150.04966766001988,-75.49094073001459,0.6660292977102835,fading,814.592289206023,48561,2000-2019,2020-2025,814.592289206023
Core ML & Deep Learning,recognition psychology,25909,22466,224.2853927526446,149.77632885991054,-74.50906389273408,0.6685324478591704,fading,803.7113231229506,48375,2000-2019,2020-2025,803.7113231229506
Core ML & Deep Learning,cluster analysi,14770,8793,127.85886182239997,58.62117242344847,-69.2376893989515,0.4605928377991523,fading,697.0487349596818,23563,2000-2019,2020-2025,697.0487349596818
Core ML & Deep Learning,face expression,12051,5705,104.32140445644835,38.03409401521364,-66.28731044123471,0.367616654394513,fading,648.5905145937594,17756,2000-2019,2020-2025,648.5905145937594
Core ML & Deep Learning,expression recognition,12061,5730,104.4079710521304,38.200764015280306,-66.2072070368501,0.36890203506127567,fading,647.9371095411122,17791,2000-2019,2020-2025,647.9371095411122
Core ML & Deep Learning,advanced clustering,12936,7015,111.9825481743105,46.76760201870704,-65.21494615560346,0.4202216502550955,fading,645.6987035004619,19951,2000-2019,2020-2025,645.6987035004619
Core ML & Deep Learning,logic control,8692,1762,75.243684966845,11.74690160469876,-63.49678336214623,0.16168874817827456,fading,587.6522918987241,10454,2000-2019,2020-2025,587.6522918987241
Core ML & Deep Learning,data type,9498,6873,82.22095257881888,45.820916418328366,-36.400036160490515,0.5599659454379768,fading,353.20148416618173,16371,2000-2019,2020-2025,353.20148416618173
Core ML & Deep Learning,abstract data,9402,6792,81.38991326027113,45.280905618112364,-36.109007642158765,0.559054269267653,fading,349.98503391274204,16194,2000-2019,2020-2025,349.98503391274204
Core ML & Deep Learning,set abstract,9366,6766,81.07827351581572,45.10756881804303,-35.970704697772696,0.5590651389453714,fading,348.50656602214565,16132,2000-2019,2020-2025,348.50656602214565
Core ML & Deep Learning,blind source,4855,862,42.02808220363926,5.746781602298713,-36.28130060134055,0.14688604043763245,fading,313.8831142372752,5717,2000-2019,2020-2025,313.8831142372752
Core ML & Deep Learning,source separation,4855,866,42.02808220363926,5.77344880230938,-36.254633401329876,0.14751308963968618,fading,313.67775919803006,5721,2000-2019,2020-2025,313.67775919803006
Core ML & Deep Learning,mathematical optimization,8324,5939,72.05803424574525,39.59412521583765,-32.4639090299076,0.5525800916828,fading,310.53333222151565,14263,2000-2019,2020-2025,310.53333222151565
Core ML & Deep Learning,function biology,6435,3693,55.70560432140446,24.620492409848197,-31.08511191155626,0.4469392814673768,fading,286.7028947436756,10128,2000-2019,2020-2025,286.7028947436756
Core ML & Deep Learning,data clustering,4825,1961,41.768382416593084,13.073594805229439,-28.694787611363644,0.32112879720471443,fading,253.16734763903645,6786,2000-2019,2020-2025,253.16734763903645
Core ML & Deep Learning,theory sociology,4860,2016,42.07136550148029,13.440268805376107,-28.63109669610418,0.32745646377942417,fading,252.98258924677722,6876,2000-2019,2020-2025,252.98258924677722
Core ML & Deep Learning,control theory,4894,2080,42.365691926799286,13.866944005546777,-28.49874792125251,0.3351618359521844,fading,252.21641578404686,6974,2000-2019,2020-2025,252.21641578404686
Core ML & Deep Learning,cure data,4392,1732,38.02004882355997,11.54689760461876,-26.473151218941208,0.31274357049232326,fading,230.84942696892244,6124,2000-2019,2020-2025,230.84942696892244
Core ML & Deep Learning,system identification,3861,943,33.42336259284267,6.286792402514717,-27.136570190327955,0.20006249038374013,fading,230.04789449214132,4804,2000-2019,2020-2025,230.04789449214132
Core ML & Deep Learning,support vector,6409,4688,55.4805311726311,31.253958412501582,-24.22657276012952,0.5672321742460725,fading,225.65890113019145,11097,2000-2019,2020-2025,225.65890113019145
Core ML & Deep Learning,correlation clustering,4432,1907,38.3663152062882,12.713587605085435,-25.652727601202763,0.3399753111390298,fading,224.58024246696965,6339,2000-2019,2020-2025,224.58024246696965
Core ML & Deep Learning,vector machine,6374,4687,55.1775480877439,31.247291612498916,-23.930256475244985,0.5701991682979182,fading,222.8211053075062,11061,2000-2019,2020-2025,222.8211053075062
Core ML & Deep Learning,data management,4204,1704,36.39259682473727,11.36022720454409,-25.03236962019318,0.32147986927804323,fading,217.38690257163424,5908,2000-2019,2020-2025,217.38690257163424
Core ML & Deep Learning,data compression,3856,1331,33.38007929500164,8.873510803549404,-24.50656849145224,0.27666732187761695,fading,209.63172441920995,5187,2000-2019,2020-2025,209.63172441920995
Core ML & Deep Learning,classifier uml,6366,4980,55.108294811198256,33.20066401328027,-21.90763079791799,0.6060366376581235,fading,204.5451664274086,11346,2000-2019,2020-2025,204.5451664274086
Core ML & Deep Learning,control management,4319,2197,37.38811267508094,14.646959605858784,-22.741153069222158,0.39978131757987934,fading,199.7166592040676,6516,2000-2019,2020-2025,199.7166592040676
Core ML & Deep Learning,fuzzy clustering,3636,1388,31.475614189996364,9.253518403701408,-22.222095786294958,0.3050299001528739,fading,189.3807165552273,5024,2000-2019,2020-2025,189.3807165552273
Core ML & Deep Learning,mathematical analysi,7343,6770,63.56585120933534,45.13423601805369,-18.43161519128165,0.7123020323095951,fading,176.1126545469703,14113,2000-2019,2020-2025,176.1126545469703
Core ML & Deep Learning,time delay,2926,579,25.32938589657023,3.860077201544031,-21.4693086950262,0.16880297576579187,fading,175.23745838494807,3505,2000-2019,2020-2025,175.23745838494807
Core ML & Deep Learning,delay neural,2883,556,24.957149535137383,3.706740801482696,-21.250408733654687,0.16524791181653378,fading,173.04689685613883,3439,2000-2019,2020-2025,173.04689685613883
Core ML & Deep Learning,brain function,3101,1103,26.84430132100625,7.3534804029413925,-19.490820918064856,0.28720720675017747,fading,162.63198613082307,4204,2000-2019,2020-2025,162.63198613082307
Core ML & Deep Learning,convergence economic,3596,1845,31.129347807268132,12.300246004920098,-18.829101802348035,0.4046952242871957,fading,161.96608693312592,5441,2000-2019,2020-2025,161.96608693312592
Core ML & Deep Learning,cluster spacecraft,3328,1459,28.80936304298897,9.726861203890744,-19.082501839098228,0.34892812883346125,fading,161.7026029666561,4787,2000-2019,2020-2025,161.7026029666561
Core ML & Deep Learning,dynamic brain,3083,1096,26.688481448778546,7.3068128029227255,-19.38166864585582,0.2871367721522178,fading,161.60564254470773,4179,2000-2019,2020-2025,161.60564254470773
Core ML & Deep Learning,fault detection,4229,2775,36.60901331394241,18.500370007400146,-18.108643306542266,0.5120149610731208,fading,160.34079931966076,7004,2000-2019,2020-2025,160.34079931966076
Core ML & Deep Learning,detection control,4170,2696,36.098270399418276,17.973692807189476,-18.1245775922288,0.5047695589320285,fading,160.12126552714136,6866,2000-2019,2020-2025,160.12126552714136
Core ML & Deep Learning,neural dynamic,3124,1195,27.043404491074984,7.96682600318673,-19.076578487888256,0.3073993995887573,fading,159.6902422835906,4319,2000-2019,2020-2025,159.6902422835906
Core ML & Deep Learning,time sery,4504,3181,38.98959469519902,21.207090808482835,-17.78250388671618,0.549691405445645,fading,159.10283227508168,7685,2000-2019,2020-2025,159.10283227508168
Core ML & Deep Learning,metaheuristic optimization,3162,1304,27.372357554666806,8.693507203477402,-18.678850351189404,0.3298431855090094,fading,156.98588077124964,4466,2000-2019,2020-2025,156.98588077124964
Core ML & Deep Learning,programming language,6954,6580,60.198410637303276,43.86754401754702,-16.330866619756257,0.7309506715531718,fading,155.35609270283186,13534,2000-2019,2020-2025,155.35609270283186
Core ML & Deep Learning,control engineering,2698,691,23.355667515019306,4.6067588018427035,-18.748908713176604,0.2140689963350443,fading,152.40210188909978,3389,2000-2019,2020-2025,152.40210188909978
Core ML & Deep Learning,discrete mathematic,4012,2615,34.73051818764175,17.433682006973473,-17.296836180668276,0.5090382693622797,fading,152.19587131785462,6627,2000-2019,2020-2025,152.19587131785462
Core ML & Deep Learning,process computing,5954,5321,51.54175106909746,35.474042814189616,-16.067708254907842,0.6912535046414129,fading,149.91865689399535,11275,2000-2019,2020-2025,149.91865689399535
Core ML & Deep Learning,applied mathematic,4575,3469,39.60421752454163,23.127129209250853,-16.47708831529078,0.5891432539431125,fading,148.17525964345222,8044,2000-2019,2020-2025,148.17525964345222
Core ML & Deep Learning,recurrent neural,3201,1746,27.70996727782683,11.640232804656094,-16.069734473170737,0.43035260144375903,fading,136.70103268018065,4947,2000-2019,2020-2025,136.70103268018065
Core ML & Deep Learning,signal processing,5337,4750,46.20059211551447,31.66730001266692,-14.533292102847547,0.6887985474167163,fading,133.98390051372152,10087,2000-2019,2020-2025,133.98390051372152
Core ML & Deep Learning,basi function,2203,352,19.070621028757422,2.3467136009386853,-16.723907427818737,0.145458521564322,fading,131.21910265063997,2555,2000-2019,2020-2025,131.21910265063997
Core ML & Deep Learning,radial basi,2055,311,17.78943541266296,2.0733748008293498,-15.716060611833612,0.14070280152265585,fading,122.10402514340532,2366,2000-2019,2020-2025,122.10402514340532
Core ML & Deep Learning,feedforward neural,2128,447,18.421371561141985,2.980059601192024,-15.44131195994996,0.18392216388471933,fading,121.27595739112003,2575,2000-2019,2020-2025,121.27595739112003
Core ML & Deep Learning,self-organizing map,1893,159,16.38705656261362,1.0600212004240084,-15.32703536218961,0.09237969889185726,fading,116.90017874009975,2052,2000-2019,2020-2025,116.90017874009975
Core ML & Deep Learning,canopy clustering,2330,875,20.17001679391956,5.83345000233338,-14.336566791586183,0.30640758860904616,fading,115.73594010372108,3205,2000-2019,2020-2025,115.73594010372108
Core ML & Deep Learning,data set,2627,1353,22.74104468567669,9.020180403608071,-13.72086428206862,0.40962790323600634,fading,113.73620007482354,3980,2000-2019,2020-2025,113.73620007482354
Core ML & Deep Learning,sery stratigraphy,2762,1572,23.909693727384475,10.480209604192083,-13.429484123192392,0.44982988016247527,fading,112.46490442374966,4334,2000-2019,2020-2025,112.46490442374966
Core ML & Deep Learning,multilayer perceptron,2116,639,18.317491646323518,4.260085201704034,-14.057406444619485,0.2529606650647319,fading,111.35624604643704,2755,2000-2019,2020-2025,111.35624604643704
Core ML & Deep Learning,sery analysi,3136,2182,27.147284405893455,14.546957605818783,-12.600326800074672,0.5442472173726866,fading,108.09871512486016,5318,2000-2019,2020-2025,108.09871512486016
Core ML & Deep Learning,simple philosophy,2633,1526,22.792984643085926,10.173536804069414,-12.619447839016512,0.45822967591393005,fading,105.16127055132807,4159,2000-2019,2020-2025,105.16127055132807
Core ML & Deep Learning,network reservoir,2461,1307,21.304039197354523,8.713507603485404,-12.59053159386912,0.42255966979747844,fading,103.67755070949852,3768,2000-2019,2020-2025,103.67755070949852
Core ML & Deep Learning,reservoir computing,2471,1333,21.390605793036585,8.886844403554738,-12.503761389481847,0.4288069728312726,fading,103.081900041661,3804,2000-2019,2020-2025,103.081900041661
Core ML & Deep Learning,speech recognition,2824,1847,24.44640662061324,12.313579604925431,-12.132827015687807,0.5136443015539384,fading,102.51441124615125,4671,2000-2019,2020-2025,102.51441124615125
Core ML & Deep Learning,class philosophy,5152,5052,44.59911009539639,33.68067361347227,-10.918436481924118,0.7579012876567015,fading,100.78408091999891,10204,2000-2019,2020-2025,100.78408091999891
Core ML & Deep Learning,image signal,2113,885,18.2915216676189,5.900118002360047,-12.391403665258851,0.3405854041819603,fading,99.20600126673811,2998,2000-2019,2020-2025,99.20600126673811
Core ML & Deep Learning,memory neural,2772,1888,23.996260323066537,12.586918405034767,-11.40934191803177,0.5342414814522389,fading,96.37454342290353,4660,2000-2019,2020-2025,96.37454342290353
Core ML & Deep Learning,neural computing,2738,1861,23.701933897747537,12.406914804962765,-11.295019092784772,0.5333009692322151,fading,95.26006284902918,4599,2000-2019,2020-2025,95.26006284902918
Core ML & Deep Learning,selection genetic,3677,3157,31.8305372322928,21.047087608418835,-10.783449623873967,0.6664624052982608,fading,95.21583018533632,6834,2000-2019,2020-2025,95.21583018533632
Core ML & Deep Learning,signal denoising,2014,820,17.434512370366523,5.466776002186711,-11.967736368179812,0.33269797800835155,fading,95.14107726351483,2834,2000-2019,2020-2025,95.14107726351483
Core ML & Deep Learning,feed forward,1701,357,14.7249779255181,2.380047600952019,-12.344930324566082,0.18916596234434357,fading,94.19151848138989,2058,2000-2019,2020-2025,94.19151848138989
Core ML & Deep Learning,advanced memory,2706,1841,23.42492079156495,12.273578804909432,-11.151341986655519,0.5339026580774691,fading,93.92154063772337,4547,2000-2019,2020-2025,93.92154063772337
Core ML & Deep Learning,sets fuzzy,2053,910,17.77212209352655,6.066788002426716,-11.705334091099836,0.3593883605207081,fading,93.57589363880344,2963,2000-2019,2020-2025,93.57589363880344
Core ML & Deep Learning,rough sets,2053,912,17.77212209352655,6.080121602432048,-11.692000491094504,0.3601180841913953,fading,93.47718758566917,2965,2000-2019,2020-2025,93.47718758566917
Core ML & Deep Learning,computer hardware,2088,968,18.075105178413754,6.453462402581385,-11.621642775832369,0.3743430971611427,fading,93.26588350743968,3056,2000-2019,2020-2025,93.26588350743968
Core ML & Deep Learning,image retrieval,1913,718,16.560189753977735,4.786762401914705,-11.773427352063031,0.3098888393478771,fading,92.72161878082746,2631,2000-2019,2020-2025,92.72161878082746
Core ML & Deep Learning,data warehouse,2210,1207,19.131217645734864,8.04682760321873,-11.084390042516134,0.4353692041652668,fading,90.19158531516223,3417,2000-2019,2020-2025,90.19158531516223
Core ML & Deep Learning,measure data,2177,1166,18.84554787998407,7.773488803109395,-11.072059076874677,0.4276688804285344,fading,89.84890657468081,3343,2000-2019,2020-2025,89.84890657468081
Core ML & Deep Learning,retrieval classification,1836,664,15.893626967225886,4.426755201770702,-11.466871765455185,0.3005286878626837,fading,89.72191812511129,2500,2000-2019,2020-2025,89.72191812511129
Core ML & Deep Learning,learning elm,3245,2671,28.090860298827888,17.80702280712281,-10.283837491705079,0.6403103165060523,fading,89.32114304250393,5916,2000-2019,2020-2025,89.32114304250393
Core ML & Deep Learning,sensor technology,1738,553,15.045274329541716,3.686740401474696,-11.35853392806702,0.26932560421390284,fading,87.88302242164887,2291,2000-2019,2020-2025,87.88302242164887
Core ML & Deep Learning,adversarial,5182,33893,44.858809882442564,225.95785249038315,181.0990426079406,4.992588056814078,rising,1914.807941781807,39075,2000-2019,2020-2025,1914.807941781807
Core ML & Deep Learning,adversarial robustness,4729,32282,40.937343098045325,215.21763768608704,174.28029458804173,5.205875221673246,rising,1833.2539766867992,37011,2000-2019,2020-2025,1833.2539766867992
Core ML & Deep Learning,robustness machine,4728,32279,40.92868643847712,215.19763728607904,174.26895084760193,5.206480239396359,rising,1833.115817113777,37007,2000-2019,2020-2025,1833.115817113777
Core ML & Deep Learning,graph neural,4279,25982,37.04184629235271,173.2167976692867,136.174951376934,4.627284346019842,rising,1405.0052254837096,30261,2000-2019,2020-2025,1405.0052254837096
Core ML & Deep Learning,advanced graph,4274,25359,36.99856299451168,169.06338126762535,132.06481827311367,4.521863445605709,rising,1359.8288599922357,29633,2000-2019,2020-2025,1359.8288599922357
Core ML & Deep Learning,detection,14733,34681,127.53856541837635,231.21129089248453,103.67272547410818,1.8096992116035444,rising,1120.4957811645124,49414,2000-2019,2020-2025,1120.4957811645124
Core ML & Deep Learning,learning healthcare,4216,16592,36.49647673955574,110.61554564424623,74.1190689046905,3.003408849617406,rising,736.9763428584546,20808,2000-2019,2020-2025,736.9763428584546
Core ML & Deep Learning,theoretical computer,10531,22584,91.1632819127755,150.5630112602252,59.39972934744971,1.6480209753341912,rising,618.2188297085784,33115,2000-2019,2020-2025,618.2188297085784
Core ML & Deep Learning,data classification,18846,32731,163.1434062224069,218.2110308872844,55.06762466487751,1.336509890230685,rising,597.5305628470247,51577,2000-2019,2020-2025,597.5305628470247
Core ML & Deep Learning,anomaly detection,4819,14711,41.71644245918385,98.07529483923012,56.35885238004627,2.3349976714531486,rising,556.8118354004893,19530,2000-2019,2020-2025,556.8118354004893
Core ML & Deep Learning,computer security,2722,11779,23.563427344656244,78.5282372314113,54.96480988675505,3.284163810063452,rising,526.6751086084176,14501,2000-2019,2020-2025,526.6751086084176
Core ML & Deep Learning,robustness evolution,2597,10866,22.481344898630518,72.44144882897658,49.96010393034606,3.173941697090288,rising,475.0094139504158,13463,2000-2019,2020-2025,475.0094139504158
Core ML & Deep Learning,explainable ai,876,7544,7.583233781748299,50.294339220117735,42.71110543836944,6.283913170346483,rising,386.0436373622969,8420,2000-2019,2020-2025,386.0436373622969
Core ML & Deep Learning,intelligence xai,876,7446,7.583233781748299,49.6409928198564,42.0577590381081,6.203085816109052,rising,379.64605593847364,8322,2000-2019,2020-2025,379.64605593847364
Core ML & Deep Learning,intelligence healthcare,2041,8430,17.66824217870808,56.20112402248045,38.53288184377237,3.12089212950553,rising,356.67809132392415,10471,2000-2019,2020-2025,356.67809132392415
Core ML & Deep Learning,knowledge graph,711,6282,6.154884952994339,41.88083761675234,35.725952663758,6.368380207336755,rising,316.27499660635283,6993,2000-2019,2020-2025,316.27499660635283
Core ML & Deep Learning,imbalanced data,9455,16732,81.84871621738604,111.54889764461956,29.700181427233517,1.3606635633375304,rising,302.141625785471,26187,2000-2019,2020-2025,302.141625785471
Core ML & Deep Learning,advanced neural,1501,6719,12.993646011876937,44.79422921791769,31.800583206040752,3.3567079778178766,rising,286.6646761778611,8220,2000-2019,2020-2025,286.6646761778611
Core ML & Deep Learning,deep neural,1934,6826,16.741979604910057,45.50757681820303,28.76559721329297,2.668346551407664,rising,261.1359708354391,8760,2000-2019,2020-2025,261.1359708354391
Core ML & Deep Learning,domain adaptation,1980,6443,17.140185945047524,42.95419241718168,25.814006472134157,2.463363626242354,rising,233.32867564973515,8423,2000-2019,2020-2025,233.32867564973515
Core ML & Deep Learning,few-shot learning,1957,6341,16.941082774978792,42.274178816909675,25.333096041930883,2.4524956029836678,rising,228.6030797582414,8298,2000-2019,2020-2025,228.6030797582414
Core ML & Deep Learning,adaptation few-shot,1957,6298,16.941082774978792,41.987506416795,25.046423641816208,2.436058985841644,rising,225.88606788200502,8255,2000-2019,2020-2025,225.88606788200502
Core ML & Deep Learning,fraud detection,735,4435,6.362644782631278,29.567258011826905,23.204613229195626,4.381293067641264,rising,198.41850273839407,5170,2000-2019,2020-2025,198.41850273839407
Core ML & Deep Learning,adversarial attack,382,4032,3.3068439550546236,26.880537610752214,23.57369365569759,7.192450737151199,rising,197.8484265515981,4414,2000-2019,2020-2025,197.8484265515981
Core ML & Deep Learning,malware detection,770,4261,6.665627867518482,28.407234811362894,21.741606943844413,4.034152393316194,rising,185.316169539628,5031,2000-2019,2020-2025,185.316169539628
Core ML & Deep Learning,advanced malware,768,4256,6.6483145483820705,28.37390081134956,21.72558626296749,4.039259970433841,rising,185.14937266181104,5024,2000-2019,2020-2025,185.14937266181104
Core ML & Deep Learning,convolutional neural,1437,4952,12.439619799511764,33.0139936132056,20.574373813693835,2.590029238298806,rising,180.28273548620783,6389,2000-2019,2020-2025,180.28273548620783
Core ML & Deep Learning,key lock,1511,4967,13.080212607558995,33.1139956132456,20.033783005686605,2.475218657072823,rising,175.82291964666987,6478,2000-2019,2020-2025,175.82291964666987
Core ML & Deep Learning,natural language,2439,6047,21.113592686854,40.31413961612566,19.20054692927166,1.8883551757200447,rising,173.69373219268905,8486,2000-2019,2020-2025,173.69373219268905
Core ML & Deep Learning,data science,3402,7191,29.4499558510362,47.94095881917638,18.49100296814018,1.6173966686331671,rising,171.37541214004483,10593,2000-2019,2020-2025,171.37541214004483
Core ML & Deep Learning,graph theory,4720,8543,40.85943316193148,56.95447242278179,16.095039260850314,1.3891503831262537,rising,152.78713157710024,13263,2000-2019,2020-2025,152.78713157710024
Core ML & Deep Learning,language model,93,2915,0.8050693398431413,19.43372200777349,18.62865266793035,15.274071192393013,rising,149.20364284588712,3008,2000-2019,2020-2025,149.20364284588712
Core ML & Deep Learning,language processing,2418,5528,20.931802835921676,36.85407041474163,15.922267578819952,1.742927121004154,rising,142.99071656927563,7946,2000-2019,2020-2025,142.99071656927563
Core ML & Deep Learning,healthcare education,203,2857,1.7573018923457817,19.04704760761882,17.289745715273035,8.659474248393767,rising,138.77609105878358,3060,2000-2019,2020-2025,138.77609105878358
Core ML & Deep Learning,feature linguistic,4690,8280,40.5997333748853,55.20110402208044,14.601370647195147,1.35526679732958,rising,138.28186275500116,12970,2000-2019,2020-2025,138.28186275500116
Core ML & Deep Learning,transformer,130,2725,1.1253657438667568,18.167030007266813,17.041664263400058,11.48481815720923,rising,135.60354443073666,2855,2000-2019,2020-2025,135.60354443073666
Core ML & Deep Learning,health care,980,3630,8.483526376841704,24.200484009680192,15.716957632838488,2.7495309718636376,rising,132.5913984883435,4610,2000-2019,2020-2025,132.5913984883435
Core ML & Deep Learning,distress bankruptcy,1011,3537,8.751882823456084,23.580471609432188,14.828588785976104,2.6027644392967804,rising,124.89620177353167,4548,2000-2019,2020-2025,124.89620177353167
Core ML & Deep Learning,financial distress,1013,3539,8.769196142592497,23.593805209437523,14.824609066845026,2.5993413925858233,rising,124.87571170213059,4552,2000-2019,2020-2025,124.87571170213059
Core ML & Deep Learning,bankruptcy prediction,1015,3538,8.786509461728908,23.587138409434857,14.800628947705949,2.593777404599818,rising,124.67696455534208,4553,2000-2019,2020-2025,124.67696455534208
Core ML & Deep Learning,generative adversarial,621,2948,5.375785591855815,19.65372640786149,14.277940816005676,3.429962869270748,rising,116.79813730595446,3569,2000-2019,2020-2025,116.79813730595446
Core ML & Deep Learning,adversarial network,632,2916,5.471008847106079,19.440388807776156,13.969379960670077,3.339534292842407,rising,114.19159503985756,3548,2000-2019,2020-2025,114.19159503985756
Core ML & Deep Learning,privacy-preserving technology,301,2478,2.605654530029952,16.52033040660813,13.91467587657818,5.480432624437459,rising,110.34624900044591,2779,2000-2019,2020-2025,110.34624900044591
Core ML & Deep Learning,feature learning,527,2707,4.562059592444467,18.047027607218812,13.484968014774346,3.6639291317118725,rising,108.98260153282695,3234,2000-2019,2020-2025,108.98260153282695
Core ML & Deep Learning,network analysi,4107,7072,35.552900846621306,47.14760961885904,11.594708772237738,1.321602658869663,rising,108.08450406233074,11179,2000-2019,2020-2025,108.08450406233074
Core ML & Deep Learning,complex network,4038,6950,34.955591336415104,46.334260018533705,11.378668682118601,1.3209273418726484,rising,105.87453013847234,10988,2000-2019,2020-2025,105.87453013847234
Core ML & Deep Learning,node physic,1306,3505,11.305597396076802,23.367134009346852,12.06153661327005,2.021679480385999,rising,102.26817775096278,4811,2000-2019,2020-2025,102.26817775096278
Core ML & Deep Learning,reinforcement,1089,3242,9.427102269776139,21.613765608645505,12.186663338869366,2.2276153713025244,rising,102.04849389137532,4331,2000-2019,2020-2025,102.04849389137532
Core ML & Deep Learning,reinforcement learning,1078,3221,9.331879014525875,21.473762808589505,12.14188379406363,2.2349504887239657,rising,101.58349598112372,4299,2000-2019,2020-2025,101.58349598112372
Core ML & Deep Learning,large language model,0,1997,0.0,13.31359960532544,13.31359960532544,27.62719921065088,rising,101.1820517246303,1997,2000-2019,2020-2025,101.1820517246303
Core ML & Deep Learning,attention,257,2270,2.224761509028896,15.133636006053454,12.908874497024557,5.737616284672663,rising,101.14340375786404,2527,2000-2019,2020-2025,101.14340375786404
Core ML & Deep Learning,leverage statistic,451,2404,3.904153465260825,16.026987206410794,12.12283374114997,3.7525911248944244,rising,96.46353774114793,2855,2000-2019,2020-2025,96.46353774114793
Core ML & Deep Learning,credit card,516,2463,4.466836337194204,16.42032840656813,11.953492069373928,3.4066611536724256,rising,95.62409445758716,2979,2000-2019,2020-2025,95.62409445758716
Core ML & Deep Learning,card fraud,464,2353,4.016690039647501,15.686980406274792,11.670290366627292,3.583814754651192,rising,92.70625063038051,2817,2000-2019,2020-2025,92.70625063038051
Core ML & Deep Learning,generative grammar,564,2444,4.882355996468083,16.293659206517464,11.411303210049383,3.120131633347462,rising,91.39727058679944,3008,2000-2019,2020-2025,91.39727058679944
Core ML & Deep Learning,network image,632,2516,5.471008847106079,16.773668806709466,11.302659959603387,2.892922996602384,rising,91.04112004804144,3148,2000-2019,2020-2025,91.04112004804144
Core ML & Deep Learning,image synthesi,539,2386,4.665939507262937,15.906984806362795,11.241045299099858,3.1759924372509123,rising,89.71918431839582,2925,2000-2019,2020-2025,89.71918431839582
Core ML & Deep Learning,data quality,632,2464,5.471008847106079,16.426995206570798,10.955986359464719,2.834863528091182,rising,88.06629101058331,3096,2000-2019,2020-2025,88.06629101058331
Core ML & Deep Learning,representation politic,3155,5465,27.311760937689364,36.43406201457363,9.122301076884263,1.3280015637025735,rising,82.665894318155,8620,2000-2019,2020-2025,82.665894318155
Core ML & Deep Learning,intrusion detection,434,2141,3.756990252601326,14.273618805709448,10.516628553108122,3.470437546029547,rising,82.5975279570163,2575,2000-2019,2020-2025,82.5975279570163
Core ML & Deep Learning,quality management,501,2200,4.336986443671116,14.666960005866784,10.329973562195669,3.135621772459538,rising,81.62484296145833,2701,2000-2019,2020-2025,81.62484296145833
Core ML & Deep Learning,network security,370,2027,3.2029640402361537,13.513603605405441,10.310639565169287,3.784428758457977,rising,80.24142170569915,2397,2000-2019,2020-2025,80.24142170569915
Core ML & Deep Learning,graph embedding,441,2106,3.817586869578767,14.040280805616112,10.222693936037345,3.367686915129676,rising,80.17724296339057,2547,2000-2019,2020-2025,80.17724296339057
Core ML & Deep Learning,security intrusion,360,1973,3.1163974445540954,13.153596405261439,10.037198960707343,3.7754689894005655,rising,77.84187867223622,2333,2000-2019,2020-2025,77.84187867223622
Core ML & Deep Learning,benchmark surveying,2926,5074,25.32938589657023,33.82734321353094,8.497957316960708,1.32900345950885,rising,76.37387715939029,8000,2000-2019,2020-2025,76.37387715939029
Core ML & Deep Learning,random forest,1297,3033,11.227687459962949,20.22040440808816,8.992716948125212,1.7667937075254923,rising,75.30099864465805,4330,2000-2019,2020-2025,75.30099864465805
Core ML & Deep Learning,representation learning,282,1830,2.4411779982340414,12.200244004880098,9.759066006646057,4.318080718849947,rising,74.71408228582156,2112,2000-2019,2020-2025,74.71408228582156
Core ML & Deep Learning,ethic social,167,1646,1.4456621478903722,10.97355280438942,9.527890656499048,5.896991323406213,rising,71.4905231651153,1813,2000-2019,2020-2025,71.4905231651153
Core ML & Deep Learning,social impact,167,1646,1.4456621478903722,10.97355280438942,9.527890656499048,5.896991323406213,rising,71.4905231651153,1813,2000-2019,2020-2025,71.4905231651153
Core ML & Deep Learning,health record,795,2361,6.882044356723627,15.740314806296126,8.8582704495725,2.1999752401249544,rising,71.37442890794394,3156,2000-2019,2020-2025,71.37442890794394
Core ML & Deep Learning,federated,24,1464,0.2077598296369397,9.760195203904079,9.552435374267139,14.496718765696636,rising,69.78875581565521,1488,2000-2019,2020-2025,69.78875581565521
Core ML & Deep Learning,material science,1965,3751,17.010336051524437,25.007166810002868,7.996830758478431,1.456692020926819,rising,69.18217802953608,5716,2000-2019,2020-2025,69.18217802953608
Core ML & Deep Learning,political science,1434,3070,12.413649820807146,20.46707600818683,8.053426187379683,1.6236367176693596,rising,67.75301683855683,4504,2000-2019,2020-2025,67.75301683855683
Core ML & Deep Learning,digital media,254,1660,2.1987915303242787,11.066888004426755,8.868096474102476,4.2859509059734275,rising,67.02039879193474,1914,2000-2019,2020-2025,67.02039879193474
Core ML & Deep Learning,internal medicine,1031,2560,8.925016014820201,17.067008006826804,8.141991992006602,1.8638703615149161,rising,66.65412782720155,3591,2000-2019,2020-2025,66.65412782720155
Core ML & Deep Learning,media forensic,253,1652,2.1901348707560726,11.013553604405422,8.82341873364935,4.279916865718147,rising,66.6411824646516,1905,2000-2019,2020-2025,66.6411824646516
Core ML & Deep Learning,forensic detection,253,1651,2.1901348707560726,11.006886804402754,8.816751933646682,4.27743862565846,rising,66.58620270846026,1904,2000-2019,2020-2025,66.58620270846026
Core ML & Deep Learning,covid-19 diagnosi,198,1590,1.7140185945047526,10.600212004240085,8.886193409735332,5.013603784444755,rising,66.55236429926734,1788,2000-2019,2020-2025,66.55236429926734
Core ML & Deep Learning,code set,534,1952,4.622656209421908,13.013593605205438,8.39093739578353,2.6380051779290588,rising,65.6073335440755,2486,2000-2019,2020-2025,65.6073335440755
Core ML & Deep Learning,electronic health,661,2055,5.722051974584048,13.700274005480109,7.978222030896061,2.282249338881393,rising,63.08606429726862,2716,2000-2019,2020-2025,63.08606429726862
Healthcare AI,computer vision,5117,5747,276.4003673094582,165.92562651576395,-110.47474079369425,0.6010307177735523,fading,1026.6751177125345,10864,2000-2019,2020-2025,1026.6751177125345
Healthcare AI,psychiatry mental,2833,1869,153.0276022254632,53.961196443007275,-99.06640578245592,0.3547322804079764,fading,837.701156679313,4702,2000-2019,2020-2025,837.701156679313
Healthcare AI,health neuroscience,2833,1869,153.0276022254632,53.961196443007275,-99.06640578245592,0.3547322804079764,fading,837.701156679313,4702,2000-2019,2020-2025,837.701156679313
Healthcare AI,mental health,2833,1870,153.0276022254632,53.99006813719829,-99.0375340882649,0.3549203358050028,fading,837.4780750427386,4703,2000-2019,2020-2025,837.4780750427386
Healthcare AI,image retrieval,2078,1168,112.24544914384487,33.72213881510567,-78.5233103287392,0.3035345468484833,fading,634.8991869647475,3246,2000-2019,2020-2025,634.8991869647475
Healthcare AI,retrieval classification,2029,1098,109.59866040079943,31.701120221734612,-77.89754017906482,0.29247513189089447,fading,626.9310180140694,3127,2000-2019,2020-2025,626.9310180140694
Healthcare AI,image mathematic,3865,5079,208.7722141198077,146.63933479616583,-62.13287932364187,0.703100196148969,fading,565.3377487818345,8944,2000-2019,2020-2025,565.3377487818345
Healthcare AI,image segmentation,3412,4220,184.30292227083672,121.83854948608385,-62.46437278475287,0.6619946696881307,fading,558.4462487668139,7632,2000-2019,2020-2025,558.4462487668139
Healthcare AI,medical image,2648,2875,143.03462431804678,83.0061207991685,-60.02850351887828,0.5817838113689839,fading,517.2570616325878,5523,2000-2019,2020-2025,517.2570616325878
Healthcare AI,digital radiography,1736,1377,93.77194403932371,39.75632290102783,-54.015621138295884,0.42702336640300625,fading,434.48347220690624,3113,2000-2019,2020-2025,434.48347220690624
Healthcare AI,breast imaging,1947,1829,105.16934046345811,52.80632867536667,-52.36301178809144,0.5044635316314927,fading,431.29765064799216,3776,2000-2019,2020-2025,431.29765064799216
Healthcare AI,radiography breast,1722,1370,93.01571868416788,39.554221041690724,-53.461497642477156,0.42831538489231397,fading,429.66453786573516,3092,2000-2019,2020-2025,429.66453786573516
Healthcare AI,computer-aided diagnosi,1209,537,65.30546102738616,15.504099780575125,-49.801361246811034,0.24320321643084794,fading,371.7997970441592,1746,2000-2019,2020-2025,371.7997970441592
Healthcare AI,image processing,1360,1266,73.46189164370982,36.551564845825155,-36.910326797884665,0.5009548028369857,fading,290.6170674923957,2626,2000-2019,2020-2025,290.6170674923957
Healthcare AI,medical physic,1598,1812,86.31772268135904,52.315509874119414,-34.00221280723963,0.608349404279636,fading,276.5998672597859,3410,2000-2019,2020-2025,276.5998672597859
Healthcare AI,digital mammography,839,522,45.31950521255334,15.071024367709898,-30.248480844843442,0.3398339701722455,fading,218.29449867153096,1361,2000-2019,2020-2025,218.29449867153096
Healthcare AI,classifier uml,1353,1646,73.0837789661319,47.5228086384109,-25.560970327721,0.6526276485543663,fading,204.6505238295357,2999,2000-2019,2020-2025,204.6505238295357
Healthcare AI,political science,666,449,35.974720466699075,12.963390691765794,-23.01132977493328,0.36911566475355684,fading,161.48214805284132,1115,2000-2019,2020-2025,161.48214805284132
Healthcare AI,operating characteristic,707,569,38.18938043536974,16.427993994687608,-21.761386440682134,0.4375359285725877,fading,155.64328650377962,1276,2000-2019,2020-2025,155.64328650377962
Healthcare AI,receiver operating,707,569,38.18938043536974,16.427993994687608,-21.761386440682134,0.4375359285725877,fading,155.64328650377962,1276,2000-2019,2020-2025,155.64328650377962
Healthcare AI,breast lesion,848,954,45.80565008372495,27.543596258228433,-18.262053825496515,0.6056193187553351,fading,136.91440185104025,1802,2000-2019,2020-2025,136.91440185104025
Healthcare AI,lesion carcinoma,673,624,36.35283314427699,18.01593717519344,-18.336895969083553,0.5024291376107903,fading,131.44950382219426,1297,2000-2019,2020-2025,131.44950382219426
Healthcare AI,expression cancer,1270,1811,68.60044293199374,52.286638179928396,-16.313804752065344,0.7639117195222493,fading,131.05424264319234,3081,2000-2019,2020-2025,131.05424264319234
Healthcare AI,vector machine,1472,2207,79.51169448495652,63.71982907957039,-15.791865405386133,0.8026305341107948,fading,129.6617644364325,3679,2000-2019,2020-2025,129.6617644364325
Healthcare AI,support vector,1472,2208,79.51169448495652,63.748700773761406,-15.762993711195115,0.802991377539707,fading,129.4289913802556,3680,2000-2019,2020-2025,129.4289913802556
Healthcare AI,engineering drawing,439,159,23.713066493815155,4.590599376371405,-19.12246711744375,0.21024182862884047,fading,122.29317961741346,598,2000-2019,2020-2025,122.29317961741346
Healthcare AI,digital mammogram,433,153,23.388969913034085,4.4173692112253145,-18.97160070180877,0.20584266417206812,fading,120.94442534589906,586,2000-2019,2020-2025,120.94442534589906
Healthcare AI,nuclear medicine,459,223,24.793388429752067,6.438387804596374,-18.355000625155693,0.27431626347203436,fading,119.79381722749727,682,2000-2019,2020-2025,119.79381722749727
Healthcare AI,gene expression,1283,1894,69.30265219035273,54.682988797782656,-14.619663392570075,0.7905571932610517,fading,117.89307300976517,3177,2000-2019,2020-2025,117.89307300976517
Healthcare AI,aesthetic perception,475,290,25.657645978501595,8.372791315394387,-17.284854663107208,0.33920450344372516,fading,114.7918685951851,765,2000-2019,2020-2025,114.7918685951851
Healthcare AI,art aesthetic,472,285,25.495597688111058,8.228432844439311,-17.267164843671747,0.3357658073171063,fading,114.49310304608231,757,2000-2019,2020-2025,114.49310304608231
Healthcare AI,cancer incidence,607,593,32.787770755685195,17.12091465527197,-15.666856100413224,0.5293509975360098,fading,111.09226380353384,1200,2000-2019,2020-2025,111.09226380353384
Healthcare AI,incidence screening,603,585,32.571706368497814,16.88994110174385,-15.681765266753963,0.5258253356503098,fading,111.04050824079869,1188,2000-2019,2020-2025,111.04050824079869
Healthcare AI,global cancer,603,585,32.571706368497814,16.88994110174385,-15.681765266753963,0.5258253356503098,fading,111.04050824079869,1188,2000-2019,2020-2025,111.04050824079869
Healthcare AI,false positive,465,299,25.117485010533137,8.632636563113524,-16.484848447419616,0.3565001232306161,fading,109.45734683031439,764,2000-2019,2020-2025,109.45734683031439
Healthcare AI,computer graphic,478,378,25.81969426889213,10.913500404203718,-14.90619386468841,0.4336486696083551,fading,100.6680548677563,856,2000-2019,2020-2025,100.6680548677563
Healthcare AI,digital image,430,284,23.226921622643548,8.199561150248297,-15.027360472395252,0.3666535966446637,fading,98.76405889549329,714,2000-2019,2020-2025,98.76405889549329
Healthcare AI,positive paradox,408,258,22.038567493112946,7.448897101281903,-14.589670391831042,0.3526797833851166,fading,94.87356339718879,666,2000-2019,2020-2025,94.87356339718879
Healthcare AI,computer-aided detection,322,50,17.393183168584237,1.4435847095507564,-15.949598459033481,0.10862151754882743,fading,94.44679803699692,372,2000-2019,2020-2025,94.44679803699692
Healthcare AI,graphic image,422,302,22.794792848268784,8.719251645686569,-14.075541202582215,0.3957644828926531,fading,92.70393049518607,724,2000-2019,2020-2025,92.70393049518607
Healthcare AI,feature extraction,1335,2111,72.1114892237887,60.948146437232936,-11.16334278655576,0.8462592778926442,fading,90.92832462650033,3446,2000-2019,2020-2025,90.92832462650033
Healthcare AI,data compression,325,119,17.555231458974774,3.4357316087308005,-14.119499850243972,0.21798289419183564,fading,86.10175891382285,444,2000-2019,2020-2025,86.10175891382285
Healthcare AI,image signal,344,180,18.58153729811484,5.196904954382723,-13.384632343732115,0.29855586923520827,fading,83.83328296715938,524,2000-2019,2020-2025,83.83328296715938
Healthcare AI,region interest,358,213,19.337762653270676,6.149670862686222,-13.188091790584455,0.3352026626646772,fading,83.73302780949558,571,2000-2019,2020-2025,83.73302780949558
Healthcare AI,texture cosmology,320,124,17.285150974990547,3.580090079685876,-13.70506089530467,0.2294099209741482,fading,83.57447938117964,444,2000-2019,2020-2025,83.57447938117964
Healthcare AI,signal denoising,340,173,18.365472910927455,4.994803095045618,-13.370669815881836,0.29126240942854187,fading,83.46270619941673,513,2000-2019,2020-2025,83.46270619941673
Healthcare AI,computer aided,310,100,16.744990007022093,2.8871694191015127,-13.85782058792058,0.19641469306287046,fading,83.40458495816502,410,2000-2019,2020-2025,83.40458495816502
Healthcare AI,world wide,398,322,21.498406525144492,9.296685529506872,-12.20172099563762,0.4453361437024596,fading,80.2951227261244,720,2000-2019,2020-2025,80.2951227261244
Healthcare AI,wide web,398,322,21.498406525144492,9.296685529506872,-12.20172099563762,0.4453361437024596,fading,80.2951227261244,720,2000-2019,2020-2025,80.2951227261244
Healthcare AI,advanced data,301,102,16.258845135850482,2.944912807483543,-13.313932328366938,0.2055578877636499,fading,79.90243155962929,403,2000-2019,2020-2025,79.90243155962929
Healthcare AI,cluster analysi,488,523,26.359855236860586,15.099896061900912,-11.259959174959674,0.5807885382975819,fading,77.91535765290963,1011,2000-2019,2020-2025,77.91535765290963
Healthcare AI,virtual microscopy,287,110,15.502619780694648,3.1758863610116643,-12.326733419682984,0.22970528647104432,fading,73.79339799886789,397,2000-2019,2020-2025,73.79339799886789
Healthcare AI,discriminant analysi,288,141,15.556635877491493,4.070908880933133,-11.485726996558359,0.2846741319793346,fading,69.64698147275452,429,2000-2019,2020-2025,69.64698147275452
Healthcare AI,wavelet transform,278,117,15.016474909523037,3.37798822034877,-11.638486689174266,0.2499271415035579,fading,69.61460968012307,395,2000-2019,2020-2025,69.61460968012307
Healthcare AI,linear discriminant,287,140,15.502619780694648,4.042037186742118,-11.46058259395253,0.283830850759922,fading,69.44108182989878,427,2000-2019,2020-2025,69.44108182989878
Healthcare AI,breast tissue,282,167,15.232539296710419,4.821572929899527,-10.410966366810893,0.3382526386577808,fading,63.603171110680556,449,2000-2019,2020-2025,63.603171110680556
Healthcare AI,sensitivity control,305,219,16.474909523037866,6.322901027832313,-10.152008495205553,0.4019403472267387,fading,63.58607237068587,524,2000-2019,2020-2025,63.58607237068587
Healthcare AI,set abstract,531,685,28.68254739912494,19.777110520845362,-8.905436878279577,0.6948368914995195,fading,63.265506794303136,1216,2000-2019,2020-2025,63.265506794303136
Healthcare AI,abstract data,535,693,28.898611786312323,20.008084074373485,-8.890527711938837,0.697586818841624,fading,63.24682393361343,1228,2000-2019,2020-2025,63.24682393361343
Healthcare AI,fuzzy logic,321,257,17.339167071787394,7.420025407090888,-9.919141664696506,0.44396834085467995,fading,63.098660447031406,578,2000-2019,2020-2025,63.098660447031406
Healthcare AI,data type,537,701,29.006643979906013,20.239057627901605,-8.767586352004408,0.702860604615858,fading,62.44327501632979,1238,2000-2019,2020-2025,62.44327501632979
Healthcare AI,signal processing,322,286,17.393183168584237,8.257304538630327,-9.13587862995391,0.4894212760313028,fading,58.57759349111895,608,2000-2019,2020-2025,58.57759349111895
Healthcare AI,literature culture,262,158,14.152217360773511,4.561727682180391,-9.59048967859312,0.34545813493945976,fading,57.95180782295877,420,2000-2019,2020-2025,57.95180782295877
Healthcare AI,social study,233,107,12.585750553664992,3.089271278438619,-9.496479275226374,0.27428852962762257,fading,55.38235108107877,340,2000-2019,2020-2025,55.38235108107877
Healthcare AI,image texture,208,72,11.235348133743855,2.078761981753089,-9.156586151990766,0.21974311732074733,fading,51.62808028523384,280,2000-2019,2020-2025,51.62808028523384
Healthcare AI,practice education,219,117,11.829525198509156,3.37798822034877,-8.451536978160386,0.3145285935923699,fading,49.18864610183304,336,2000-2019,2020-2025,49.18864610183304
Healthcare AI,radiology practice,217,117,11.721493004915464,3.37798822034877,-8.343504784566694,0.3173088769751003,fading,48.510225910377734,334,2000-2019,2020-2025,48.510225910377734
Healthcare AI,breast masse,209,98,11.2893642305407,2.8294260307194827,-8.459938199821217,0.2824092941411128,fading,48.4762900427654,307,2000-2019,2020-2025,48.4762900427654
Healthcare AI,feature vector,282,263,15.232539296710419,7.593255572236979,-7.63928372447344,0.5144277995815482,fading,48.14749456296552,545,2000-2019,2020-2025,48.14749456296552
Healthcare AI,data mining,1082,1826,58.445416734186786,52.719713592793624,-5.725703141393161,0.9028643199315545,fading,45.66571561953025,2908,2000-2019,2020-2025,45.66571561953025
Healthcare AI,educational social,200,98,10.803219359369091,2.8294260307194827,-7.9737933286496085,0.2945555531451104,fading,45.454158935846195,298,2000-2019,2020-2025,45.454158935846195
Healthcare AI,information retrieval,343,406,18.52752120131799,11.721907841552142,-6.80561335976585,0.6423279055763479,fading,45.05365865699094,749,2000-2019,2020-2025,45.05365865699094
Healthcare AI,contrast vision,232,197,12.531734456868147,5.68772375562998,-6.844010701238167,0.47481966242558366,fading,41.5006108582677,429,2000-2019,2020-2025,41.5006108582677
Healthcare AI,active contour,164,45,8.858639874682655,1.2992262385956808,-7.559413636086974,0.1922529622560876,fading,40.42099758132898,209,2000-2019,2020-2025,40.42099758132898
Healthcare AI,advanced image,418,588,22.5787284610814,16.976556184316895,-5.602172276764506,0.757258191836189,fading,38.737513708475014,1006,2000-2019,2020-2025,38.737513708475014
Healthcare AI,contextual image,744,1217,40.18797601685302,35.13685183046541,-5.051124186387611,0.8758570791455582,fading,38.29620744864692,1961,2000-2019,2020-2025,38.29620744864692
Healthcare AI,filter signal,194,137,10.47912277858802,3.9554221041690725,-6.523700674418947,0.40580856904690393,fading,37.87096291181351,331,2000-2019,2020-2025,37.87096291181351
Healthcare AI,culture study,184,123,9.938961810619565,3.551218385494861,-6.387743425124704,0.38808633070901294,fading,36.60240721399794,307,2000-2019,2020-2025,36.60240721399794
Healthcare AI,mass detection,178,112,9.614865229838491,3.2336297493936943,-6.381235480444797,0.3691230347172219,fading,36.202811724507725,290,2000-2019,2020-2025,36.202811724507725
Healthcare AI,fractal dimension,146,33,7.886350132339437,0.9527659083034993,-6.933584224035938,0.1732298181423817,fading,36.00580369743171,179,2000-2019,2020-2025,36.00580369743171
Healthcare AI,medical imaging,4670,13846,252.2551720412683,399.75747776879547,147.50230572752716,1.5835777940221294,rising,1449.4232220391743,18516,2000-2019,2020-2025,1449.4232220391743
Healthcare AI,learning medical,4003,12510,216.22643547777238,361.1848943295993,144.9584588518269,1.6688545332841684,rising,1407.8313026950757,16513,2000-2019,2020-2025,1407.8313026950757
Healthcare AI,radiomic machine,3988,12427,215.4161940258197,358.788543711745,143.3723496859253,1.664018511130205,rising,1391.573710385725,16415,2000-2019,2020-2025,1391.573710385725
Healthcare AI,cancer detection,15680,32767,846.9723977745368,946.0388035569928,99.06640578245594,1.1168963213935987,rising,1068.7527892822375,48447,2000-2019,2020-2025,1068.7527892822375
Healthcare AI,detection,15692,32772,847.620590936099,946.1831620279478,98.56257109184878,1.116212920833654,rising,1063.351875246532,48464,2000-2019,2020-2025,1063.351875246532
Healthcare AI,neural network,2910,8783,157.1868416788203,253.58009007968587,96.39324840086559,1.611295447195279,rising,902.8992835769022,11693,2000-2019,2020-2025,902.8992835769022
Healthcare AI,detection classification,911,4606,49.20866418192622,132.98302344381568,83.77435926188946,2.6853069910566885,rising,721.7806745287884,5517,2000-2019,2020-2025,721.7806745287884
Healthcare AI,tumor detection,844,4442,45.58958569653757,128.2480655964892,82.65847989995163,2.793430742558427,rising,708.6316653131976,5286,2000-2019,2020-2025,708.6316653131976
Healthcare AI,brain tumor,800,4363,43.212877437476365,125.967201755399,82.75432431792264,2.893133766732429,rising,707.5053443375351,5163,2000-2019,2020-2025,707.5053443375351
Healthcare AI,internal medicine,4268,10364,230.54070112893643,299.2262385956808,68.68553746674436,1.297287608335352,rising,658.7653616301877,14632,2000-2019,2020-2025,658.7653616301877
Healthcare AI,convolutional neural,1345,4994,72.65165019175714,144.18524078992957,71.53359059817242,1.9778807506140572,rising,626.2504077857699,6339,2000-2019,2020-2025,626.2504077857699
Healthcare AI,intelligence healthcare,548,3057,29.600821044671314,88.26076914193325,58.65994809726194,2.9487823275719713,rising,480.4457642229337,3605,2000-2019,2020-2025,480.4457642229337
Healthcare AI,covid-19 diagnosi,421,2669,22.740776751471937,77.05855179581938,54.31777504434744,3.3371755438813926,rising,436.51121655688246,3090,2000-2019,2020-2025,436.51121655688246
Healthcare AI,imaging blood,1970,4935,106.41171068978555,142.48181083265965,36.0701001428741,1.3373821250277709,rising,318.86494709526994,6905,2000-2019,2020-2025,318.86494709526994
Healthcare AI,blood disease,1970,4935,106.41171068978555,142.48181083265965,36.0701001428741,1.3373821250277709,rising,318.86494709526994,6905,2000-2019,2020-2025,318.86494709526994
Healthcare AI,transfer learning,205,1526,11.07329984335332,44.058205335489085,32.984905492135766,3.8500864868786215,rising,245.96949871152546,1731,2000-2019,2020-2025,245.96949871152546
Healthcare AI,artificial neural,1903,4526,102.79263220439691,130.67328790853446,27.880655704137553,1.2699191133881351,rising,244.4779369968411,6429,2000-2019,2020-2025,244.4779369968411
Healthcare AI,digital imaging,2220,5078,119.91573488899692,146.61046310197483,26.694728212977907,1.2216880396701142,rising,237.462758117149,7298,2000-2019,2020-2025,237.462758117149
Healthcare AI,advanced neural,180,1445,9.722897423432183,41.71959810601686,31.996700682584677,4.129905285877579,rising,236.57971053203886,1625,2000-2019,2020-2025,236.57971053203886
Healthcare AI,transformer,4,1110,0.21606438718738183,32.047580552026794,31.831516164839414,45.45342728168612,rising,223.3493245752476,1114,2000-2019,2020-2025,223.3493245752476
Healthcare AI,cancer diagnosi,725,2302,39.161670177712956,66.46264002771683,27.300969850003874,1.6883464495487908,rising,218.8352268629839,3027,2000-2019,2020-2025,218.8352268629839
Healthcare AI,imaging analysi,435,1760,23.497002106627775,50.81418177618663,27.317179669558854,2.1383580143960597,rising,210.18911063758839,2195,2000-2019,2020-2025,210.18911063758839
Healthcare AI,feature linguistic,1471,3601,79.45767838815968,103.96697078184548,24.509292393685797,1.3065283145754165,rising,209.10562692071645,5072,2000-2019,2020-2025,209.10562692071645
Healthcare AI,healthcare education,80,1016,4.321287743747637,29.33364129807137,25.012353554323735,6.187898935665137,rising,175.09484051892008,1096,2000-2019,2020-2025,175.09484051892008
Healthcare AI,attention,44,877,2.3767082590612003,25.320475805520267,22.943767546459068,8.9757019065766,rising,156.62666675467295,921,2000-2019,2020-2025,156.62666675467295
Healthcare AI,adversarial,250,1193,13.504024199211365,34.44393116988105,20.939906970669682,2.495277833913548,rising,152.3414315649322,1443,2000-2019,2020-2025,152.3414315649322
Healthcare AI,histopathological image,313,1276,16.90703829741263,36.84028178773531,19.933243490322678,2.145125503244601,rising,146.9376910078133,1589,2000-2019,2020-2025,146.9376910078133
Healthcare AI,random forest,296,1209,15.988764651866257,34.905878276937294,18.91711362507104,2.1472729476389207,rising,138.42053854772277,1505,2000-2019,2020-2025,138.42053854772277
Healthcare AI,histopathology image,265,1152,14.314265651164046,33.260191708049426,18.94592605688538,2.2788974157079926,rising,137.49063668318345,1417,2000-2019,2020-2025,137.49063668318345
Healthcare AI,cervical cancer,653,1827,35.272511208340084,52.74858528698464,17.476074078644558,1.4885336110977343,rising,136.60028223657338,2480,2000-2019,2020-2025,136.60028223657338
Healthcare AI,adversarial network,228,1078,12.315670069680765,31.123686337914307,18.808016268233544,2.467579624473123,rising,134.95672726638682,1306,2000-2019,2020-2025,134.95672726638682
Healthcare AI,generative adversarial,229,1068,12.36968616647761,30.83496939600416,18.46528322952655,2.43478892885703,rising,132.36985815647074,1297,2000-2019,2020-2025,132.36985815647074
Healthcare AI,breast cancer,6149,11918,332.14497920380273,344.0928513685183,11.94787216471559,1.0359177889692286,rising,117.11182065268184,18067,2000-2019,2020-2025,117.11182065268184
Healthcare AI,cancer prediction,74,709,3.997191162966564,20.470031181429725,16.47284001846316,4.66291745703709,rising,109.78174360983506,783,2000-2019,2020-2025,109.78174360983506
Healthcare AI,ensemble learning,107,750,5.7797223572624645,21.653770643261346,15.874048285998882,3.5278264520151326,rising,107.22291162807791,857,2000-2019,2020-2025,107.22291162807791
Healthcare AI,image synthesi,200,892,10.803219359369091,25.753551218385496,14.950331859016405,2.3226613926256565,rising,104.60271016007601,1092,2000-2019,2020-2025,104.60271016007601
Healthcare AI,network image,204,883,11.019283746556473,25.49370597066636,14.474422224109885,2.2565383875049356,rising,101.20655592210785,1087,2000-2019,2020-2025,101.20655592210785
Healthcare AI,slide image,156,750,8.426511100307891,21.653770643261346,13.227259542953455,2.4817950030328446,rising,90.07952171215786,906,2000-2019,2020-2025,90.07952171215786
Healthcare AI,whole slide,270,938,14.584346135148275,27.08164915117219,12.497303016023915,1.8284948451894611,rising,88.70021865716532,1208,2000-2019,2020-2025,88.70021865716532
Healthcare AI,image classification,850,1964,45.91368227731864,56.704007391153716,10.790325113835074,1.2324815568254983,rising,85.70450455015173,2814,2000-2019,2020-2025,85.70450455015173
Healthcare AI,cancer classification,1380,2934,74.54221357964674,84.70955075643839,10.167337176791648,1.1354882364444174,rising,85.09911354001014,4314,2000-2019,2020-2025,85.09911354001014
Healthcare AI,melanoma detection,168,737,9.074704261870037,21.27843861877815,12.203734356908113,2.2745808145226825,rising,83.09570691669448,905,2000-2019,2020-2025,83.09570691669448
Healthcare AI,cutaneou melanoma,166,720,8.966672068276347,20.787619817530892,11.820947749254545,2.2486909511598676,rising,80.23876086592118,886,2000-2019,2020-2025,80.23876086592118
Healthcare AI,detection management,167,720,9.020688165073192,20.787619817530892,11.7669316524577,2.2359328914505245,rising,79.88536649025549,887,2000-2019,2020-2025,79.88536649025549
Healthcare AI,identification biology,284,906,15.34057149030411,26.157754937059707,10.817183446755596,1.682878357853232,rising,76.61322714527267,1190,2000-2019,2020-2025,76.61322714527267
Healthcare AI,colorectal cancer,640,1537,34.57030194998109,44.375793971590255,9.805492021609162,1.2795953121702293,rising,75.36660314369279,2177,2000-2019,2020-2025,75.36660314369279
Healthcare AI,domain mathematical,141,651,7.6162696483552095,18.79547291835085,11.17920326999564,2.377381944457839,rising,74.63038478921311,792,2000-2019,2020-2025,74.63038478921311
Healthcare AI,context archaeology,334,983,18.041376330146385,28.380875389767873,10.339499059621488,1.557644636272795,rising,74.27762450283058,1317,2000-2019,2020-2025,74.27762450283058
Healthcare AI,thermography medicine,913,2020,49.3166963755199,58.32082226585056,9.004125890330656,1.1807451426015338,rising,71.89003923991453,2933,2000-2019,2020-2025,71.89003923991453
Healthcare AI,infrared thermography,913,2020,49.3166963755199,58.32082226585056,9.004125890330656,1.1807451426015338,rising,71.89003923991453,2933,2000-2019,2020-2025,71.89003923991453
Healthcare AI,deep learning-based,19,437,1.0263058391400637,12.616930361473612,11.590624522333549,8.593906951744236,rising,70.98890550202736,456,2000-2019,2020-2025,70.98890550202736
Healthcare AI,lung cancer,282,875,15.232539296710419,25.26273241713824,10.03019312042782,1.6375444504705654,rising,70.7574924294094,1157,2000-2019,2020-2025,70.7574924294094
Healthcare AI,learning healthcare,70,503,3.781126775779182,14.522462178080609,10.741335402301427,3.508997272183434,rising,68.23572303238811,573,2000-2019,2020-2025,68.23572303238811
Healthcare AI,benchmark surveying,143,619,7.7243018419489005,17.871578704238363,10.147276862289463,2.233816201945827,rising,67.35009484989769,762,2000-2019,2020-2025,67.35009484989769
Healthcare AI,robustness evolution,188,687,10.155026197806947,19.834853909227395,9.679827711420447,1.9084752615073608,rising,65.58437644206451,875,2000-2019,2020-2025,65.58437644206451
Healthcare AI,natural language,84,505,4.537352130935019,14.58020556646264,10.042853435527622,2.993677069715493,rising,64.07463553879101,589,2000-2019,2020-2025,64.07463553879101
Healthcare AI,cancer hpv,429,1102,23.1729055258467,31.81660699849867,8.64370147265197,1.3651305693428526,rising,63.39575340610731,1531,2000-2019,2020-2025,63.39575340610731
Healthcare AI,hpv research,429,1101,23.1729055258467,31.787735304307656,8.614829778460955,1.3639109601081734,rising,63.17837379890802,1530,2000-2019,2020-2025,63.17837379890802
Healthcare AI,pipeline software,80,493,4.321287743747637,14.233745236170458,9.91245749242282,3.0559771619683014,rising,62.97016885613335,573,2000-2019,2020-2025,62.97016885613335
Healthcare AI,project management,250,780,13.504024199211365,22.5199214689918,9.015897269780435,1.6438076042662197,rising,62.554860136408465,1030,2000-2019,2020-2025,62.554860136408465
Healthcare AI,task project,250,780,13.504024199211365,22.5199214689918,9.015897269780435,1.6438076042662197,rising,62.554860136408465,1030,2000-2019,2020-2025,62.554860136408465
Healthcare AI,language processing,84,496,4.537352130935019,14.320360318743504,9.783008187808484,2.9420933723750995,rising,62.26640876764249,580,2000-2019,2020-2025,62.26640876764249
Healthcare AI,cancer screening,824,1808,44.50926376060066,52.200023097355356,7.690759336754695,1.170870587389765,rising,60.57149118104797,2632,2000-2019,2020-2025,60.57149118104797
Healthcare AI,generative grammar,63,451,3.4030140982012638,13.021134080147823,9.61811998194656,3.464280102492878,rising,60.057146437883205,514,2000-2019,2020-2025,60.057146437883205
Healthcare AI,model breast,39,412,2.106627775076973,11.895138006698232,9.78851023162126,4.755238981650232,rising,59.84384057016837,451,2000-2019,2020-2025,59.84384057016837
Healthcare AI,digital pathology,954,2040,51.53135634419057,58.898256149670864,7.366899805480294,1.14158577294714,rising,58.96981926719568,2994,2000-2019,2020-2025,58.96981926719568
Healthcare AI,diagnosi treatment,315,877,17.01507049100632,25.320475805520267,8.305405314513948,1.4741862340079435,rising,58.83737177531216,1192,2000-2019,2020-2025,58.83737177531216
Healthcare AI,computational biology,131,547,7.0761086803867554,15.792816722485275,8.71670804209852,2.150552138284999,rising,56.83835062206841,678,2000-2019,2020-2025,56.83835062206841
Healthcare AI,logistic regression,163,597,8.80462377788581,17.236401432036033,8.431777654150222,1.9061922174854538,rising,55.94175329029782,760,2000-2019,2020-2025,55.94175329029782
Healthcare AI,decision tree,207,647,11.18133203694701,18.679986141586788,7.498654104639778,1.6419348479199294,rising,50.62417474088227,854,2000-2019,2020-2025,50.62417474088227
Healthcare AI,electrical engineering,21,321,1.1343380327337547,9.267813835315856,8.133475802582101,5.976617835281756,rising,47.481039334020956,342,2000-2019,2020-2025,47.481039334020956
Healthcare AI,vision transformer,0,289,0.0,8.343919621203373,8.343919621203373,17.687839242406746,rising,47.309030683143845,289,2000-2019,2020-2025,47.309030683143845
Healthcare AI,mathematical analysi,266,728,14.368281747960893,21.018593371059012,6.650311623098119,1.4472817865460597,rising,45.90539025618192,994,2000-2019,2020-2025,45.90539025618192
Healthcare AI,class philosophy,158,538,8.534543293901583,15.53297147476614,6.998428180864556,1.7746299899396765,rising,45.81720751273939,696,2000-2019,2020-2025,45.81720751273939
Healthcare AI,domain adaptation,34,332,1.8365472910927456,9.585402471417023,7.748855180324277,4.316369931763858,rising,45.759793747987004,366,2000-2019,2020-2025,45.759793747987004
Healthcare AI,deep neural,129,486,6.9680764867930645,14.031643376833353,7.063566890040288,1.9458348347840126,rising,45.37103457816719,615,2000-2019,2020-2025,45.37103457816719
Healthcare AI,supervised learning,49,351,2.6467887430454273,10.13396466104631,7.487175918000883,3.379306820182303,rising,44.87784365195595,400,2000-2019,2020-2025,44.87784365195595
Healthcare AI,ultrasound image,409,975,22.092583589909793,28.14990183623975,6.057318246329956,1.2681109144611178,rising,43.81534149122993,1384,2000-2019,2020-2025,43.81534149122993
Healthcare AI,scale ratio,109,443,5.8877545508561555,12.790160526619703,6.902405975763547,2.0805684408832543,rising,43.5911648087939,552,2000-2019,2020-2025,43.5911648087939
Healthcare AI,multiple instance,24,305,1.2963863231242911,8.805866728259614,7.5094804051353234,5.180325973577203,rising,43.54817265623551,329,2000-2019,2020-2025,43.54817265623551
"Knowledge, Logic & Reasoning",programming language,47076,10763,427.489511632553,312.7142774129816,-114.77523421957142,0.7318269931854994,fading,1258.560468787654,57839,2000-2019,2020-2025,1258.560468787654
"Knowledge, Logic & Reasoning",world wide,24086,3938,218.72105483009753,114.41687489104538,-104.30417993905215,0.524205464571408,fading,1068.163695598418,28024,2000-2019,2020-2025,1068.163695598418
"Knowledge, Logic & Reasoning",wide web,24086,3938,218.72105483009753,114.41687489104538,-104.30417993905215,0.524205464571408,fading,1068.163695598418,28024,2000-2019,2020-2025,1068.163695598418
"Knowledge, Logic & Reasoning",information retrieval,26880,5599,244.09291513049163,162.67650647916787,-81.41640865132376,0.6671350492393139,fading,845.7845745558981,32479,2000-2019,2020-2025,845.7845745558981
"Knowledge, Logic & Reasoning",web service,15872,2255,144.13105464848078,65.51804288453717,-78.61301176394362,0.45645828307752456,fading,770.8173236016033,18127,2000-2019,2020-2025,770.8173236016033
"Knowledge, Logic & Reasoning",architecture web,15027,2200,136.45774686257062,63.92004183857284,-72.53770502399777,0.47036435188448833,fading,707.5539011331333,17227,2000-2019,2020-2025,707.5539011331333
"Knowledge, Logic & Reasoning",advanced database,14611,2506,132.68011841412252,72.81073856702888,-59.86937984709364,0.5504630829285624,fading,583.5998788901135,17117,2000-2019,2020-2025,583.5998788901135
"Knowledge, Logic & Reasoning",system query,14611,2507,132.68011841412252,72.83979313150095,-59.84032528262156,0.550681242852266,fading,583.3201539654589,17118,2000-2019,2020-2025,583.3201539654589
"Knowledge, Logic & Reasoning",theoretical computer,28244,7158,256.47917763934544,207.97257249113835,-48.506605148207086,0.8112430524768698,fading,508.08495027006666,35402,2000-2019,2020-2025,508.08495027006666
"Knowledge, Logic & Reasoning",logic programming,38854,10715,352.8268647500045,311.3196583183218,-41.50720643168273,0.8825246235916676,fading,448.74026502679146,49569,2000-2019,2020-2025,448.74026502679146
"Knowledge, Logic & Reasoning",programming type,37170,10236,337.534734203883,297.4025219361962,-40.13221226768678,0.8812778445321499,fading,432.0844737528214,47406,2000-2019,2020-2025,432.0844737528214
"Knowledge, Logic & Reasoning",method verification,16011,4022,145.39329107716895,116.85745830669998,-28.53583277046897,0.8044061343754649,fading,282.6527343716961,20033,2000-2019,2020-2025,282.6527343716961
"Knowledge, Logic & Reasoning",data mining,11989,2812,108.87016218375983,81.70143529548493,-27.168726888274904,0.7515892237351995,fading,260.8881777273,14801,2000-2019,2020-2025,260.8881777273
"Knowledge, Logic & Reasoning",web stack,4440,365,40.31891901709014,10.604916032308676,-29.714002984781462,0.2720531630849717,fading,251.9040383536759,4805,2000-2019,2020-2025,251.9040383536759
"Knowledge, Logic & Reasoning",semantic computer,12597,3091,114.39131145456857,89.80765878319484,-24.583652671373727,0.7860268774014749,fading,237.4956647926418,15688,2000-2019,2020-2025,237.4956647926418
"Knowledge, Logic & Reasoning",knowledge management,8707,1981,79.0668531265324,57.55709221918764,-21.509760907344756,0.7296643003696711,fading,199.54541641593403,10688,2000-2019,2020-2025,199.54541641593403
"Knowledge, Logic & Reasoning",social semantic,3414,253,31.001979622600388,7.350804811435877,-23.65117481116451,0.24921623674099178,fading,194.11469550665626,3667,2000-2019,2020-2025,194.11469550665626
"Knowledge, Logic & Reasoning",domain mathematical,7303,1551,66.31735711302011,45.063629496193855,-21.253727616826254,0.6819130756567334,fading,193.16955227313142,8854,2000-2019,2020-2025,193.16955227313142
"Knowledge, Logic & Reasoning",data integration,5202,867,47.23851728083398,25.190307397292116,-22.048209883541865,0.5381463200074343,fading,192.0644672350481,6069,2000-2019,2020-2025,192.0644672350481
"Knowledge, Logic & Reasoning",process computing,6478,1331,58.825666079439166,38.671625312336566,-20.1540407671026,0.660281256006201,fading,180.64389693614427,7809,2000-2019,2020-2025,180.64389693614427
"Knowledge, Logic & Reasoning",discrete mathematic,13558,3626,123.1179964039883,105.35185077575687,-17.766145628231428,0.8562818833418802,fading,173.25176017106816,17184,2000-2019,2020-2025,173.25176017106816
"Knowledge, Logic & Reasoning",mathematical analysi,8967,2168,81.42787090681244,62.99029577546633,-18.437575131346115,0.7749535667499813,fading,171.80018899796553,11135,2000-2019,2020-2025,171.80018899796553
"Knowledge, Logic & Reasoning",upper ontology,4246,666,38.557236519496556,19.350339938404325,-19.20689658109223,0.5082371848939043,fading,163.25170707437465,4912,2000-2019,2020-2025,163.25170707437465
"Knowledge, Logic & Reasoning",ontology-based data,4340,719,39.41083525544396,20.89023185542449,-18.520603400019475,0.5359504936070411,fading,157.96448150969104,5059,2000-2019,2020-2025,157.96448150969104
"Knowledge, Logic & Reasoning",description logic,7509,1835,68.18800966201123,53.31512580626416,-14.872883855747062,0.7834719053742986,fading,135.97677915485303,9344,2000-2019,2020-2025,135.97677915485303
"Knowledge, Logic & Reasoning",data type,9461,2474,85.91380468934454,71.88099250392237,-14.032812185422173,0.8376091385413502,fading,131.73041881237384,11935,2000-2019,2020-2025,131.73041881237384
"Knowledge, Logic & Reasoning",process ontology,3865,681,35.09743738762464,19.7861584054855,-15.311278982139136,0.5698769319989853,fading,128.95500529579067,4546,2000-2019,2020-2025,128.95500529579067
"Knowledge, Logic & Reasoning",abstract data,9006,2346,81.78202357385445,68.1620082514963,-13.620015322358142,0.8344715561092985,fading,127.173315164835,11352,2000-2019,2020-2025,127.173315164835
"Knowledge, Logic & Reasoning",pure mathematic,10840,2961,98.43627976244528,86.03056540182463,-12.40571436062065,0.8746090474555152,fading,118.2583255091356,13801,2000-2019,2020-2025,118.2583255091356
"Knowledge, Logic & Reasoning",set abstract,8721,2297,79.19398485316286,66.73833459236447,-12.455650260798393,0.8437065195855361,fading,115.92942446801148,11018,2000-2019,2020-2025,115.92942446801148
"Knowledge, Logic & Reasoning",semantic analytic,2193,189,19.914276892900602,5.491312685222849,-14.422964207677754,0.2934864025140379,fading,112.15463520096418,2382,2000-2019,2020-2025,112.15463520096418
"Knowledge, Logic & Reasoning",web data,3179,533,28.86798278273188,15.486082863617874,-13.381899919114005,0.5443371096300681,fading,109.99380374340211,3712,2000-2019,2020-2025,109.99380374340211
"Knowledge, Logic & Reasoning",representation politic,4879,1115,44.30540673071684,32.3958393863676,-11.909567344349242,0.7341935223146963,fading,103.59752797994983,5994,2000-2019,2020-2025,103.59752797994983
"Knowledge, Logic & Reasoning",mining analysi,2946,510,26.752147618096295,14.817827880760067,-11.934319737336228,0.5620778257706391,fading,97.24270422385993,3456,2000-2019,2020-2025,97.24270422385993
"Knowledge, Logic & Reasoning",ontology language,2289,297,20.786037304080928,8.629205648207334,-12.156831655873594,0.4288823475122397,fading,95.53147320190018,2586,2000-2019,2020-2025,95.53147320190018
"Knowledge, Logic & Reasoning",parallel computing,4508,1028,40.93641597500954,29.868092277296764,-11.068323697712774,0.7328841446039126,fading,95.40018545494995,5536,2000-2019,2020-2025,95.40018545494995
"Knowledge, Logic & Reasoning",engineering methodology,2305,304,20.931330705944315,8.832587599511884,-12.098743106432432,0.43546468147791423,fading,95.18208843953381,2609,2000-2019,2020-2025,95.18208843953381
"Knowledge, Logic & Reasoning",search engine,2861,519,25.980276420697045,15.079318961008774,-10.900957459688271,0.5883367195076538,fading,88.58038239685939,3380,2000-2019,2020-2025,88.58038239685939
"Knowledge, Logic & Reasoning",operational semantic,3304,677,30.003087484789596,19.66994014759719,-10.333147337192408,0.6612425761049584,fading,85.65703285209527,3981,2000-2019,2020-2025,85.65703285209527
"Knowledge, Logic & Reasoning",functional programming,2516,431,22.847387443017745,12.522517287465861,-10.324870155551883,0.5577719271267059,fading,82.48417195341052,2947,2000-2019,2020-2025,82.48417195341052
"Knowledge, Logic & Reasoning",knowledge base,4291,1017,38.96587421223734,29.5484920681039,-9.417382144133438,0.7613791070865635,fading,80.77438187232693,5308,2000-2019,2020-2025,80.77438187232693
"Knowledge, Logic & Reasoning",context archaeology,5873,1526,53.331759321479815,44.33726538439189,-8.994493937087924,0.8329147319266795,fading,80.13406270278463,7399,2000-2019,2020-2025,80.13406270278463
"Knowledge, Logic & Reasoning",computing optimization,3443,757,31.26532391347778,21.994305305363472,-9.271018608114307,0.7081402779531965,fading,77.34883019255805,4200,2000-2019,2020-2025,77.34883019255805
"Knowledge, Logic & Reasoning",data management,7395,2047,67.15279417373459,59.47469347434482,-7.678100699389773,0.886507264139421,fading,70.27787840684526,9442,2000-2019,2020-2025,70.27787840684526
"Knowledge, Logic & Reasoning",upper merged,2008,316,18.234321933855178,9.181242373176826,-9.053079560678352,0.5167650266371079,fading,70.17472276668278,2324,2000-2019,2020-2025,70.17472276668278
"Knowledge, Logic & Reasoning",suggested upper,2008,316,18.234321933855178,9.181242373176826,-9.053079560678352,0.5167650266371079,fading,70.17472276668278,2324,2000-2019,2020-2025,70.17472276668278
"Knowledge, Logic & Reasoning",mining ontology,7005,1925,63.61126750331451,55.93003660875124,-7.681230894563271,0.8801890651410665,fading,69.87833622655718,8930,2000-2019,2020-2025,69.87833622655718
"Knowledge, Logic & Reasoning",merged ontology,2009,318,18.24340277147164,9.239351502120984,-9.004051269350656,0.5196149077554234,fading,69.8062918181149,2327,2000-2019,2020-2025,69.8062918181149
"Knowledge, Logic & Reasoning",biomedical text,7006,1927,63.62034834093097,55.98814573769539,-7.6322026032355765,0.8809706621889389,fading,69.43487524574,8933,2000-2019,2020-2025,69.43487524574
"Knowledge, Logic & Reasoning",text mining,7145,1973,64.88258476961914,57.324655703411004,-7.557929066208139,0.884404553707396,fading,68.91406962182072,9118,2000-2019,2020-2025,68.91406962182072
"Knowledge, Logic & Reasoning",representation reasoning,3420,792,31.05646464829916,23.011215061886222,-8.045249586412936,0.7450522523331344,fading,67.14509198841789,4212,2000-2019,2020-2025,67.14509198841789
"Knowledge, Logic & Reasoning",knowledge representation,3537,841,32.11892264942518,24.434888721018073,-7.684033928407107,0.7644301741356709,fading,64.42736389899858,4378,2000-2019,2020-2025,64.42736389899858
"Knowledge, Logic & Reasoning",data web,1246,88,11.31472367011133,2.5568016735429135,-8.757921996568417,0.2587281563999634,fading,63.02801962111869,1334,2000-2019,2020-2025,63.02801962111869
"Knowledge, Logic & Reasoning",ontology alignment,2348,461,21.32180672345217,13.394154221628218,-7.927652501823951,0.6367096179390132,fading,62.95301097365121,2809,2000-2019,2020-2025,62.95301097365121
"Knowledge, Logic & Reasoning",linked data,3721,917,33.789796770854146,26.643035620896043,-7.1467611499581025,0.791577617163577,fading,60.334773653914084,4638,2000-2019,2020-2025,60.334773653914084
"Knowledge, Logic & Reasoning",object grammar,2191,422,19.896115217667678,12.261026207217153,-7.635089010450525,0.6256596450368744,fading,60.07774307801108,2613,2000-2019,2020-2025,60.07774307801108
"Knowledge, Logic & Reasoning",simple philosophy,2624,582,23.82811790559561,16.909756522749724,-6.918361382845887,0.7156228274750911,fading,55.8525623961501,3206,2000-2019,2020-2025,55.8525623961501
"Knowledge, Logic & Reasoning",object-oriented programming,1185,102,10.760792575507164,2.9635655761520137,-7.79722699935515,0.30757742431784574,fading,55.834741041664685,1287,2000-2019,2020-2025,55.834741041664685
"Knowledge, Logic & Reasoning",class philosophy,3280,798,29.785147381994516,23.185542448718692,-6.599604933275824,0.7820844372974887,fading,54.866522689957264,4078,2000-2019,2020-2025,54.866522689957264
"Knowledge, Logic & Reasoning",business process,3827,975,34.75236555819909,28.3282003602766,-6.424165197922488,0.8177664081204236,fading,54.45762269682324,4802,2000-2019,2020-2025,54.45762269682324
"Knowledge, Logic & Reasoning",extension predicate,2787,649,25.308294437078874,18.856412342378988,-6.4518820946998865,0.7500074206596758,fading,52.53350976751049,3436,2000-2019,2020-2025,52.53350976751049
"Knowledge, Logic & Reasoning",semantic computing,1488,226,13.512286373295073,6.566331570689755,-6.945954802605318,0.50429540065331,fading,51.72769483317426,1714,2000-2019,2020-2025,51.72769483317426
"Knowledge, Logic & Reasoning",web standard,1013,66,9.198888505475745,1.9176012551571853,-7.2812872503185595,0.2492658054365992,fading,50.857725888769096,1079,2000-2019,2020-2025,50.857725888769096
"Knowledge, Logic & Reasoning",schema genetic,2259,486,20.513612175587078,14.120518333430182,-6.393093842156896,0.6957641652117201,fading,50.61988148126348,2745,2000-2019,2020-2025,50.61988148126348
"Knowledge, Logic & Reasoning",process modeling,3678,953,33.39932075334629,27.68899994189087,-5.710320811455418,0.8315505831811767,fading,48.19935623730729,4631,2000-2019,2020-2025,48.19935623730729
"Knowledge, Logic & Reasoning",library science,2519,581,22.874629955867128,16.880701958277644,-5.993927997589484,0.743571213366525,fading,48.188063773154624,3100,2000-2019,2020-2025,48.188063773154624
"Knowledge, Logic & Reasoning",predicate logic,3340,847,30.32999763898222,24.609216107850543,-5.720781531131678,0.8144410648965416,fading,47.71119538467678,4187,2000-2019,2020-2025,47.71119538467678
"Knowledge, Logic & Reasoning",domain knowledge,2610,616,23.70098617896515,17.897611714800394,-5.803374464164754,0.7602009099443686,fading,46.887250849871464,3226,2000-2019,2020-2025,46.887250849871464
"Knowledge, Logic & Reasoning",logic program,1381,214,12.540636748333666,6.217676797024812,-6.322959951308854,0.5151341093741606,fading,46.6334469150149,1595,2000-2019,2020-2025,46.6334469150149
"Knowledge, Logic & Reasoning",web rule,977,75,8.871978351283122,2.179092335405892,-6.69288601587723,0.2858619850566659,fading,46.57846098077828,1052,2000-2019,2020-2025,46.57846098077828
"Knowledge, Logic & Reasoning",service business,1176,146,10.67906503695901,4.24196641292347,-6.4370986240355395,0.424182737755447,fading,46.26765804116357,1322,2000-2019,2020-2025,46.26765804116357
"Knowledge, Logic & Reasoning",ontology inference,1017,91,9.235211855941593,2.6439653669591494,-6.591246488982444,0.3229478118691711,fading,46.21263957762771,1108,2000-2019,2020-2025,46.21263957762771
"Knowledge, Logic & Reasoning",rule language,984,81,8.935544214598355,2.3534197222383635,-6.582124492359991,0.3024117801094768,fading,45.88839067578283,1065,2000-2019,2020-2025,45.88839067578283
"Knowledge, Logic & Reasoning",inference layer,1011,91,9.180726830242822,2.6439653669591494,-6.536761463283673,0.32476542537460373,fading,45.795171680952215,1102,2000-2019,2020-2025,45.795171680952215
"Knowledge, Logic & Reasoning",modeling analysi,3680,970,33.41748242857921,28.182927537916207,-5.234554890663006,0.8456679412546163,fading,44.20496558945449,4650,2000-2019,2020-2025,44.20496558945449
"Knowledge, Logic & Reasoning",semantic search,1099,139,9.979840540491455,4.03858446161892,-5.941256078872535,0.4330776259507935,fading,42.31398156582335,1238,2000-2019,2020-2025,42.31398156582335
"Knowledge, Logic & Reasoning",human computer,4038,1092,36.668422295272514,31.72758440350979,-4.9408378917627225,0.8670689368380549,fading,42.20985405977929,5130,2000-2019,2020-2025,42.20985405977929
"Knowledge, Logic & Reasoning",programming paradigm,1323,217,12.013948166578885,6.304840490441048,-5.709107676137837,0.5437804600002099,fading,41.905917005811965,1540,2000-2019,2020-2025,41.905917005811965
"Knowledge, Logic & Reasoning",automata theory,2312,544,20.99489656925955,15.805683072810739,-5.18921349644881,0.7585839280627175,fading,41.29330859401716,2856,2000-2019,2020-2025,41.29330859401716
"Knowledge, Logic & Reasoning",type biology,3498,924,31.764769982383175,26.846417572200593,-4.918352410182582,0.8475627623296853,fading,41.287470697328466,4422,2000-2019,2020-2025,41.287470697328466
"Knowledge, Logic & Reasoning",knowledge graph,456,1462,4.140861953106555,42.47777325817886,38.336911305072306,9.260730806571372,rising,289.8101619038643,1918,2000-2019,2020-2025,289.8101619038643
"Knowledge, Logic & Reasoning",natural language,13229,4799,120.13040082817238,139.43285490150504,19.302454073332655,1.1600131802664515,rising,189.15897050763886,18028,2000-2019,2020-2025,189.15897050763886
"Knowledge, Logic & Reasoning",language processing,12936,4602,117.4697154065491,133.70910570050555,16.239390293956447,1.1376572812606354,rising,158.69428160997458,17538,2000-2019,2020-2025,158.69428160997458
"Knowledge, Logic & Reasoning",neural network,471,847,4.277074517353481,24.609216107850543,20.332141590497063,5.256191004900035,rising,146.0788972082614,1318,2000-2019,2020-2025,146.0788972082614
"Knowledge, Logic & Reasoning",quality management,4264,1859,38.72069159659287,54.01243535359405,15.291743757001178,1.3898897019533838,rising,133.3435583811863,6123,2000-2019,2020-2025,133.3435583811863
"Knowledge, Logic & Reasoning",web ontology,64869,20673,589.0648553422568,600.6450113312801,11.580155989023297,1.0196418695654794,rising,131.51321969184505,85542,2000-2019,2020-2025,131.51321969184505
"Knowledge, Logic & Reasoning",semantic web,64885,20676,589.2101487441201,600.7321750246964,11.522026280576256,1.0195384568251271,rising,130.8556125830773,85561,2000-2019,2020-2025,130.8556125830773
"Knowledge, Logic & Reasoning",data quality,4292,1857,38.9749550498538,53.95432622464989,14.979371174796093,1.3794651863663507,rising,130.68314026331987,6149,2000-2019,2020-2025,130.68314026331987
"Knowledge, Logic & Reasoning",language model,31,684,0.28150596611031403,19.87332209890174,19.591816132791426,26.069311025612727,rising,128.7903331468706,715,2000-2019,2020-2025,128.7903331468706
"Knowledge, Logic & Reasoning",advanced graph,265,690,2.4064219683623618,20.04764948573421,17.641227517371846,7.069740632779447,rising,121.06747374078375,955,2000-2019,2020-2025,121.06747374078375
"Knowledge, Logic & Reasoning",graph neural,243,683,2.2066435408002034,19.844267534429658,17.637623993629454,7.516419220986519,rising,120.49942813138662,926,2000-2019,2020-2025,120.49942813138662
"Knowledge, Logic & Reasoning",advanced algebra,8749,3150,79.44824830642378,91.52187808704747,12.07362978062369,1.1510180652657724,rising,113.30248763409584,11899,2000-2019,2020-2025,113.30248763409584
"Knowledge, Logic & Reasoning",algebra logic,8753,3150,79.48457165688963,91.52187808704747,12.037306430157841,1.1504953540514582,rising,112.96566411946391,11903,2000-2019,2020-2025,112.96566411946391
"Knowledge, Logic & Reasoning",large language model,0,485,0.0,14.091463768958103,14.091463768958103,29.182927537916207,rising,87.17273469090998,485,2000-2019,2020-2025,87.17273469090998
"Knowledge, Logic & Reasoning",theoretical science,1344,726,12.204645756524581,21.09361380672904,8.888968050204458,1.6996628021398748,rising,67.87426544911632,2070,2000-2019,2020-2025,67.87426544911632
"Knowledge, Logic & Reasoning",philosophy theoretical,1344,726,12.204645756524581,21.09361380672904,8.888968050204458,1.6996628021398748,rising,67.87426544911632,2070,2000-2019,2020-2025,67.87426544911632
"Knowledge, Logic & Reasoning",modal logic,3545,1344,32.19156935035688,39.04933465047359,6.857765300116711,1.2097716761964457,rising,58.25635675736568,4889,2000-2019,2020-2025,58.25635675736568
"Knowledge, Logic & Reasoning",graph theory,1522,712,13.821034852254773,20.68684990411994,6.865815051865166,1.4794217123760562,rising,52.94914169801947,2234,2000-2019,2020-2025,52.94914169801947
"Knowledge, Logic & Reasoning",cognitive science,2313,945,21.00397740687601,27.456563426114243,6.4525860192382325,1.300064769281937,rising,52.19610189242918,3258,2000-2019,2020-2025,52.19610189242918
"Knowledge, Logic & Reasoning",benchmark surveying,550,427,4.994460689053958,12.406299029577546,7.411838340523588,2.348965578239448,rising,51.03428456640999,977,2000-2019,2020-2025,51.03428456640999
"Knowledge, Logic & Reasoning",automated reasoning,654,446,5.93886780116598,12.95833575454704,7.01946795338106,2.0901711558839495,rising,49.16417199903463,1100,2000-2019,2020-2025,49.16417199903463
"Knowledge, Logic & Reasoning",satisfaction optimization,2005,824,18.207079421005794,23.940961124992736,5.733881703986942,1.3065086524168217,rising,45.573075213818036,2829,2000-2019,2020-2025,45.573075213818036
"Knowledge, Logic & Reasoning",scientific computing,2294,905,20.831441492163236,26.2943808472311,5.4629393550678635,1.2560979930528766,rising,44.09087050349582,3199,2000-2019,2020-2025,44.09087050349582
"Knowledge, Logic & Reasoning",probabilistic logic,1747,739,15.864223315958665,21.47132314486606,5.607099828907394,1.342643810258887,rising,43.84097405790565,2486,2000-2019,2020-2025,43.84097405790565
"Knowledge, Logic & Reasoning",computing data,2295,904,20.8405223297797,26.26532628275902,5.424803952979321,1.2542020232283284,rising,43.78308325458103,3199,2000-2019,2020-2025,43.78308325458103
"Knowledge, Logic & Reasoning",computability logic,2577,986,23.40131853762191,28.647800569469464,5.2464820318475525,1.2195059667352375,rising,42.90908144931254,3563,2000-2019,2020-2025,42.90908144931254
"Knowledge, Logic & Reasoning",material science,978,501,8.881059188899584,14.55633680051136,5.675277611611776,1.6049719437147583,rising,41.42837656486518,1479,2000-2019,2020-2025,41.42837656486518
"Knowledge, Logic & Reasoning",key lock,1841,754,16.71782205190607,21.907141611947235,5.189319560041167,1.3013923331532335,rising,40.797014100657265,2595,2000-2019,2020-2025,40.797014100657265
"Knowledge, Logic & Reasoning",causal inference,2303,877,20.913169030711394,25.4808530420129,4.567684011301505,1.2133119112239015,rising,36.83814724017438,3180,2000-2019,2020-2025,36.83814724017438
"Knowledge, Logic & Reasoning",constraint satisfaction,2316,880,21.031219919725395,25.568016735429136,4.536796815703742,1.2107078387856438,rising,36.6118058014853,3196,2000-2019,2020-2025,36.6118058014853
"Knowledge, Logic & Reasoning",bayesian modeling,2294,868,20.831441492163236,25.219361961764193,4.387920469600957,1.2057020136784002,rising,35.363463110411146,3162,2000-2019,2020-2025,35.363463110411146
"Knowledge, Logic & Reasoning",modeling causal,2294,868,20.831441492163236,25.219361961764193,4.387920469600957,1.2057020136784002,rising,35.363463110411146,3162,2000-2019,2020-2025,35.363463110411146
"Knowledge, Logic & Reasoning",big data,1111,509,10.088810591888995,14.788773316287989,4.699962724398993,1.4438612518009486,rising,34.73647755570086,1620,2000-2019,2020-2025,34.73647755570086
"Knowledge, Logic & Reasoning",reasoning knowledge,38547,12153,350.0390476017508,353.1001220291708,3.06107442742001,1.0087324777321176,rising,33.16276481986834,50700,2000-2019,2020-2025,33.16276481986834
"Knowledge, Logic & Reasoning",generative grammar,174,241,1.5800657452643432,7.002150037770934,5.422084292506591,3.606688901469089,rising,32.69888382271362,415,2000-2019,2020-2025,32.69888382271362
"Knowledge, Logic & Reasoning",categorical variable,566,336,5.1397540909173465,9.762333662618397,4.622579571701051,1.819642044170964,rising,31.459994046090472,902,2000-2019,2020-2025,31.459994046090472
"Knowledge, Logic & Reasoning",logic reasoning,38559,12149,350.1480176531483,352.9839037712825,2.8358861181341695,1.0080875578225552,rising,30.723589460879857,50708,2000-2019,2020-2025,30.723589460879857
"Knowledge, Logic & Reasoning",management practice,694,365,6.302101305824449,10.604916032308676,4.302814726484227,1.632571397135742,rising,29.9735114573255,1059,2000-2019,2020-2025,29.9735114573255
"Knowledge, Logic & Reasoning",order theory,2362,863,21.448938450082636,25.0740891394038,3.6251506893211634,1.1651629165376567,rising,29.287586106496963,3225,2000-2019,2020-2025,29.287586106496963
"Knowledge, Logic & Reasoning",normal modal,1258,519,11.423693721508872,15.079318961008774,3.6556252394999014,1.3065849664442155,rising,27.35593716074627,1777,2000-2019,2020-2025,27.35593716074627
"Knowledge, Logic & Reasoning",deductive reasoning,473,289,4.295236192586404,8.396769132430705,4.101532939844302,1.8553349147191975,rising,27.22293244555934,762,2000-2019,2020-2025,27.22293244555934
"Knowledge, Logic & Reasoning",algebraic number,1116,472,10.134214779971305,13.713754430821082,3.5795396508497763,1.3366059201278833,rising,26.384286226987363,1588,2000-2019,2020-2025,26.384286226987363
"Knowledge, Logic & Reasoning",completeness order,2100,765,19.06975899456966,22.226741821140102,3.1569828265704416,1.1613194535224711,rising,25.131706712631008,2865,2000-2019,2020-2025,25.131706712631008
"Knowledge, Logic & Reasoning",set theory,2391,853,21.712282740960028,24.783543494683016,3.0712607537229886,1.1382685782249433,rising,24.830745862199812,3244,2000-2019,2020-2025,24.830745862199812
"Knowledge, Logic & Reasoning",algebraic topology,650,319,5.902544450700133,9.268406066593062,3.3658616158929293,1.5257068719803835,rising,23.14802686818443,969,2000-2019,2020-2025,23.14802686818443
"Knowledge, Logic & Reasoning",set programming,1455,555,13.212618731951835,16.125283282003604,2.912664550051769,1.212407608421647,rising,22.154854904151613,2010,2000-2019,2020-2025,22.154854904151613
"Knowledge, Logic & Reasoning",answer set,1547,575,14.048055792666316,16.706374571445174,2.658318778778858,1.1827267379685826,rising,20.364278189286072,2122,2000-2019,2020-2025,20.364278189286072
"Knowledge, Logic & Reasoning",perspective graphical,919,382,8.34528976952834,11.098843628334011,2.7535538588056703,1.3113017131775095,rising,19.747543318364254,1301,2000-2019,2020-2025,19.747543318364254
"Knowledge, Logic & Reasoning",homotopy cohomology,544,270,4.939975663355188,7.844732407461212,2.904756744106024,1.533965025555734,rising,19.47113087894773,814,2000-2019,2020-2025,19.47113087894773
"Knowledge, Logic & Reasoning",cohomology algebraic,544,270,4.939975663355188,7.844732407461212,2.904756744106024,1.533965025555734,rising,19.47113087894773,814,2000-2019,2020-2025,19.47113087894773
"Knowledge, Logic & Reasoning",electrical engineering,221,176,2.006865113238045,5.113603347085827,3.106738233847782,2.23929214118541,rising,18.598339329911887,397,2000-2019,2020-2025,18.598339329911887
"Knowledge, Logic & Reasoning",cultural heritage,373,214,3.38715243094023,6.217676797024812,2.8305243660845822,1.72817426544807,rising,18.049481001895234,587,2000-2019,2020-2025,18.049481001895234
"Knowledge, Logic & Reasoning",data business,600,278,5.4485025698770455,8.07716892323784,2.628666353360795,1.4419038779057178,rising,17.819163777215323,878,2000-2019,2020-2025,17.819163777215323
"Knowledge, Logic & Reasoning",accessibility relation,883,362,8.018379615335718,10.51775233889244,2.4993727235567214,1.2934094084110876,rising,17.81476321401599,1245,2000-2019,2020-2025,17.81476321401599
"Knowledge, Logic & Reasoning",business intelligence,686,303,6.229454604892755,8.803533035039806,2.5740784301470505,1.3825092197331306,rising,17.75523351162611,989,2000-2019,2020-2025,17.75523351162611
"Knowledge, Logic & Reasoning",pipeline software,121,145,1.0987813515918707,4.212911848451392,3.114130496859521,2.947815124162445,rising,17.399421440661662,266,2000-2019,2020-2025,17.399421440661662
"Knowledge, Logic & Reasoning",leverage statistic,272,179,2.469987831677594,5.200767040502063,2.730779208824469,1.9194580461570414,rising,16.695116186046516,451,2000-2019,2020-2025,16.695116186046516
"Knowledge, Logic & Reasoning",computing network,1022,395,9.280616044023901,11.476552966471033,2.1959369224471317,1.2245192851414386,rising,15.93592019080227,1417,2000-2019,2020-2025,15.93592019080227
"Knowledge, Logic & Reasoning",intuitionistic logic,1059,406,9.616607035832985,11.796153175663896,2.1795461398309115,1.2154424039711107,rising,15.88952971017325,1465,2000-2019,2020-2025,15.88952971017325
"Knowledge, Logic & Reasoning",reinforcement learning,98,130,0.8899220864132508,3.7770933813702134,2.887171294956963,3.077218085229096,rising,15.688086193437837,228,2000-2019,2020-2025,15.688086193437837
"Knowledge, Logic & Reasoning",reinforcement,103,130,0.9353262744955595,3.7770933813702134,2.841767106874654,2.9798753477660562,rising,15.502752103062265,233,2000-2019,2020-2025,15.502752103062265
"Knowledge, Logic & Reasoning",cognitive computing,1039,398,9.434990283503751,11.563716659887268,2.1287263763835167,1.2142655720477247,rising,15.477987658348507,1437,2000-2019,2020-2025,15.477987658348507
"Knowledge, Logic & Reasoning",non-monotonic logic,1089,412,9.889032164326837,11.970480562496368,2.081448398169531,1.2003505586705823,rising,15.224864276167363,1501,2000-2019,2020-2025,15.224864276167363
"Knowledge, Logic & Reasoning",logic syllogistic,0,111,0.0,3.2250566564007204,3.2250566564007204,7.450113312801441,rising,15.21742619308953,111,2000-2019,2020-2025,15.21742619308953
"Knowledge, Logic & Reasoning",syllogistic reasoning,10,111,0.09080837616461743,3.2250566564007204,3.134248280236103,6.305016663072503,rising,15.056994697673257,121,2000-2019,2020-2025,15.056994697673257
"Knowledge, Logic & Reasoning",logical consequence,1024,386,9.298777719256824,11.215061886222326,1.916284166965502,1.1955635918957084,rising,13.896996165915146,1410,2000-2019,2020-2025,13.896996165915146
"Knowledge, Logic & Reasoning",kripke semantic,589,255,5.348613356095966,7.4089139403800335,2.060300584284067,1.3522716341193304,rising,13.885059191031,844,2000-2019,2020-2025,13.885059191031
"Knowledge, Logic & Reasoning",social psychology,490,224,4.449610432066254,6.508222441745598,2.0586120096793445,1.4159139467507467,rising,13.529779773395783,714,2000-2019,2020-2025,13.529779773395783
"Knowledge, Logic & Reasoning",graph construction,21,103,0.19069758994569658,2.992620140624092,2.8019225506783956,5.056656040885687,rising,13.528561142297601,124,2000-2019,2020-2025,13.528561142297601
"Knowledge, Logic & Reasoning",conference logic,36,105,0.3269101541926227,3.050729269568249,2.723819115375626,4.2939722671988525,rising,13.498776471990059,141,2000-2019,2020-2025,13.498776471990059
"Knowledge, Logic & Reasoning",feature linguistic,640,268,5.811736074535515,7.786623278517055,1.97488720398154,1.312891283897176,rising,13.453613155597521,908,2000-2019,2020-2025,13.453613155597521
"Knowledge, Logic & Reasoning",natural archaeology,701,285,6.365667169139681,8.28055087454239,1.9148837054027092,1.2789071561770242,rising,13.20249131263943,986,2000-2019,2020-2025,13.20249131263943
"Knowledge, Logic & Reasoning",foundation evidence,212,143,1.9251375746898893,4.154802719507234,2.229665144817345,1.919397385157607,rising,13.099128278797062,355,2000-2019,2020-2025,13.099128278797062
"Knowledge, Logic & Reasoning",quantum mechanic,409,197,3.7140625851328526,5.723749200999477,2.0096866158666247,1.4769000401077972,rising,12.879134538788195,606,2000-2019,2020-2025,12.879134538788195
"Knowledge, Logic & Reasoning",extended version,114,116,1.0352154882766387,3.3703294787611133,2.3351139904844747,2.5210333717423374,rising,12.708665737899922,230,2000-2019,2020-2025,12.708665737899922
"Knowledge, Logic & Reasoning",graph database,174,130,1.5800657452643432,3.7770933813702134,2.1970276361058705,2.056229900957608,rising,12.567683060348354,304,2000-2019,2020-2025,12.567683060348354
"Knowledge, Logic & Reasoning",core optical,467,212,4.240751166887634,6.159567668080656,1.9188165011930218,1.4047494655689239,rising,12.514699283441056,679,2000-2019,2020-2025,12.514699283441056
"Knowledge, Logic & Reasoning",proceeding international,49,101,0.4449610432066254,2.934511011679935,2.4895499684733093,3.6345530182125656,rising,12.490768859564366,150,2000-2019,2020-2025,12.490768859564366
"Knowledge, Logic & Reasoning",optical fiber,472,212,4.286155354969942,6.159567668080656,1.8734123131107134,1.3914232142852117,rising,12.232293649057503,684,2000-2019,2020-2025,12.232293649057503
"Knowledge, Logic & Reasoning",mathematic education,609,252,5.530230108425201,7.321750246963798,1.7915201385385968,1.2970898467100875,rising,12.10934193891716,861,2000-2019,2020-2025,12.10934193891716
NLP & Language AI,speech dialogue,31925,21777,167.29812867151924,95.9081480307054,-71.38998064081383,0.5745484100089907,fading,777.5242808561983,53702,2000-2019,2020-2025,777.5242808561983
NLP & Language AI,speech recognition,47561,41852,249.23621919330074,184.3205129899014,-64.91570620339934,0.7400629095247362,fading,740.1060793308168,89413,2000-2019,2020-2025,740.1060793308168
NLP & Language AI,language acquisition,20763,10177,108.80535773239636,44.820554828878585,-63.984802903517775,0.4146233612796301,fading,661.5924609231696,30940,2000-2019,2020-2025,661.5924609231696
NLP & Language AI,study language,18901,8584,99.04782866156256,37.80481896935185,-61.24300969221071,0.38478809115544393,fading,625.9912629096128,27485,2000-2019,2020-2025,625.9912629096128
NLP & Language AI,linguistic study,18786,8444,98.44518857394394,37.188244568640144,-61.256944005303794,0.3809002247792462,fading,625.5627306432716,27230,2000-2019,2020-2025,625.5627306432716
NLP & Language AI,recognition synthesi,35713,30800,187.14856912281806,135.64636815657465,-51.50220096624341,0.7255390690853888,fading,571.9405802356151,66513,2000-2019,2020-2025,571.9405802356151
NLP & Language AI,word group,20821,12845,109.10929795049967,56.57070126529875,-52.538596685200915,0.5206739057034403,fading,547.6766963242401,33666,2000-2019,2020-2025,547.6766963242401
NLP & Language AI,group theory,20980,13209,109.94251337598978,58.17379470714918,-51.7687186688406,0.5312609511828157,fading,540.4492960477811,34189,2000-2019,2020-2025,540.4492960477811
NLP & Language AI,audio processing,21085,14870,110.49274997772852,65.48900956130731,-45.00374041642121,0.5945344139554023,fading,472.0915433061442,35955,2000-2019,2020-2025,472.0915433061442
NLP & Language AI,information retrieval,35441,32571,185.7231943068853,143.4460343255777,-42.27715998130759,0.7729758629763529,fading,470.43715896108813,68012,2000-2019,2020-2025,470.43715896108813
NLP & Language AI,speech audio,18541,12489,97.16130316988686,55.00284064634614,-42.15846252354073,0.5683196808237966,fading,436.03410031469906,31030,2000-2019,2020-2025,436.03410031469906
NLP & Language AI,semantic web,12374,6507,64.84407342776441,28.65749732450751,-36.186576103256904,0.44621487144874894,fading,356.2917388507978,18881,2000-2019,2020-2025,356.2917388507978
NLP & Language AI,pattern recognition,16811,12388,88.0955001126675,54.55802625726126,-33.53747385540623,0.6214539811530337,fading,344.82975693942234,29199,2000-2019,2020-2025,344.82975693942234
NLP & Language AI,recognition psychology,16770,12374,87.88064582055998,54.496368817190096,-33.38427700336988,0.6222671073127223,fading,343.1916579129613,29144,2000-2019,2020-2025,343.1916579129613
NLP & Language AI,web ontology,11357,5940,59.514638913780544,26.160371001625116,-33.35426791215543,0.4442311323396694,fading,325.48249242921884,17297,2000-2019,2020-2025,325.48249242921884
NLP & Language AI,world wide,23813,22182,124.78842092575998,97.69180968990712,-27.096611235852862,0.7837261333837942,fading,290.91761045963256,45995,2000-2019,2020-2025,290.91761045963256
NLP & Language AI,wide web,23813,22182,124.78842092575998,97.69180968990712,-27.096611235852862,0.7837261333837942,fading,290.91761045963256,45995,2000-2019,2020-2025,290.91761045963256
NLP & Language AI,hidden markov,6923,1354,36.27893327464143,5.963155275454613,-30.315777999186817,0.17572981867614063,fading,273.4894461291926,8277,2000-2019,2020-2025,273.4894461291926
NLP & Language AI,advanced text,32179,32862,168.6291772128682,144.7276282584856,-23.901548954382605,0.8586787368787362,fading,264.89581174175765,65041,2000-2019,2020-2025,264.89581174175765
NLP & Language AI,programming language,24473,23670,128.24705099383212,104.24511474890008,-24.00193624493204,0.8135729241201657,fading,258.7877196724039,48143,2000-2019,2020-2025,258.7877196724039
NLP & Language AI,music audio,12486,9146,65.43099246961908,40.279924777923114,-25.15106769169597,0.618524357823287,fading,251.05733409249584,21632,2000-2019,2020-2025,251.05733409249584
NLP & Language AI,language study,7686,3592,40.27731924727633,15.81953748111741,-24.457781766158924,0.4002111414473979,fading,228.20817219715929,11278,2000-2019,2020-2025,228.20817219715929
NLP & Language AI,abstract data,13057,11177,68.42323151336026,49.22465769110504,-19.198573822255227,0.7214498885106145,fading,193.8202223937447,24234,2000-2019,2020-2025,193.8202223937447
NLP & Language AI,data type,13075,11201,68.51755778794406,49.33035615979847,-19.187201628145587,0.7219953553398959,fading,193.73863703381565,24276,2000-2019,2020-2025,193.73863703381565
NLP & Language AI,set abstract,12955,11084,67.88871595738549,48.81507612491797,-19.073639832467514,0.7210996059005886,fading,192.40485330833417,24039,2000-2019,2020-2025,192.40485330833417
NLP & Language AI,data mining,18552,18247,97.21894700435473,80.36166492704604,-16.857282077308696,0.8274921845345153,fading,177.22487346406183,36799,2000-2019,2020-2025,177.22487346406183
NLP & Language AI,data compression,4742,1390,24.849733004239443,6.121702978494766,-18.728030025744676,0.2612139140632118,fading,163.3353771834732,6132,2000-2019,2020-2025,163.3353771834732
NLP & Language AI,phonetic phonology,5785,2811,30.315416581511002,12.379933145718551,-17.93548343579245,0.4179704373507125,fading,162.48056808351205,8596,2000-2019,2020-2025,162.48056808351205
NLP & Language AI,phonology research,5779,2810,30.283974489983073,12.375529042856325,-17.90844544712675,0.418254278603497,fading,162.22103871800044,8589,2000-2019,2020-2025,162.22103871800044
NLP & Language AI,machine translation,12516,11508,65.58820292725872,50.68241573850199,-14.905787188756733,0.7744561581563493,fading,150.35244299045766,24024,2000-2019,2020-2025,150.35244299045766
NLP & Language AI,linguistic language,5235,2700,27.433224858117562,11.891077728011416,-15.542147130106146,0.44359639071213414,fading,139.5554980796574,7935,2000-2019,2020-2025,139.5554980796574
NLP & Language AI,speaker recognition,6253,4075,32.76789972068942,17.946719163572784,-14.821180557116637,0.5544900435088395,fading,136.98788489269361,10328,2000-2019,2020-2025,136.98788489269361
NLP & Language AI,linguistic variation,4635,2018,24.28901570532472,8.887479575972977,-15.401536129351742,0.37869513205223926,fading,135.57931373721698,6653,2000-2019,2020-2025,135.57931373721698
NLP & Language AI,text analysi,32833,36442,172.0563651894124,160.4943165052563,-11.562048684156082,0.932995524845087,fading,128.86890431814967,69275,2000-2019,2020-2025,128.86890431814967
NLP & Language AI,human computer,9241,8191,48.426061301597784,36.074006544496854,-12.35205475710093,0.7475362939812703,fading,120.63165197809191,17432,2000-2019,2020-2025,120.63165197809191
NLP & Language AI,computer interaction,9157,8127,47.985872020206784,35.79214396131436,-12.193728058892425,0.7485096678510678,fading,118.98145204161025,17284,2000-2019,2020-2025,118.98145204161025
NLP & Language AI,semantic linguistic,3888,1598,20.374475310097626,7.037756373837867,-13.336718936259759,0.36109920186552535,fading,114.83097633226403,5486,2000-2019,2020-2025,114.83097633226403
NLP & Language AI,syntax semantic,3907,1628,20.4740419332694,7.169879459704661,-13.304162473564741,0.36568437710323065,fading,114.6689421881681,5535,2000-2019,2020-2025,114.6689421881681
NLP & Language AI,literature culture,3761,1534,19.70895103942314,6.755893790655374,-12.953057248767767,0.3590435632458483,fading,111.06867192684628,5295,2000-2019,2020-2025,111.06867192684628
NLP & Language AI,speech synthesi,5201,3433,27.25505300612597,15.119285126023403,-12.135767880102566,0.5627546494894455,fading,109.99349079266267,8634,2000-2019,2020-2025,109.99349079266267
NLP & Language AI,italian literature,3615,1476,18.943860145576885,6.500455824646241,-12.443404320930643,0.3600342613160954,fading,106.20975626763207,5091,2000-2019,2020-2025,106.20975626763207
NLP & Language AI,web data,5426,3875,28.434131438423282,17.065898591127496,-11.368232847295786,0.6070995643505213,fading,103.88273793585361,9301,2000-2019,2020-2025,103.88273793585361
NLP & Language AI,mining analysi,5407,3899,28.33456481525151,17.17159705982093,-11.162967755430582,0.6128615837640061,fading,102.01302735805537,9306,2000-2019,2020-2025,102.01302735805537
NLP & Language AI,similarity geometry,6357,5151,33.31289597384018,22.685533843328443,-10.627362130511735,0.6857009190004387,fading,99.37523706515567,11508,2000-2019,2020-2025,99.37523706515567
NLP & Language AI,rule-based machine,3016,909,15.804891341372029,4.003329501763843,-11.801561839608187,0.27619500231425004,fading,97.66236603366447,3925,2000-2019,2020-2025,97.66236603366447
NLP & Language AI,lexicography language,3375,1423,17.686176484459747,6.267038372948239,-11.419138111511508,0.3720979161689503,fading,96.79047414684118,4798,2000-2019,2020-2025,96.79047414684118
NLP & Language AI,system negotiation,3350,1390,17.555167769760043,6.121702978494766,-11.433464791265276,0.3667483494440423,fading,96.77288444289228,4740,2000-2019,2020-2025,96.77288444289228
NLP & Language AI,error rate,3933,2221,20.61029099655709,9.781512457004945,-10.828778539552145,0.48703793134266943,fading,94.48130975135503,6154,2000-2019,2020-2025,94.48130975135503
NLP & Language AI,word error,3911,2209,20.495003327621355,9.728663222658229,-10.766340104963126,0.487195122717663,fading,93.87689541000526,6120,2000-2019,2020-2025,93.87689541000526
NLP & Language AI,cluster analysi,4161,2756,21.80509047461837,12.137707488296096,-9.667382986322275,0.566584004789262,fading,85.47785951233375,6917,2000-2019,2020-2025,85.47785951233375
NLP & Language AI,feature extraction,4507,3292,23.618251086062244,14.498306622449475,-9.11994446361277,0.6218654316571438,fading,81.73183888523731,7799,2000-2019,2020-2025,81.73183888523731
NLP & Language AI,search engine,2903,1251,15.212731950929376,5.50953268064529,-9.703199270284086,0.38246262326710395,fading,80.84771329732955,4154,2000-2019,2020-2025,80.84771329732955
NLP & Language AI,probabilistic logic,2756,1269,14.442400708495128,5.588806532165365,-8.853594176329764,0.40748515924243195,fading,73.48951172830861,4025,2000-2019,2020-2025,73.48951172830861
NLP & Language AI,spanish linguistic,2578,1034,13.509618659833253,4.553842359542149,-8.955776300291102,0.36074089397107845,fading,73.3683500424354,3612,2000-2019,2020-2025,73.3683500424354
NLP & Language AI,mel-frequency cepstrum,2543,1037,13.326206459253669,4.567054668128828,-8.75915179112484,0.36648191845403305,fading,71.67961973090807,3580,2000-2019,2020-2025,71.67961973090807
NLP & Language AI,speech processing,4523,3643,23.702096663470055,16.044146727090958,-7.657949936379097,0.6835832017835964,fading,68.98171735314352,8166,2000-2019,2020-2025,68.98171735314352
NLP & Language AI,user interface,2450,992,12.838854040570778,4.368870039328638,-8.469984001242139,0.36501411774352815,fading,68.980383689018,3442,2000-2019,2020-2025,68.980383689018
NLP & Language AI,interface matter,2233,778,11.701698396977367,3.426392026812178,-8.27530637016519,0.3217906146397483,fading,66.28817973350169,3011,2000-2019,2020-2025,66.28817973350169
NLP & Language AI,semantic similarity,3206,2135,16.800557573089762,9.40275961085347,-7.397797962236291,0.5723954022300858,fading,63.497929040441115,5341,2000-2019,2020-2025,63.497929040441115
NLP & Language AI,terminology study,2666,1475,13.970769335576202,6.496051721784014,-7.474717613792188,0.4834609383610525,fading,62.25642998751835,4141,2000-2019,2020-2025,62.25642998751835
NLP & Language AI,linguistic terminology,2665,1477,13.965528986988215,6.504859927508467,-7.460669059479748,0.4842449891607392,fading,62.141221511685416,4142,2000-2019,2020-2025,62.141221511685416
NLP & Language AI,dependency uml,3469,2523,18.178769251730625,11.111551521397335,-7.06721773033329,0.6216443580896799,fading,61.47311497311657,5992,2000-2019,2020-2025,61.47311497311657
NLP & Language AI,term time,3045,2230,15.956861450423682,9.821149382764984,-6.135712067658698,0.6271638984053832,fading,52.58871883483063,5275,2000-2019,2020-2025,52.58871883483063
NLP & Language AI,advanced data,1744,541,9.1391679374512,2.3826196484645097,-6.75654828898669,0.2990527467899616,fading,52.258920325892,2285,2000-2019,2020-2025,52.258920325892
NLP & Language AI,meaning existential,3211,2460,16.8267593160297,10.834093041077068,-5.992666274952633,0.654138078237829,fading,51.79639484507079,5671,2000-2019,2020-2025,51.79639484507079
NLP & Language AI,historical linguistic,1882,764,9.862336042593553,3.364734586741008,-6.497601455852545,0.37295978154494563,fading,51.20878095102998,2646,2000-2019,2020-2025,51.20878095102998
NLP & Language AI,example-based machine,2144,1120,11.235307372646428,4.932595205693624,-6.302712166952804,0.4629273893887383,fading,50.995338946387115,3264,2000-2019,2020-2025,50.995338946387115
NLP & Language AI,second language,2963,2190,15.52715286620866,9.644985268275926,-5.8821675979327335,0.6329873654393986,fading,50.27799454519916,5153,2000-2019,2020-2025,50.27799454519916
NLP & Language AI,dependency grammar,2059,1055,10.789877742667443,4.646328519648905,-6.143549223018538,0.4558356287774104,fading,49.418614302404386,3114,2000-2019,2020-2025,49.418614302404386
NLP & Language AI,selection genetic,3719,3159,19.488856398727645,13.912560941773355,-5.5762954569542895,0.7210297905132163,fading,49.27342124001021,6878,2000-2019,2020-2025,49.27342124001021
NLP & Language AI,vector machine,5246,5117,27.49086869258543,22.535794346012747,-4.955074346572683,0.8229753280974361,fading,45.81508091439984,10363,2000-2019,2020-2025,45.81508091439984
NLP & Language AI,support vector,5246,5120,27.49086869258543,22.549006654599424,-4.941862037986006,0.8234473501962064,fading,45.69434895512704,10366,2000-2019,2020-2025,45.69434895512704
NLP & Language AI,fuzzy logic,2030,1129,10.637907633615788,4.972232131453662,-5.6656755021621255,0.4913159914289187,fading,45.65586760929984,3159,2000-2019,2020-2025,45.65586760929984
NLP & Language AI,tree set,1967,1061,10.30776567257254,4.672753136822264,-5.635012535750276,0.4786144790268208,fading,45.170191801559895,3028,2000-2019,2020-2025,45.170191801559895
NLP & Language AI,complex network,2363,1581,12.382943713415816,6.962886625180018,-5.420057088235798,0.5792842685021162,fading,44.87917964662919,3944,2000-2019,2020-2025,44.87917964662919
NLP & Language AI,classifier uml,4867,4681,25.50477657773795,20.61560549808201,-4.889171079655938,0.8119894987353424,fading,44.80530110604626,9548,2000-2019,2020-2025,44.80530110604626
NLP & Language AI,engine indexing,1539,518,8.064896476913644,2.281325282633301,-5.783571194280343,0.3247354232628799,fading,44.125698107508654,2057,2000-2019,2020-2025,44.125698107508654
NLP & Language AI,identification biology,5080,4968,26.62097082697941,21.879583019541005,-4.741387807438404,0.8251763243400652,fading,43.69297160720057,10048,2000-2019,2020-2025,43.69297160720057
NLP & Language AI,context-free grammar,1348,307,7.063989896607922,1.3520595787035201,-5.711930317904402,0.24485220155226248,fading,42.337743338341966,1655,2000-2019,2020-2025,42.337743338341966
NLP & Language AI,network analysi,2479,1814,12.990824149622433,7.98904259207878,-5.001781557543653,0.6292456634175579,fading,41.83977257468738,4293,2000-2019,2020-2025,41.83977257468738
NLP & Language AI,language model,7027,36745,36.82392952779219,161.8287596725109,125.00483014471871,4.34918728349965,rising,1335.8981771491126,43772,2000-2019,2020-2025,1335.8981771491126
NLP & Language AI,large language model,4,17184,0.02096139435195229,75.68010358449932,75.65914219014736,146.22984430403568,rising,737.8298403159461,17188,2000-2019,2020-2025,737.8298403159461
NLP & Language AI,sentiment analysi,18028,35653,94.47300434424898,157.01947934695963,62.54647500271065,1.6585710901173372,rising,681.1832157930118,53681,2000-2019,2020-2025,681.1832157930118
NLP & Language AI,detection,14274,31078,74.80073574494175,136.87070875227363,62.06997300733188,1.824294376320239,rising,665.5286263320729,45352,2000-2019,2020-2025,665.5286263320729
NLP & Language AI,analysi opinion,17606,34673,92.26157724011802,152.7034585419777,60.441881301859695,1.6515831565196746,rising,656.6629116560139,52279,2000-2019,2020-2025,656.6629116560139
NLP & Language AI,opinion mining,17612,34676,92.29301933164594,152.71667085056438,60.42365151891845,1.6511659169421131,rising,656.4752575983468,52288,2000-2019,2020-2025,656.4752575983468
NLP & Language AI,hate speech,5919,19205,31.017623292301405,84.58079546905897,53.56317217675756,2.699467364020468,rising,542.6816339307386,25124,2000-2019,2020-2025,542.6816339307386
NLP & Language AI,cyberbullying detection,5919,19197,31.017623292301405,84.54556264616116,53.52793935385975,2.698349487124388,rising,542.3076219693506,25116,2000-2019,2020-2025,542.3076219693506
NLP & Language AI,speech cyberbullying,5919,19194,31.017623292301405,84.53235033757448,53.51472704527308,2.697930283288358,rising,542.167371869773,25113,2000-2019,2020-2025,542.167371869773
NLP & Language AI,transformer,756,12156,3.961703532518983,53.53627439322473,49.57457086070575,12.111130647606474,rising,469.2723838343256,12912,2000-2019,2020-2025,469.2723838343256
NLP & Language AI,multimodal machine,4369,14971,22.89508298091989,65.93382395039218,43.038740969472286,2.839648998234928,rising,424.7916190708018,19340,2000-2019,2020-2025,424.7916190708018
NLP & Language AI,social media,7751,16197,40.617941905495556,71.33325405948182,30.71531215398626,1.7470050963295187,rising,309.7234356324468,23948,2000-2019,2020-2025,309.7234356324468
NLP & Language AI,benchmark surveying,2289,10014,11.995157917904699,44.10268606233567,32.10752814443097,3.5695976277677213,rising,302.3784157579522,12303,2000-2019,2020-2025,302.3784157579522
NLP & Language AI,neural network,13828,20914,72.46354027469907,92.10740726060398,19.643866985904907,1.2692285340314913,rising,205.3910359896346,34742,2000-2019,2020-2025,205.3910359896346
NLP & Language AI,task project,20317,27955,106.46816226215368,123.11669551354042,16.648533251386738,1.1556400792469923,rising,179.5482324864789,48272,2000-2019,2020-2025,179.5482324864789
NLP & Language AI,project management,20336,27974,106.56772888532545,123.20037346792272,16.632644582597266,1.1553469449269034,rising,179.38996700225772,48310,2000-2019,2020-2025,179.38996700225772
NLP & Language AI,code set,1063,5752,5.570490549031321,25.33239966352654,19.761909114495218,4.255405630711123,rising,174.43892644097613,6815,2000-2019,2020-2025,174.43892644097613
NLP & Language AI,natural language,125007,151772,655.080255938625,668.4194996058328,13.339243667207825,1.0203472321601714,rising,167.15377220893885,276779,2000-2019,2020-2025,167.15377220893885
NLP & Language AI,graph neural,1217,5633,6.377504231581485,24.808311422921594,18.430807191340108,3.6798685352610736,rising,162.7836520025521,6850,2000-2019,2020-2025,162.7836520025521
NLP & Language AI,advanced graph,1205,5315,6.314620048525628,23.40780671273358,17.093186664207956,3.5083110345830857,rising,150.1257495475376,6520,2000-2019,2020-2025,150.1257495475376
NLP & Language AI,key lock,2824,6962,14.798744412478317,30.661364126820548,15.86261971434223,2.0368576195968076,rising,145.75860267734242,9786,2000-2019,2020-2025,145.75860267734242
NLP & Language AI,data science,10563,15726,55.35380213491801,69.25892161137315,13.905119476455141,1.248955647511096,rising,141.51162108113465,26289,2000-2019,2020-2025,141.51162108113465
NLP & Language AI,set theory,3034,6759,15.899217615955813,29.767331245788576,13.868113629832763,1.845657027951115,rising,127.44138012522836,9793,2000-2019,2020-2025,127.44138012522836
NLP & Language AI,computational text,890,4240,4.663910243309385,18.67339613584015,14.009485892530765,3.712960766636512,rising,119.68382042287386,5130,2000-2019,2020-2025,119.68382042287386
NLP & Language AI,question answering,4087,7671,21.417304679107254,33.7838730561391,12.366568377031847,1.5642376450066107,rising,115.90410619938032,11758,2000-2019,2020-2025,115.90410619938032
NLP & Language AI,misinformation impact,791,3955,4.1451157330985655,17.41822682010561,13.273111087007043,3.857433883171108,rising,112.36044411883076,4746,2000-2019,2020-2025,112.36044411883076
NLP & Language AI,readability simplification,6271,10069,32.86222599527321,44.34491171975813,11.482685724484924,1.3441822415000666,rising,111.39850123325596,16340,2000-2019,2020-2025,111.39850123325596
NLP & Language AI,text readability,6272,10069,32.867466343861196,44.34491171975813,11.477445375896934,1.3439711381625026,rising,111.3483646943697,16341,2000-2019,2020-2025,111.3483646943697
NLP & Language AI,adversarial,757,3864,3.966943881106971,17.017453459643004,13.050509578536033,3.9215745543017513,rising,110.12780554105271,4621,2000-2019,2020-2025,110.12780554105271
NLP & Language AI,social psychology,3276,6539,17.167381974248926,28.798428616098757,11.631046641849832,1.658334475294792,rising,106.90989380181952,9815,2000-2019,2020-2025,106.90989380181952
NLP & Language AI,theoretical computer,5949,9482,31.174833749941048,41.7597033396312,10.584869589690154,1.3341728538578312,rising,102.08258399736648,15431,2000-2019,2020-2025,102.08258399736648
NLP & Language AI,explainable ai,241,3124,1.2629240097051255,13.75841734159543,12.495493331890305,8.087936441446706,rising,101.48190386777598,3365,2000-2019,2020-2025,101.48190386777598
NLP & Language AI,intelligence xai,240,3097,1.2576836611171376,13.639506564315315,12.381822903198177,8.044397793018463,rising,100.45530299561115,3337,2000-2019,2020-2025,100.45530299561115
NLP & Language AI,attention,1173,4022,6.14692889371001,17.71330171187478,11.566372818164771,2.740107800628051,rising,98.95777257316016,5195,2000-2019,2020-2025,98.95777257316016
NLP & Language AI,security token,728,3478,3.814973772055317,15.317469754823593,11.502495982768275,3.66571631495442,rising,95.98263620218943,4206,2000-2019,2020-2025,95.98263620218943
NLP & Language AI,learning healthcare,417,3121,2.1852253611910264,13.745205033008752,11.559979671817725,5.305031465474585,rising,94.46352387902985,3538,2000-2019,2020-2025,94.46352387902985
NLP & Language AI,leverage statistic,1101,3822,5.769623795374868,16.832481139429493,11.062857344054624,2.764516931975368,rising,94.05504673582018,4923,2000-2019,2020-2025,94.05504673582018
NLP & Language AI,electrical engineering,360,2863,1.8865254916757064,12.608946494554326,10.722421002878619,5.492900260348713,rising,86.61977104751975,3223,2000-2019,2020-2025,86.61977104751975
NLP & Language AI,knowledge graph,599,3066,3.138968804204856,13.502979375586296,10.36401057138144,3.8480624949039814,rising,85.0559467817437,3665,2000-2019,2020-2025,85.0559467817437
NLP & Language AI,computer security,2694,5342,14.117499096039868,23.526717490013695,9.409218393973827,1.6436955003146159,rising,84.60591494499421,8036,2000-2019,2020-2025,84.60591494499421
NLP & Language AI,domain adaptation,1302,3714,6.822933861560471,16.356838030309035,9.533904168748563,2.3019241125191523,rising,81.23446396647701,5016,2000-2019,2020-2025,81.23446396647701
NLP & Language AI,data quality,1383,3784,7.247402097187505,16.665125230664888,9.417723133477383,2.2155975661694702,rising,80.52380289065944,5167,2000-2019,2020-2025,80.52380289065944
NLP & Language AI,automatic summarization,5144,8036,26.956353136610648,35.39137060085175,8.435017464241103,1.3072155075465484,rising,80.0190603765811,13180,2000-2019,2020-2025,80.0190603765811
NLP & Language AI,pipeline software,921,3264,4.826361049537015,14.374991742307133,9.548630692770118,2.7927118728836673,rising,79.63081428482668,4185,2000-2019,2020-2025,79.63081428482668
NLP & Language AI,entity recognition,1398,3777,7.326007326007326,16.6342965106293,9.308289184621977,2.1894046091279193,rising,79.60251422470293,5175,2000-2019,2020-2025,79.60251422470293
NLP & Language AI,generative grammar,2363,4834,12.382943713415816,21.28943323600266,8.906489522586845,1.6913396286372004,rising,79.1035076233053,7197,2000-2019,2020-2025,79.1035076233053
NLP & Language AI,robustness evolution,1784,4107,9.348781880970723,18.08765045516403,8.738868574193308,1.8873045093097323,rising,75.86518349176454,5891,2000-2019,2020-2025,75.86518349176454
NLP & Language AI,training set,2129,4488,11.156702143826607,19.765613645672307,8.6089115018457,1.738537486471247,rising,75.73731637053415,6617,2000-2019,2020-2025,75.73731637053415
NLP & Language AI,quality management,1344,3592,7.04302850225597,15.81953748111741,8.77650897886144,2.163525893642926,rising,74.639935918774,4936,2000-2019,2020-2025,74.639935918774
NLP & Language AI,intelligence healthcare,55,2240,0.288219172339344,9.865190411387248,9.576971239047904,13.15013739214761,rising,74.1154502461822,2295,2000-2019,2020-2025,74.1154502461822
NLP & Language AI,language understanding,1553,3775,8.138261357145478,16.62548830490485,8.487226947759371,1.9825156471723129,rising,72.82820597436647,5328,2000-2019,2020-2025,72.82820597436647
NLP & Language AI,few-shot learning,605,2753,3.1704108957327843,12.124495179709417,8.954084283976632,3.4395318503404186,rising,72.70177930658947,3358,2000-2019,2020-2025,72.70177930658947
NLP & Language AI,healthcare education,82,2175,0.429708584215022,9.578923725342529,9.149215141127506,10.84094940766029,rising,70.65238704963804,2257,2000-2019,2020-2025,70.65238704963804
NLP & Language AI,shot pellet,64,2063,0.33538230963123666,9.085664204773167,8.75028189514193,11.474583665776418,rising,67.05286633649139,2127,2000-2019,2020-2025,67.05286633649139
NLP & Language AI,named-entity recognition,1899,4001,9.95142196858935,17.620815551768025,7.669393583178675,1.733813408953177,rising,66.59240196839326,5900,2000-2019,2020-2025,66.59240196839326
NLP & Language AI,adaptation few-shot,598,2570,3.1337284556168674,11.318544355921977,8.18481590030511,3.252456670958271,rising,65.97920351988242,3168,2000-2019,2020-2025,65.97920351988242
NLP & Language AI,quality philosophy,4073,6463,21.34393979887542,28.463716798569546,7.119776999694125,1.3259383181444524,rising,65.94798926601761,10536,2000-2019,2020-2025,65.94798926601761
NLP & Language AI,transfer learning,801,2770,4.197519218978447,12.199364928367267,8.001845709388821,2.7034194723590623,rising,65.4621470647346,3571,2000-2019,2020-2025,65.4621470647346
NLP & Language AI,mood recognition,790,2735,4.139875384510578,12.04522132818934,7.905345943678762,2.7037841080968237,rising,64.5702282042538,3525,2000-2019,2020-2025,64.5702282042538
NLP & Language AI,emotion mood,790,2732,4.139875384510578,12.032009019602661,7.892133635092083,2.700936551321746,rising,64.45559347037711,3522,2000-2019,2020-2025,64.45559347037711
NLP & Language AI,language processing,124925,149809,654.65054735441,659.7742456872822,5.123698332872209,1.007820642680621,rising,64.16695515356932,274734,2000-2019,2020-2025,64.16695515356932
NLP & Language AI,coronaviru disease,8,1881,0.04192278870390458,8.284117483847952,8.242194695144047,16.20916792382284,rising,62.181854079405014,1889,2000-2019,2020-2025,62.181854079405014
NLP & Language AI,disease covid-19,8,1879,0.04192278870390458,8.2753092781235,8.233386489419594,16.19291430631855,rising,62.10668485876354,1887,2000-2019,2020-2025,62.10668485876354
NLP & Language AI,knowledge base,3164,5284,16.580462932394262,23.271279524004562,6.6908165916103,1.3917233753027098,rising,60.49704800709659,8448,2000-2019,2020-2025,60.49704800709659
NLP & Language AI,named entity,2077,4006,10.884204017251228,17.64283606607916,6.758632048827931,1.593685077901462,rising,58.89078380695161,6083,2000-2019,2020-2025,58.89078380695161
NLP & Language AI,media politic,889,2675,4.658669894721397,11.780975156455755,7.122305261734358,2.3806476101566894,rising,58.25276019964699,3564,2000-2019,2020-2025,58.25276019964699
NLP & Language AI,context archaeology,12369,16006,64.81787168482447,70.49207041279656,5.674198727972097,1.0868705391282736,rising,58.17925612319379,28375,2000-2019,2020-2025,58.17925612319379
NLP & Language AI,consistency knowledge,771,2513,4.040308761338804,11.06751049277507,7.027201731436265,2.5477365308882978,rising,56.90010925260252,3284,2000-2019,2020-2025,56.90010925260252
NLP & Language AI,end-to end,903,2638,4.73203477495323,11.618023350553376,6.8859885756001455,2.316120567195905,rising,56.275375425808136,3541,2000-2019,2020-2025,56.275375425808136
NLP & Language AI,political science,10026,13164,52.53973494316842,57.97561007834899,5.435875135180574,1.1024868457771342,rising,54.63880519999318,23190,2000-2019,2020-2025,54.63880519999318
NLP & Language AI,text generation,471,2078,2.4682041849423824,9.151725747706564,6.683521562764182,3.2517054576870086,rising,52.42453150815051,2549,2000-2019,2020-2025,52.42453150815051
NLP & Language AI,mental health,498,2100,2.6096935968180603,9.248616010675546,6.638922413857486,3.1349120764343623,rising,52.20106377729874,2598,2000-2019,2020-2025,52.20106377729874
NLP & Language AI,training meteorology,887,2473,4.64818919754542,10.891346378286011,6.243157180740591,2.2126899267255435,rising,50.694397773131264,3360,2000-2019,2020-2025,50.694397773131264
NLP & Language AI,privacy,1923,3619,10.077190334701065,15.938448258397523,5.861257923696458,1.5541412925573594,rising,50.52574980410728,5542,2000-2019,2020-2025,50.52574980410728
NLP & Language AI,phishing detection,3070,4924,16.087870165123384,21.685802493603042,5.597932328479658,1.3374714338100813,rising,50.30621982328602,7994,2000-2019,2020-2025,50.30621982328602
NLP & Language AI,spam phishing,3069,4922,16.082629816535395,21.67699428787859,5.594364471343194,1.3373629233262365,rising,50.27205742696009,7991,2000-2019,2020-2025,50.27205742696009
NLP & Language AI,reinforcement,774,2319,4.056029807102768,10.213114537503138,6.15708473040037,2.351414497069704,rising,49.485844728557055,3093,2000-2019,2020-2025,49.485844728557055
NLP & Language AI,reinforcement learning,754,2287,3.9512228353430072,10.07218324591189,6.120960410568884,2.3751188464365454,rising,49.09175804618114,3041,2000-2019,2020-2025,49.09175804618114
NLP & Language AI,field mathematic,3687,5590,19.321165243912024,24.618934999845855,5.297769755933832,1.2672784213612778,rising,48.39725263764332,9277,2000-2019,2020-2025,48.39725263764332
NLP & Language AI,health writing,428,1919,2.242869195658895,8.451473392612558,6.2086041969536625,3.2635436668944853,rising,48.18695884073063,2347,2000-2019,2020-2025,48.18695884073063
"Optimization, Theory & Security",data compression,27370,8164,121.04567185433832,57.1920951053262,-63.85357674901212,0.4746536361612699,fading,669.0752350799656,35534,2000-2019,2020-2025,669.0752350799656
"Optimization, Theory & Security",discrete mathematic,31623,13666,139.85485133539424,95.73581231129201,-44.119039024102236,0.6856607477095704,fading,472.9932261222771,45289,2000-2019,2020-2025,472.9932261222771
"Optimization, Theory & Security",metaheuristic optimization,41363,20393,182.93065856452304,142.86114594352244,-40.0695126210006,0.781554986856759,fading,442.00529545864134,61756,2000-2019,2020-2025,442.00529545864134
"Optimization, Theory & Security",coding theory,29998,13951,132.6681791847439,97.73235164311684,-34.93582754162706,0.737656339859084,fading,373.4922211838307,43949,2000-2019,2020-2025,373.4922211838307
"Optimization, Theory & Security",theory cryptography,29937,13924,132.3984025686272,97.5432058116808,-34.8551967569464,0.7377305062869542,fading,372.5603532912395,43861,2000-2019,2020-2025,372.5603532912395
"Optimization, Theory & Security",theoretical computer,43409,23184,191.97923162312648,162.41322059307726,-29.566011030049225,0.8463937600917935,fading,328.37105089833324,66593,2000-2019,2020-2025,328.37105089833324
"Optimization, Theory & Security",data mining,16249,6124,71.86229893902606,42.901076730158955,-28.961222208867106,0.5997747081906503,fading,290.06560566098995,22373,2000-2019,2020-2025,290.06560566098995
"Optimization, Theory & Security",programming language,18942,8727,83.77227315545767,61.1361359608258,-22.63613719463187,0.7313928253379991,fading,231.5247670324431,27669,2000-2019,2020-2025,231.5247670324431
"Optimization, Theory & Security",mathematical analysi,17939,8135,79.33643797570241,56.988938471561575,-22.347499504140835,0.7200839607731232,fading,227.24573958211278,26074,2000-2019,2020-2025,227.24573958211278
"Optimization, Theory & Security",scheme mathematic,13633,5416,60.29286241834835,37.9412527058362,-22.35160971251215,0.6323316780397884,fading,220.2711436362918,19049,2000-2019,2020-2025,220.2711436362918
"Optimization, Theory & Security",graph theory,19599,9447,86.67789998805907,66.18002479912012,-20.49787518893895,0.7648730332831304,fading,210.6499089947122,29046,2000-2019,2020-2025,210.6499089947122
"Optimization, Theory & Security",set abstract,13868,5865,61.33216577551932,41.08667782860586,-20.245487946913464,0.6725735271765446,fading,200.22986623856627,19733,2000-2019,2020-2025,200.22986623856627
"Optimization, Theory & Security",theory cdma,13429,5613,59.390658652974395,39.32131673520284,-20.069341917771553,0.6649002971555259,fading,197.77242397768975,19042,2000-2019,2020-2025,197.77242397768975
"Optimization, Theory & Security",data type,14026,6007,62.0309314369364,42.08144479393612,-19.949486643000277,0.680966104541083,fading,197.60337798135293,20033,2000-2019,2020-2025,197.60337798135293
"Optimization, Theory & Security",abstract data,13941,5964,61.65501320136392,41.78021254387132,-19.8748006574926,0.6802381717287372,fading,196.73620915009715,19905,2000-2019,2020-2025,196.73620915009715
"Optimization, Theory & Security",bayesian modeling,17657,8541,78.08927394709725,59.83313134426643,-18.256142602830828,0.767701854388933,fading,185.72843813542138,26198,2000-2019,2020-2025,185.72843813542138
"Optimization, Theory & Security",modeling causal,17656,8541,78.08485137961992,59.83313134426643,-18.251720035353493,0.7677450588131179,fading,185.68274857860632,26197,2000-2019,2020-2025,185.68274857860632
"Optimization, Theory & Security",causal inference,17659,8547,78.0981190820519,59.87516375125222,-18.222955330799678,0.7681502363717385,fading,185.39637182677046,26206,2000-2019,2020-2025,185.39637182677046
"Optimization, Theory & Security",computer security,35146,20052,155.43555655800418,140.47230414649695,-14.963252411507227,0.9040420751893026,fading,163.37926584364132,55198,2000-2019,2020-2025,163.37926584364132
"Optimization, Theory & Security",public-key cryptography,14577,7084,64.46776611694153,49.62626184788472,-14.841504269056813,0.7715558783052167,fading,148.1674100011688,21661,2000-2019,2020-2025,148.1674100011688
"Optimization, Theory & Security",mathematical optimization,31178,17803,137.88680880798537,124.71715692799148,-13.169651879993893,0.9048344853571479,fading,142.22181208189406,48981,2000-2019,2020-2025,142.22181208189406
"Optimization, Theory & Security",automata application,6499,1967,28.742266035124032,13.779624090173524,-14.962641944950509,0.4883213931855249,fading,135.32110931253652,8466,2000-2019,2020-2025,135.32110931253652
"Optimization, Theory & Security",quantum optic,14754,7449,65.25056056042776,52.18323327285337,-13.067327287574386,0.8012590740490354,fading,130.7781738746827,22203,2000-2019,2020-2025,130.7781738746827
"Optimization, Theory & Security",advanced multi-objective,15256,7783,67.47068943404403,54.523037261728795,-12.947652172315237,0.8095112425646482,fading,130.05899923794604,23039,2000-2019,2020-2025,130.05899923794604
"Optimization, Theory & Security",function biology,8332,3279,36.84883222105761,22.97071041773207,-13.878121803325541,0.628418856011757,fading,129.89636569843083,11611,2000-2019,2020-2025,129.89636569843083
"Optimization, Theory & Security",multi-objective optimization,15460,7928,68.37289319941799,55.53882043055196,-12.83407276886603,0.8136556753655517,fading,129.11104292240142,23388,2000-2019,2020-2025,129.11104292240142
"Optimization, Theory & Security",pure mathematic,14139,7194,62.530681561873934,50.396855975957465,-12.133825585916469,0.8074933463315747,fading,120.95066898994938,21333,2000-2019,2020-2025,120.95066898994938
"Optimization, Theory & Security",genetic programming,5831,1754,25.787990960272076,12.287473642178119,-13.500517318093957,0.4864378438619857,fading,120.61442800110619,7585,2000-2019,2020-2025,120.61442800110619
"Optimization, Theory & Security",simple philosophy,5420,1567,23.970315727092206,10.977463624454455,-12.992852102637752,0.46903618868093433,fading,115.0120728985954,6987,2000-2019,2020-2025,115.0120728985954
"Optimization, Theory & Security",particle swarm,9808,4490,43.376541817586784,31.454251227696552,-11.922290589890231,0.7282764298185531,fading,114.07181925191651,14298,2000-2019,2020-2025,114.07181925191651
"Optimization, Theory & Security",set theory,9424,4247,41.67827590629464,29.751938744772218,-11.926337161522419,0.7172398134997607,fading,113.575763735566,13671,2000-2019,2020-2025,113.575763735566
"Optimization, Theory & Security",bayesian network,5335,1546,23.594397491519725,10.830350200004203,-12.764047291515523,0.4702483307163849,fading,112.79160467952663,6881,2000-2019,2020-2025,112.79160467952663
"Optimization, Theory & Security",group theory,7456,2986,32.974663110922414,20.918127876592852,-12.056535234329562,0.6398310210209212,fading,111.56740549068932,10442,2000-2019,2020-2025,111.56740549068932
"Optimization, Theory & Security",swarm optimization,9884,4612,43.71265694586335,32.30891016974087,-11.403746776122482,0.7420705389842117,fading,109.26724639271184,14496,2000-2019,2020-2025,109.26724639271184
"Optimization, Theory & Security",evolutionary computation,5067,1498,22.409149407597088,10.494090944117914,-11.915058463479173,0.4798995697532129,fading,104.7293139425133,6565,2000-2019,2020-2025,104.7293139425133
"Optimization, Theory & Security",atomic interaction,12117,6153,53.58825012272625,43.10423336392358,-10.484016758802667,0.8061683131731119,fading,102.88039434451399,18270,2000-2019,2020-2025,102.88039434451399
"Optimization, Theory & Security",optic atomic,12116,6153,53.583827555248924,43.10423336392358,-10.47959419132534,0.8062342355370468,fading,102.83642179854402,18269,2000-2019,2020-2025,102.83642179854402
"Optimization, Theory & Security",quantum entanglement,23264,13304,102.88660979244891,93.19985708981625,-9.68675270263266,0.9063055387725834,fading,101.77828603697256,36568,2000-2019,2020-2025,101.77828603697256
"Optimization, Theory & Security",bayesian probability,6247,2369,27.627779030838564,16.59579535822119,-11.031983672617375,0.6077904458605781,fading,99.96623482999358,8616,2000-2019,2020-2025,99.96623482999358
"Optimization, Theory & Security",mechanic application,34920,20759,154.4360563081291,145.42512276965542,-9.010933538473694,0.941840951982454,fading,98.46586154421271,55679,2000-2019,2020-2025,98.46586154421271
"Optimization, Theory & Security",algorithm graph,10264,5036,45.3932325872462,35.279200263403084,-10.11403232384312,0.7796182192087767,fading,97.45551288419385,15300,2000-2019,2020-2025,97.45551288419385
"Optimization, Theory & Security",sequence biology,5091,1651,22.515291027052847,11.565917322255459,-10.949373704797388,0.5242565609130393,fading,96.53252770416995,6742,2000-2019,2020-2025,96.53252770416995
"Optimization, Theory & Security",automata theory,4731,1418,20.923166735216462,9.933658850974101,-10.98950788424236,0.48702691716545976,fading,95.87474557528304,6149,2000-2019,2020-2025,95.87474557528304
"Optimization, Theory & Security",biological computing,5680,2072,25.12018327119626,14.51519121242478,-10.604992058771481,0.5860688447652813,fading,94.9765605841086,7752,2000-2019,2020-2025,94.9765605841086
"Optimization, Theory & Security",dna biological,5680,2072,25.12018327119626,14.51519121242478,-10.604992058771481,0.5860688447652813,fading,94.9765605841086,7752,2000-2019,2020-2025,94.9765605841086
"Optimization, Theory & Security",block code,6167,2398,27.2739736326527,16.79895199198582,-10.475021640666881,0.6228475702032122,fading,94.85714672516067,8565,2000-2019,2020-2025,94.85714672516067
"Optimization, Theory & Security",state computer,10260,5091,45.37554231733691,35.664497327439456,-9.711044989897452,0.7883175980193801,fading,93.60477273465189,15351,2000-2019,2020-2025,93.60477273465189
"Optimization, Theory & Security",semigroup automata,4614,1386,20.40572634036964,9.709486013716575,-10.696240326653065,0.48835834964517466,fading,93.05388303029767,6000,2000-2019,2020-2025,93.05388303029767
"Optimization, Theory & Security",information retrieval,5916,2411,26.163909195844557,16.890022207121692,-9.273886988722865,0.6521932729140798,fading,83.71888903628809,8327,2000-2019,2020-2025,83.71888903628809
"Optimization, Theory & Security",signature topology,4784,1675,21.157562811514598,11.734046950198604,-9.423515861315995,0.5648856732713328,fading,82.67612890515016,6459,2000-2019,2020-2025,82.67612890515016
"Optimization, Theory & Security",probabilistic logic,5628,2255,24.89020976237545,15.797179625491253,-9.093030136884195,0.6418686485072397,fading,81.58803735252876,7883,2000-2019,2020-2025,81.58803735252876
"Optimization, Theory & Security",residue arithmetic,6643,2935,29.379115751858585,20.56085241721367,-8.818263334644914,0.7048686645254424,fading,80.8399166240248,9578,2000-2019,2020-2025,80.8399166240248
"Optimization, Theory & Security",cryptography residue,6641,2935,29.370270616903937,20.56085241721367,-8.809418199690267,0.7050773890643992,fading,80.75699085542239,9576,2000-2019,2020-2025,80.75699085542239
"Optimization, Theory & Security",string physic,3995,1174,17.668157071906524,8.22434096688547,-9.443816105021055,0.48019955641928835,fading,80.75055810754333,5169,2000-2019,2020-2025,80.75055810754333
"Optimization, Theory & Security",world wide,5077,1957,22.453375082370318,13.709570078530547,-8.743805003839771,0.6190623395268968,fading,77.45833416241813,7034,2000-2019,2020-2025,77.45833416241813
"Optimization, Theory & Security",wide web,5077,1957,22.453375082370318,13.709570078530547,-8.743805003839771,0.6190623395268968,fading,77.45833416241813,7034,2000-2019,2020-2025,77.45833416241813
"Optimization, Theory & Security",implementation security,10108,5241,44.703312060783766,36.71530750208411,-7.988004558699657,0.8232871841789294,fading,76.99534351580336,15349,2000-2019,2020-2025,76.99534351580336
"Optimization, Theory & Security",cryptographic implementation,10101,5238,44.6723540884425,36.69429129859122,-7.978062789851286,0.8233861628235908,fading,76.89431696206408,15339,2000-2019,2020-2025,76.89431696206408
"Optimization, Theory & Security",data structure,3505,928,15.501099008018114,6.501012280468241,-9.000086727549874,0.4375332142473494,fading,75.57424476779991,4433,2000-2019,2020-2025,75.57424476779991
"Optimization, Theory & Security",network packet,3446,932,15.240167526856041,6.529033885125432,-8.711133641730608,0.44656665014094793,fading,73.03915916270951,4378,2000-2019,2020-2025,73.03915916270951
"Optimization, Theory & Security",fuzzy logic,3939,1271,17.42049329317642,8.903864879822343,-8.516628413354077,0.5247548003270116,fading,72.8897946922994,5210,2000-2019,2020-2025,72.8897946922994
"Optimization, Theory & Security",multi-swarm optimization,4644,1754,20.538403364689337,12.287473642178119,-8.250929722511218,0.6078157843308821,fading,72.31029830123408,6398,2000-2019,2020-2025,72.31029830123408
"Optimization, Theory & Security",wireless communication,4152,1480,18.36250016584628,10.367993723160557,-7.994506442685724,0.5761693109399613,fading,69.04373496683827,5632,2000-2019,2020-2025,69.04373496683827
"Optimization, Theory & Security",data management,3646,1167,16.124681022320697,8.175303158735385,-7.949377863585312,0.5218327586007644,fading,67.40502949471754,4813,2000-2019,2020-2025,67.40502949471754
"Optimization, Theory & Security",class philosophy,4908,2016,21.705961178702683,14.12288874722411,-7.583072431478573,0.6585118576739946,fading,67.05630063323298,6924,2000-2019,2020-2025,67.05630063323298
"Optimization, Theory & Security",atomic physic,3702,1211,16.3723448010508,8.483540809964483,-7.888803991086318,0.5324417510365834,fading,67.05359974515568,4913,2000-2019,2020-2025,67.05359974515568
"Optimization, Theory & Security",tree set,3769,1287,16.668656822031462,9.015951298451105,-7.652705523580357,0.5542630036287918,fading,65.26631869876839,5056,2000-2019,2020-2025,65.26631869876839
"Optimization, Theory & Security",advanced data,4850,2014,21.449452265017932,14.108877944895514,-7.340574320122418,0.6655691344142787,fading,64.84803792944254,6864,2000-2019,2020-2025,64.84803792944254
"Optimization, Theory & Security",processing optimization,2970,765,13.135025407650158,5.359131890687721,-7.775893516962437,0.4297118425170192,fading,63.96271783067474,3735,2000-2019,2020-2025,63.96271783067474
"Optimization, Theory & Security",packet processing,2968,765,13.12618027269551,5.359131890687721,-7.76704838200779,0.42999078049982936,fading,63.88580071569718,3733,2000-2019,2020-2025,63.88580071569718
"Optimization, Theory & Security",error correcting,4742,1980,20.97181497746702,13.870694305309394,-7.101120672157625,0.6692817686995862,fading,62.584234121984046,6722,2000-2019,2020-2025,62.584234121984046
"Optimization, Theory & Security",correcting code,4727,1980,20.90547646530717,13.870694305309394,-7.034782159997777,0.6713559648438862,fading,61.9838604244193,6707,2000-2019,2020-2025,61.9838604244193
"Optimization, Theory & Security",authentication protocol,4112,1582,18.18559746675335,11.08254464191892,-7.10305282483443,0.6198648270427183,fading,61.42254034489326,5694,2000-2019,2020-2025,61.42254034489326
"Optimization, Theory & Security",social science,3238,1005,14.320273491572797,7.040428170119162,-7.279845321453635,0.5087914318454954,fading,60.81045164771641,4243,2000-2019,2020-2025,60.81045164771641
"Optimization, Theory & Security",advanced authentication,3827,1403,16.925165735716213,9.828577833509636,-7.096587902206577,0.5927391446463685,fading,60.76352437596869,5230,2000-2019,2020-2025,60.76352437596869
"Optimization, Theory & Security",protocol security,3835,1411,16.9605462755348,9.884621042824017,-7.075925232710782,0.594747774723099,fading,60.60821322722856,5246,2000-2019,2020-2025,60.60821322722856
"Optimization, Theory & Security",coding social,3150,962,13.931087553568348,6.739195920054362,-7.191891633513986,0.5016389716424622,fading,59.850260291589755,4112,2000-2019,2020-2025,59.850260291589755
"Optimization, Theory & Security",advanced wireless,2887,821,12.767952307032324,5.75143435588839,-7.016517951143935,0.47116798517394304,fading,57.66537611424768,3708,2000-2019,2020-2025,57.66537611424768
"Optimization, Theory & Security",binary number,5869,2802,25.95604852441036,19.62913406236208,-6.326914462048279,0.7608518726365887,fading,57.371541191000176,8671,2000-2019,2020-2025,57.371541191000176
"Optimization, Theory & Security",lower bound,5599,2627,24.761955305533075,18.403188858609987,-6.358766446923088,0.7482868459699024,fading,57.32540315862836,8226,2000-2019,2020-2025,57.32540315862836
"Optimization, Theory & Security",quantum computing,48773,56941,215.7018835714886,398.89454769627383,183.19266412478524,1.8473222392820243,rising,2119.264714660135,105714,2000-2019,2020-2025,2119.264714660135
"Optimization, Theory & Security",algorithm architecture,48384,56679,213.98150482280982,397.05913259122786,183.07762776841804,1.8535823539641072,rising,2116.8030264944273,105063,2000-2019,2020-2025,2116.8030264944273
"Optimization, Theory & Security",quantum information,66667,56229,294.8393060107115,393.9067020672939,99.06739605658242,1.3354358666129913,rising,1160.9809078852504,122896,2000-2019,2020-2025,1160.9809078852504
"Optimization, Theory & Security",information cryptography,65594,54463,290.0938911075436,381.5351636111442,91.4412725036006,1.3146703193074345,rising,1069.472455851697,120057,2000-2019,2020-2025,1069.472455851697
"Optimization, Theory & Security",quantum computer,16304,24382,72.10554015027884,170.80569118790586,98.70015103762702,2.3594024758074603,rising,1047.5702309883889,40686,2000-2019,2020-2025,1047.5702309883889
"Optimization, Theory & Security",quantum mechanic,67098,53879,296.7454325934378,377.44400933119437,80.69857673775658,1.271488029382552,rising,944.4448170261089,120977,2000-2019,2020-2025,944.4448170261089
"Optimization, Theory & Security",cryptography,126442,88146,559.1982769677109,617.4980910281828,58.29981406047193,1.1041629328864904,rising,715.7164925552399,214588,2000-2019,2020-2025,715.7164925552399
"Optimization, Theory & Security",neural network,9928,10300,43.907249914865574,72.15563199226604,28.248382077400464,1.636120951681454,rising,280.079106555341,20228,2000-2019,2020-2025,280.079106555341
"Optimization, Theory & Security",quantum-dot cellular,5845,7390,25.8499069049546,51.76991460415981,25.920007699205208,1.9836849819887388,rising,245.9989048123693,13235,2000-2019,2020-2025,245.9989048123693
"Optimization, Theory & Security",quantum circuit,2090,5165,9.243166027605666,36.18289701359748,26.939730985991815,3.764987367521245,rising,239.48300131633584,7255,2000-2019,2020-2025,239.48300131633584
"Optimization, Theory & Security",quantum electron,7423,7668,32.82871838417075,53.71741612783456,20.888697743663812,1.6267477045737455,rising,200.9893802874571,15091,2000-2019,2020-2025,200.9893802874571
"Optimization, Theory & Security",electron transport,7423,7665,32.82871838417075,53.69639992434167,20.86768154017092,1.6261171311670324,rising,200.7830155500444,15088,2000-2019,2020-2025,200.7830155500444
"Optimization, Theory & Security",transport phenomena,7423,7665,32.82871838417075,53.69639992434167,20.86768154017092,1.6261171311670324,rising,200.7830155500444,15088,2000-2019,2020-2025,200.7830155500444
"Optimization, Theory & Security",quantum error,5189,6302,22.94870263983053,44.14803813740394,21.199335497573408,1.904072853120825,rising,198.20120340284927,11491,2000-2019,2020-2025,198.20120340284927
"Optimization, Theory & Security",quantum network,7752,7618,34.28374308421011,53.36714606961968,19.08340298540957,1.5486299429940413,rising,183.96854464887733,15370,2000-2019,2020-2025,183.96854464887733
"Optimization, Theory & Security",reservoir computing,3119,4508,13.793987961771327,31.58034844865391,17.786360486882586,2.2443245743910976,rising,159.00260967576176,7627,2000-2019,2020-2025,159.00260967576176
"Optimization, Theory & Security",network reservoir,3114,4499,13.77187512438471,31.517299838175234,17.745424713790523,2.243384247629168,rising,158.60406214414985,7613,2000-2019,2020-2025,158.60406214414985
"Optimization, Theory & Security",quantum many-body,2424,3953,10.720303565031644,27.692350802468702,16.97204723743706,2.512619256606467,rising,148.68548416171436,6377,2000-2019,2020-2025,148.68548416171436
"Optimization, Theory & Security",error correction,7974,7133,35.265553064175876,49.9695265049353,14.703973440759427,1.4111210978444921,rising,141.49603769203839,15107,2000-2019,2020-2025,141.49603769203839
"Optimization, Theory & Security",cloud computing,5791,5414,25.611088261179145,37.92724190350761,12.316153642328462,1.4716828926904435,rising,114.83833679250046,11205,2000-2019,2020-2025,114.83833679250046
"Optimization, Theory & Security",quantum key,5535,5235,24.478910986984385,36.67327509509832,12.194364108113934,1.4881863790806564,rising,113.21994684656964,10770,2000-2019,2020-2025,113.21994684656964
"Optimization, Theory & Security",cellular automata,12293,9329,54.36662199873515,65.35338746173299,10.986765462997845,1.2002449770509132,rising,109.66454056066826,21622,2000-2019,2020-2025,109.66454056066826
"Optimization, Theory & Security",noise video,3074,3659,13.594972425291779,25.632762860165187,12.037790434873408,1.8540485267834226,rising,106.11221503065198,6733,2000-2019,2020-2025,106.11221503065198
"Optimization, Theory & Security",blockchain technology,2254,3179,9.968467093886686,22.270170301302304,12.301703207415619,2.1751198238564933,rising,105.79994703433042,5433,2000-2019,2020-2025,105.79994703433042
"Optimization, Theory & Security",application security,2271,3141,10.04365074100118,22.00396505705899,11.960314316057811,2.1343617699273403,rising,102.81754464814789,5412,2000-2019,2020-2025,102.81754464814789
"Optimization, Theory & Security",quantum machine,207,1850,0.91547146780592,12.959992153950695,12.044520686144775,9.509193551470611,rising,91.89354912274044,2057,2000-2019,2020-2025,91.89354912274044
"Optimization, Theory & Security",artificial neural,3578,3730,15.823946433862714,26.130146342830322,10.306199908967608,1.6313546758269326,rising,91.69283570106121,7308,2000-2019,2020-2025,91.69283570106121
"Optimization, Theory & Security",homomorphic encryption,2520,3092,11.144870042854679,21.660700400008405,10.515830357153726,1.9030440286971055,rising,90.78148740707883,5612,2000-2019,2020-2025,90.78148740707883
"Optimization, Theory & Security",key distribution,6470,5421,28.614011578281655,37.97627971165769,9.362268133376034,1.3215725908538163,rising,87.85197758774012,11891,2000-2019,2020-2025,87.85197758774012
"Optimization, Theory & Security",privacy-preserving technology,10335,7712,45.707234878136155,54.02565377906366,8.318418900927504,1.180024165541737,rising,81.5270780635349,18047,2000-2019,2020-2025,81.5270780635349
"Optimization, Theory & Security",statistical physic,16044,11218,70.95567260617479,78.5865902610913,7.630917654916516,1.1067923283988106,rising,77.93674254859924,27262,2000-2019,2020-2025,77.93674254859924
"Optimization, Theory & Security",topology electrical,7997,6189,35.36727211615431,43.3564278058383,7.98915568968399,1.2227422164644002,rising,76.37697816189285,14186,2000-2019,2020-2025,76.37697816189285
"Optimization, Theory & Security",electrical circuit,8012,6194,35.43361062831416,43.39145481165979,7.957844183345628,1.2214596319211848,rising,76.08884821622694,14206,2000-2019,2020-2025,76.08884821622694
"Optimization, Theory & Security",quantum gate,3251,3281,14.377766868778,22.984721220060667,8.606954351282667,1.578511172220674,rising,75.60883654366901,6532,2000-2019,2020-2025,75.60883654366901
"Optimization, Theory & Security",material science,5137,4340,22.718729131009717,30.403441053051903,7.684711922042187,1.3309703937145676,rising,70.36682145874802,9477,2000-2019,2020-2025,70.36682145874802
"Optimization, Theory & Security",quantum technology,2106,2508,9.313927107242838,17.569546120058565,8.255619012815727,1.841214625154791,rising,69.65321195065565,4614,2000-2019,2020-2025,69.65321195065565
"Optimization, Theory & Security",variational quantum,59,1382,0.2609314811620738,9.681464409059386,9.420532927897312,13.380264401087114,rising,68.52294351774678,1441,2000-2019,2020-2025,68.52294351774678
"Optimization, Theory & Security",quantum annealing,587,1561,2.5960471091887682,10.935431217468668,8.3393841082799,3.6935585325977165,rising,63.98607526993966,2148,2000-2019,2020-2025,63.98607526993966
"Optimization, Theory & Security",hamiltonian control,2442,2607,10.799909779623462,18.263080835324036,7.463171055700574,1.6604628887531936,rising,63.63953072320567,5049,2000-2019,2020-2025,63.63953072320567
"Optimization, Theory & Security",quantum state,6362,4964,28.136374290730743,34.77481137957365,6.638437088842906,1.2318183517733838,rising,61.96944202476782,11326,2000-2019,2020-2025,61.96944202476782
"Optimization, Theory & Security",feature linguistic,2005,2314,8.867247792033186,16.210498294184816,7.34325050215163,1.783928285573596,rising,61.47042838851875,4319,2000-2019,2020-2025,61.47042838851875
"Optimization, Theory & Security",control theory,4395,3744,19.43718406283584,26.22822195913049,6.79103789629465,1.3406217184378395,rising,61.150209450953724,8139,2000-2019,2020-2025,61.150209450953724
"Optimization, Theory & Security",quantum phase,1267,1871,5.603392993768602,13.107105578400947,7.503712584632345,2.2294329715116543,rising,60.417339143850256,3138,2000-2019,2020-2025,60.417339143850256
"Optimization, Theory & Security",key lock,13164,9163,58.218678271483725,64.19049086845958,5.971812596975852,1.101702095019329,rising,59.79932336327262,22327,2000-2019,2020-2025,59.79932336327262
"Optimization, Theory & Security",electronic circuit,3027,2882,13.387111753857585,20.189566155505894,6.802454401648308,1.4898393936924077,rising,59.075242559120916,5909,2000-2019,2020-2025,59.075242559120916
"Optimization, Theory & Security",computational science,1134,1753,5.015191519284605,12.280468241013821,7.265276721729216,2.3173208394169458,rising,57.89204617474338,2887,2000-2019,2020-2025,57.89204617474338
"Optimization, Theory & Security",resource management,629,1472,2.7817949432363465,10.311950513846176,7.530155570609829,3.294523485121821,rising,57.61054368775829,2101,2000-2019,2020-2025,57.61054368775829
"Optimization, Theory & Security",phase estimation,848,1569,3.7503372207701458,10.99147442678305,7.241137206012905,2.703661810791765,rising,56.41349889207647,2417,2000-2019,2020-2025,56.41349889207647
"Optimization, Theory & Security",computing resource,392,1324,1.733646451110728,9.27515114153012,7.5415046904193925,4.376319778212537,rising,56.1716447477679,1716,2000-2019,2020-2025,56.1716447477679
"Optimization, Theory & Security",circuit design,805,1501,3.5601668192452447,10.515107147610808,6.954940328365563,2.7129691064414034,rising,53.856994081168445,2306,2000-2019,2020-2025,53.856994081168445
"Optimization, Theory & Security",robustness evolution,2487,2472,10.99892531610301,17.317351678143847,6.318426362040837,1.5494797286136435,rising,53.764507305842656,4959,2000-2019,2020-2025,53.764507305842656
"Optimization, Theory & Security",quantum cryptography,4561,3718,20.171330264071504,26.04608152885875,5.874751264787246,1.2841980264326798,rising,52.99964571419398,8279,2000-2019,2020-2025,52.99964571419398
"Optimization, Theory & Security",device circuit,326,1221,1.441756997607391,8.55359482160746,7.111837824000069,4.662578702053443,rising,52.23445077595565,1547,2000-2019,2020-2025,52.23445077595565
"Optimization, Theory & Security",advancement semiconductor,323,1217,1.4284892951754211,8.525573216950269,7.097083921774848,4.68012616898103,rising,52.093921971773796,1540,2000-2019,2020-2025,52.093921971773796
"Optimization, Theory & Security",semiconductor device,342,1223,1.5125180772445637,8.567605623936055,7.0550875466914915,4.505602074566681,rising,51.89919854703041,1565,2000-2019,2020-2025,51.89919854703041
"Optimization, Theory & Security",feature selection,1332,1684,5.890859879794616,11.797095560677283,5.906235680882667,1.924169171593929,rising,47.32086800000397,3016,2000-2019,2020-2025,47.32086800000397
"Optimization, Theory & Security",electronic engineering,3421,2907,15.129603339922959,20.364701184613338,5.2350978446903795,1.3349475818953307,rising,45.82227496674696,6328,2000-2019,2020-2025,45.82227496674696
"Optimization, Theory & Security",quantum simulator,692,1297,3.0604166943077136,9.086005310094082,6.0255886157863685,2.6923829801775443,rising,45.76970781497128,1989,2000-2019,2020-2025,45.76970781497128
"Optimization, Theory & Security",benchmark surveying,8550,6028,37.81295193111409,42.228558218386375,4.415606287272283,1.1152510068973922,rising,42.33390737275325,14578,2000-2019,2020-2025,42.33390737275325
"Optimization, Theory & Security",quantum sensor,1597,1728,7.062840261285286,12.10533321190638,5.042492950621094,1.6667459283034143,rising,40.89222597218473,3325,2000-2019,2020-2025,40.89222597218473
"Optimization, Theory & Security",distributed computing,6394,4658,28.277896450005088,32.63115862329856,4.353262173293473,1.1512710347282074,rising,40.530860985110834,11052,2000-2019,2020-2025,40.530860985110834
"Optimization, Theory & Security",information science,3107,2573,13.740917152043448,18.024897195737914,4.283980043694466,1.3008219202426687,rising,37.03450433523721,5680,2000-2019,2020-2025,37.03450433523721
"Optimization, Theory & Security",quantum metrology,1063,1323,4.701189228394652,9.268145740365823,4.566956511971171,1.8780600573113089,rising,35.520840683619475,2386,2000-2019,2020-2025,35.520840683619475
"Optimization, Theory & Security",detection,6476,4619,28.640546983145594,32.35794797789095,3.7174009947453577,1.127567989608961,rising,34.625136640115414,11095,2000-2019,2020-2025,34.625136640115414
"Optimization, Theory & Security",electrical engineering,4045,3103,17.88928544577269,21.737759812815682,3.848474367042993,1.209278080890722,rising,34.15416232103846,7148,2000-2019,2020-2025,34.15416232103846
"Optimization, Theory & Security",coherence philosophical,2009,1858,8.88493806194248,13.016035363265077,4.131097301322598,1.4401837576397973,rising,34.12489974738408,3867,2000-2019,2020-2025,34.12489974738408
"Optimization, Theory & Security",gambling strategy,2009,1858,8.88493806194248,13.016035363265077,4.131097301322598,1.4401837576397973,rising,34.12489974738408,3867,2000-2019,2020-2025,34.12489974738408
"Optimization, Theory & Security",philosophical gambling,2009,1858,8.88493806194248,13.016035363265077,4.131097301322598,1.4401837576397973,rising,34.12489974738408,3867,2000-2019,2020-2025,34.12489974738408
"Optimization, Theory & Security",computing optimization,2073,1863,9.16798238049117,13.051062369086566,3.883079988595396,1.4016432628622686,rising,32.14481293126851,3936,2000-2019,2020-2025,32.14481293126851
"Optimization, Theory & Security",learning material,83,733,0.36707310061783266,5.134959053430195,4.767885952812362,6.498828125812006,rising,31.97172244501241,816,2000-2019,2020-2025,31.97172244501241
"Optimization, Theory & Security",molecular communication,318,840,1.4063764577888047,5.884536978010046,4.478160520221241,3.3490431294013328,rising,31.594823432853946,1158,2000-2019,2020-2025,31.594823432853946
"Optimization, Theory & Security",communication nanonetwork,316,837,1.3975313228341582,5.863520774517153,4.4659894516829945,3.353578777826223,rising,31.489644494534,1153,2000-2019,2020-2025,31.489644494534
"Optimization, Theory & Security",reinforcement learning,3189,2530,14.103567685183958,17.723664945673114,3.620097260489157,1.2478912919451817,rising,31.320082656349808,5719,2000-2019,2020-2025,31.320082656349808
"Optimization, Theory & Security",reinforcement,3203,2538,14.165483629866483,17.779708154987496,3.6142245251210134,1.246444278029849,rising,31.2831475697999,5741,2000-2019,2020-2025,31.2831475697999
"Optimization, Theory & Security",data classification,1824,1695,8.066763078637672,11.874154973484556,3.8073918948468837,1.444437631798305,rising,31.091985632604487,3519,2000-2019,2020-2025,31.091985632604487
"Optimization, Theory & Security",internet thing,400,857,1.7690269909293141,6.003628797803106,4.234601806873792,2.8662633030819293,rising,30.223532166584185,1257,2000-2019,2020-2025,30.223532166584185
"Optimization, Theory & Security",high-performance vlsi,1089,1237,4.816175982805057,8.665681240236221,3.849505257431164,1.7241117054593798,rising,29.842654968500657,2326,2000-2019,2020-2025,29.842654968500657
"Optimization, Theory & Security",low-power high-performance,1089,1237,4.816175982805057,8.665681240236221,3.849505257431164,1.7241117054593798,rising,29.842654968500657,2326,2000-2019,2020-2025,29.842654968500657
"Optimization, Theory & Security",optical network,1212,1294,5.360151782515822,9.064989106601189,3.704837324085367,1.6322084242150539,rising,28.99717673497947,2506,2000-2019,2020-2025,28.99717673497947
"Optimization, Theory & Security",overhead engineering,2507,2071,11.087376665649476,14.508185811260482,3.420809145611006,1.2952186024772907,rising,28.834807300530127,4578,2000-2019,2020-2025,28.834807300530127
Reinforcement Learning & Agents,knowledge management,4120,389,197.4314740272187,65.2903658945955,-132.14110813262323,0.33238961220259633,fading,1111.8422123161113,4509,2000-2019,2020-2025,1111.8422123161113
Reinforcement Learning & Agents,reasoning knowledge,6956,1260,333.3333333333333,211.48036253776436,-121.85297079556895,0.6349886047062338,fading,1098.3778604327022,8216,2000-2019,2020-2025,1098.3778604327022
Reinforcement Learning & Agents,logic reasoning,6956,1260,333.3333333333333,211.48036253776436,-121.85297079556895,0.6349886047062338,fading,1098.3778604327022,8216,2000-2019,2020-2025,1098.3778604327022
Reinforcement Learning & Agents,distributed computing,3175,294,152.14682767874257,49.34541792547835,-102.80140975326421,0.32654080457133383,fading,838.027827119878,3469,2000-2019,2020-2025,838.027827119878
Reinforcement Learning & Agents,network management,3375,377,161.73087981598619,63.27626720375965,-98.45461261222653,0.39312039283827616,fading,810.312061407063,3752,2000-2019,2020-2025,810.312061407063
Reinforcement Learning & Agents,mobile agent-based,3366,377,161.29959746981024,63.27626720375965,-98.02333026605058,0.39416826865505333,fading,806.5271234101047,3743,2000-2019,2020-2025,806.5271234101047
Reinforcement Learning & Agents,agent-based network,3365,377,161.251677209124,63.27626720375965,-97.97541000536435,0.3942850442366986,fading,806.1066676845827,3742,2000-2019,2020-2025,806.1066676845827
Reinforcement Learning & Agents,programming language,5339,984,255.84627180371862,165.15609264853978,-90.69017915517884,0.6462200190505627,fading,793.7301698018202,6323,2000-2019,2020-2025,793.7301698018202
Reinforcement Learning & Agents,human computer,4071,669,195.083381253594,112.28600201409868,-82.79737923949533,0.5766645473209199,fading,700.7972963225706,4740,2000-2019,2020-2025,700.7972963225706
Reinforcement Learning & Agents,computer interaction,4064,669,194.7479394287905,112.28600201409868,-82.4619374146918,0.5776552743350883,fading,697.8362720712917,4733,2000-2019,2020-2025,697.8362720712917
Reinforcement Learning & Agents,world wide,2753,289,131.92447766915853,48.50621013763008,-83.41826753152846,0.3700691216624187,fading,669.0644856492552,3042,2000-2019,2020-2025,669.0644856492552
Reinforcement Learning & Agents,wide web,2753,289,131.92447766915853,48.50621013763008,-83.41826753152846,0.3700691216624187,fading,669.0644856492552,3042,2000-2019,2020-2025,669.0644856492552
Reinforcement Learning & Agents,business process,3532,587,169.25436074372246,98.52299429338704,-70.73136645033541,0.5833310782683321,fading,588.7401989245087,4119,2000-2019,2020-2025,588.7401989245087
Reinforcement Learning & Agents,process modeling,3487,582,167.09794901284263,97.68378650553878,-69.41416250730386,0.5858292842116772,fading,576.9287507623266,4069,2000-2019,2020-2025,576.9287507623266
Reinforcement Learning & Agents,modeling analysi,3476,582,166.57082614529423,97.68378650553878,-68.88703963975546,0.5876776261353529,fading,572.3611894297969,4058,2000-2019,2020-2025,572.3611894297969
Reinforcement Learning & Agents,web service,2076,158,99.48246118458884,26.51896609600537,-72.96349508858347,0.2702370573387129,fading,562.6942192651454,2234,2000-2019,2020-2025,562.6942192651454
Reinforcement Learning & Agents,architecture web,1945,147,93.20490703469427,24.672708962739176,-68.5321980719551,0.2686381082841155,fading,524.0214278349004,2092,2000-2019,2020-2025,524.0214278349004
Reinforcement Learning & Agents,semantic web,4526,957,216.88709986582327,160.6243705941591,-56.26272927166417,0.7411864397363462,fading,484.399033598919,5483,2000-2019,2020-2025,484.399033598919
Reinforcement Learning & Agents,process computing,2561,373,122.72378761740464,62.60490097348104,-60.1188866439236,0.5121162252325365,fading,480.0170099135035,2934,2000-2019,2020-2025,480.0170099135035
Reinforcement Learning & Agents,web ontology,4477,946,214.53900709219857,158.7781134608929,-55.76089363130566,0.7406940518126648,fading,479.46499710778676,5423,2000-2019,2020-2025,479.46499710778676
Reinforcement Learning & Agents,process management,1755,160,84.10005750431283,26.85464921114468,-57.245408293168154,0.32334078744272915,fading,432.66050727880247,1915,2000-2019,2020-2025,432.66050727880247
Reinforcement Learning & Agents,auction theory,1983,238,95.02587694077056,39.94629070157771,-55.07958623919285,0.4234066411832665,fading,424.4522678903821,2221,2000-2019,2020-2025,424.4522678903821
Reinforcement Learning & Agents,computer security,1973,274,94.54667433390837,45.98858677408526,-48.55808755982311,0.4891132393624448,fading,374.7614241832685,2247,2000-2019,2020-2025,374.7614241832685
Reinforcement Learning & Agents,intelligent agent,1513,151,72.50335441824804,25.34407519301779,-47.15927922523025,0.3540121601118888,fading,349.80774537306326,1664,2000-2019,2020-2025,349.80774537306326
Reinforcement Learning & Agents,software agent,1130,68,54.149894575426494,11.413225914736488,-42.73666866069001,0.21799174558871537,fading,302.97063577147554,1198,2000-2019,2020-2025,302.97063577147554
Reinforcement Learning & Agents,political science,2681,555,128.4742188997508,93.15206445115811,-35.3221544485927,0.7261301153833858,fading,285.4878607288365,3236,2000-2019,2020-2025,285.4878607288365
Reinforcement Learning & Agents,management science,1608,265,77.05577918343876,44.478012755958375,-32.577766427480384,0.5799440509723223,fading,245.50052465413663,1873,2000-2019,2020-2025,245.50052465413663
Reinforcement Learning & Agents,operation research,1208,146,57.8876749089515,24.50486740516952,-33.38280750378198,0.4282559194926254,fading,240.74201023081747,1354,2000-2019,2020-2025,240.74201023081747
Reinforcement Learning & Agents,order exchange,1069,124,51.22675867356718,20.81235313863713,-30.414405534930054,0.4120179513495773,fading,215.48801867732567,1193,2000-2019,2020-2025,215.48801867732567
Reinforcement Learning & Agents,domain mathematical,1212,200,58.07935595169638,33.56831151393085,-24.511044437765527,0.5815753853972558,fading,177.7901348779966,1412,2000-2019,2020-2025,177.7901348779966
Reinforcement Learning & Agents,risk analysi,832,84,39.869656890933484,14.098690835850956,-25.77096605508253,0.36162533843902045,fading,175.78652912559113,916,2000-2019,2020-2025,175.78652912559113
Reinforcement Learning & Agents,analysi engineering,831,84,39.821736630247266,14.098690835850956,-25.72304579439631,0.36205511111095795,fading,175.4315932670449,915,2000-2019,2020-2025,175.4315932670449
Reinforcement Learning & Agents,mathematical analysi,1236,213,59.229442208165615,35.750251762336354,-23.47919044582926,0.6069075889910216,fading,170.91251325261192,1449,2000-2019,2020-2025,170.91251325261192
Reinforcement Learning & Agents,software development,811,92,38.863331416522904,15.44142329640819,-23.421908120114715,0.4049815582864188,fading,159.42893186840476,903,2000-2019,2020-2025,159.42893186840476
Reinforcement Learning & Agents,protocol science,750,99,35.9401955146636,16.61631419939577,-19.32388131526783,0.4697097245954165,fading,130.34414666086627,849,2000-2019,2020-2025,130.34414666086627
Reinforcement Learning & Agents,service business,632,68,30.28560475368986,11.413225914736488,-18.872378838953374,0.38697391232207673,fading,123.66141118934668,700,2000-2019,2020-2025,123.66141118934668
Reinforcement Learning & Agents,agent-oriented software,409,15,19.599386620663218,2.5176233635448138,-17.081763257118403,0.15013509717965917,fading,103.38035439453736,424,2000-2019,2020-2025,103.38035439453736
Reinforcement Learning & Agents,agent architecture,494,45,23.67260877899176,7.552870090634441,-16.119738688357316,0.3331402979405819,fading,101.4184504694132,539,2000-2019,2020-2025,101.4184504694132
Reinforcement Learning & Agents,decision support,517,54,24.774774774774773,9.06344410876133,-15.711330666013444,0.37837900412493586,fading,99.75342213804709,571,2000-2019,2020-2025,99.75342213804709
Reinforcement Learning & Agents,mechanism biology,483,51,23.14548591144336,8.559919436052366,-14.585566475390992,0.3831564075267225,fading,91.63041925299002,534,2000-2019,2020-2025,91.63041925299002
Reinforcement Learning & Agents,flexibility engineering,442,47,21.180755223308413,7.88855320577375,-13.292202017534663,0.38691240777237484,fading,82.33728783706911,489,2000-2019,2020-2025,82.33728783706911
Reinforcement Learning & Agents,modeling language,390,32,18.68890166762507,5.370929842228936,-13.317971825396135,0.3059544492916022,fading,80.53873229822275,422,2000-2019,2020-2025,80.53873229822275
Reinforcement Learning & Agents,set abstract,1610,401,77.1516197048112,67.30446458543135,-9.847155119379849,0.8731880267686196,fading,74.90617195413077,2011,2000-2019,2020-2025,74.90617195413077
Reinforcement Learning & Agents,unified modeling,330,19,15.813686026451984,3.1889895938234307,-12.624696432628554,0.22612851490716956,fading,73.95462779798386,349,2000-2019,2020-2025,73.95462779798386
Reinforcement Learning & Agents,peer-to peer,363,30,17.39505462909718,5.0352467270896275,-12.359807902007553,0.3093171181544968,fading,73.86654919391063,393,2000-2019,2020-2025,73.86654919391063
Reinforcement Learning & Agents,representation politic,643,120,30.81272762123826,20.14098690835851,-10.67174071287975,0.6591884028128707,fading,70.84507415086047,763,2000-2019,2020-2025,70.84507415086047
Reinforcement Learning & Agents,abstract data,1612,405,77.24746022618363,67.97583081570997,-9.271629410473665,0.8807468516206117,fading,70.55582219164197,2017,2000-2019,2020-2025,70.55582219164197
Reinforcement Learning & Agents,data type,1615,407,77.39122100824228,68.31151393084927,-9.07970707739301,0.8834309314982722,fading,69.1177886559315,2022,2000-2019,2020-2025,69.1177886559315
Reinforcement Learning & Agents,engineering management,338,28,16.19704811194173,4.699563611950319,-11.49748449999141,0.31140615856712967,fading,67.89680631484805,366,2000-2019,2020-2025,67.89680631484805
Reinforcement Learning & Agents,peer network,337,29,16.14912785125551,4.867405169519973,-11.281722681735538,0.32238356372013904,fading,66.62265470505294,366,2000-2019,2020-2025,66.62265470505294
Reinforcement Learning & Agents,supply chain,342,34,16.3887291546866,5.706612957368244,-10.682116197318358,0.36750029564219266,fading,63.368932403302274,376,2000-2019,2020-2025,63.368932403302274
Reinforcement Learning & Agents,particle detector,288,17,13.801035077630821,2.853306478684122,-10.9477285989467,0.23447998417465926,fading,62.66025630914934,305,2000-2019,2020-2025,62.66025630914934
Reinforcement Learning & Agents,jade particle,288,17,13.801035077630821,2.853306478684122,-10.9477285989467,0.23447998417465926,fading,62.66025630914934,305,2000-2019,2020-2025,62.66025630914934
Reinforcement Learning & Agents,data mining,537,98,25.73317998849914,16.448472641826115,-9.284707346673024,0.6460700780178567,fading,59.93462952527718,635,2000-2019,2020-2025,59.93462952527718
Reinforcement Learning & Agents,operation management,296,23,14.184397163120567,3.8603558241020477,-10.32404133901852,0.2969380203807721,fading,59.55238441730337,319,2000-2019,2020-2025,59.55238441730337
Reinforcement Learning & Agents,agent based,278,19,13.32183247076864,3.1889895938234307,-10.13284287694521,0.266895840448447,fading,57.72775315402724,297,2000-2019,2020-2025,57.72775315402724
Reinforcement Learning & Agents,context archaeology,1472,375,70.53862373011309,62.94058408862034,-7.598039641492747,0.8930435410691668,fading,57.15138477595697,1847,2000-2019,2020-2025,57.15138477595697
Reinforcement Learning & Agents,object grammar,276,19,13.225991949396205,3.1889895938234307,-10.037002355572774,0.26875941698229733,fading,57.1141512471064,295,2000-2019,2020-2025,57.1141512471064
Reinforcement Learning & Agents,autonomou agent,677,144,32.44201648456968,24.169184290030213,-8.272832194539465,0.7488668552389763,fading,55.52510202161179,821,2000-2019,2020-2025,55.52510202161179
Reinforcement Learning & Agents,game theory,870,203,41.69062679700978,34.071836186639814,-7.618790610369963,0.8194198287921635,fading,53.172646490102146,1073,2000-2019,2020-2025,53.172646490102146
Reinforcement Learning & Agents,focu optic,643,137,30.81272762123826,22.99429338704263,-7.818434234195628,0.7503113006069559,fading,52.075268770939275,780,2000-2019,2020-2025,52.075268770939275
Reinforcement Learning & Agents,variety cybernetic,416,71,19.934828445466742,11.916750587445451,-8.018077858021291,0.6076268572834522,fading,49.63443088983921,487,2000-2019,2020-2025,49.63443088983921
Reinforcement Learning & Agents,fuzzy logic,349,53,16.72417097949013,8.895602551191676,-7.828568428298453,0.5454893917611241,fading,46.963085372221066,402,2000-2019,2020-2025,46.963085372221066
Reinforcement Learning & Agents,control management,635,141,30.429365535748513,23.66565961732125,-6.763705918427263,0.781317663609695,fading,45.01544128752127,776,2000-2019,2020-2025,45.01544128752127
Reinforcement Learning & Agents,chain management,244,22,11.692543607437225,3.6925142665323936,-8.000029340904831,0.34385886993875814,fading,44.69815320213315,266,2000-2019,2020-2025,44.69815320213315
Reinforcement Learning & Agents,work process,181,3,8.673567184205481,0.5035246727089627,-8.170042511496519,0.10939306951790506,fading,42.65052901602839,184,2000-2019,2020-2025,42.65052901602839
Reinforcement Learning & Agents,work physic,738,175,35.36515238642898,29.372272574689493,-5.992879811739488,0.8329052182137908,fading,40.85843919152787,913,2000-2019,2020-2025,40.85843919152787
Reinforcement Learning & Agents,engineering methodology,466,96,22.33084147977765,16.112789526686807,-6.218051953090843,0.7276468342790403,fading,39.38066176122445,562,2000-2019,2020-2025,39.38066176122445
Reinforcement Learning & Agents,object-oriented programming,198,13,9.48821161587119,2.181940248405505,-7.306271367465685,0.2685105553975171,fading,39.1366729259958,211,2000-2019,2020-2025,39.1366729259958
Reinforcement Learning & Agents,interface matter,354,64,16.96377228292122,10.741859684457872,-6.221912598463348,0.6437245918198271,fading,37.56710514455903,418,2000-2019,2020-2025,37.56710514455903
Reinforcement Learning & Agents,mathematical optimization,403,79,19.31186505654591,13.259483048002686,-6.052382008543223,0.694507206097515,fading,37.40382160706432,482,2000-2019,2020-2025,37.40382160706432
Reinforcement Learning & Agents,quality philosophy,337,59,16.14912785125551,9.902651896609601,-6.246475954645909,0.6248166264051566,fading,37.37851409144581,396,2000-2019,2020-2025,37.37851409144581
Reinforcement Learning & Agents,point geometry,291,45,13.944795859689476,7.552870090634441,-6.391925769055035,0.5574928277877065,fading,37.2015380605566,336,2000-2019,2020-2025,37.2015380605566
Reinforcement Learning & Agents,plan archaeology,457,96,21.899559133601688,16.112789526686807,-5.786769606914881,0.7416569865326448,fading,36.55597661114515,553,2000-2019,2020-2025,36.55597661114515
Reinforcement Learning & Agents,component thermodynamic,365,69,17.49089515046962,11.581067472306144,-5.9098276781634755,0.6715100816976741,fading,35.904248128948524,434,2000-2019,2020-2025,35.904248128948524
Reinforcement Learning & Agents,adaptation eye,299,49,14.328157945179221,8.224236320913057,-6.103921624266164,0.5883560421440879,fading,35.738900117565045,348,2000-2019,2020-2025,35.738900117565045
Reinforcement Learning & Agents,domain knowledge,174,9,8.338125359401955,1.5105740181268883,-6.827551341275067,0.22748874182781867,fading,35.605241626526535,183,2000-2019,2020-2025,35.605241626526535
Reinforcement Learning & Agents,scheduling production,231,28,11.06958021851639,4.699563611950319,-6.37001660656607,0.44941679073444196,fading,35.42163433339581,259,2000-2019,2020-2025,35.42163433339581
Reinforcement Learning & Agents,resource disambiguation,280,44,13.417672992141076,7.385028533064787,-6.032644459076289,0.5665479090877652,fading,34.8917609384474,324,2000-2019,2020-2025,34.8917609384474
Reinforcement Learning & Agents,production processe,232,30,11.117500479202606,5.0352467270896275,-6.082253752112979,0.4764576284716927,fading,33.891254769564675,262,2000-2019,2020-2025,33.891254769564675
Reinforcement Learning & Agents,argumentation theory,2538,988,121.62162162162163,165.8274588788184,44.20583725719676,1.36198206894241,rising,361.0822494177727,3526,2000-2019,2020-2025,361.0822494177727
Reinforcement Learning & Agents,natural language,758,516,36.32355760015334,86.6062437059416,50.28268610578825,2.3655032099771605,rising,359.5564768283275,1274,2000-2019,2020-2025,359.5564768283275
Reinforcement Learning & Agents,language processing,696,451,33.35250143760782,75.69654246391407,42.34404102630625,2.2508393539056146,rising,298.34665243357364,1147,2000-2019,2020-2025,298.34665243357364
Reinforcement Learning & Agents,reinforcement,496,398,23.768449300364193,66.80093991272238,43.03249061235819,2.773186662227834,rising,292.4842528505162,894,2000-2019,2020-2025,292.4842528505162
Reinforcement Learning & Agents,reinforcement learning,496,396,23.768449300364193,66.46525679758308,42.696807497218884,2.7593545829307744,rising,290.1071552668705,892,2000-2019,2020-2025,290.1071552668705
Reinforcement Learning & Agents,key lock,781,438,37.42572359593636,73.51460221550856,36.0888786195722,1.9515673057175111,rising,256.4694463015474,1219,2000-2019,2020-2025,256.4694463015474
Reinforcement Learning & Agents,language model,6,202,0.2875215641173088,33.903994629070155,33.61647306495285,43.68641596199562,rising,179.5904354851501,208,2000-2019,2020-2025,179.5904354851501
Reinforcement Learning & Agents,learning robotic,418,268,20.03066896683918,44.98153742866734,24.950868461828158,2.2152973925072006,rising,162.98741367392918,686,2000-2019,2020-2025,162.98741367392918
Reinforcement Learning & Agents,intelligence law,608,315,29.135518497220623,52.87009063444109,23.734572137220468,1.8008826347832052,rising,162.07655926868776,923,2000-2019,2020-2025,162.07655926868776
Reinforcement Learning & Agents,argumentation framework,651,326,31.196089706728003,54.71634776770728,23.52025806097928,1.7420555115348102,rising,161.9489643205872,977,2000-2019,2020-2025,161.9489643205872
Reinforcement Learning & Agents,complex analysi,989,407,47.393137818669736,68.31151393084927,20.918376112179537,1.43677188559621,rising,151.49260262631765,1396,2000-2019,2020-2025,151.49260262631765
Reinforcement Learning & Agents,argument complex,989,407,47.393137818669736,68.31151393084927,20.918376112179537,1.43677188559621,rising,151.49260262631765,1396,2000-2019,2020-2025,151.49260262631765
Reinforcement Learning & Agents,task project,1070,415,51.2746789342534,69.65424639140652,18.379567457153115,1.3549914327907777,rising,134.24147925546234,1485,2000-2019,2020-2025,134.24147925546234
Reinforcement Learning & Agents,project management,1132,419,54.245735096798924,70.32561262168512,16.0798775248862,1.2937192732265717,rising,118.14367932658311,1551,2000-2019,2020-2025,118.14367932658311
Reinforcement Learning & Agents,large language model,0,140,0.0,23.497818059751594,23.497818059751594,47.99563611950319,rising,116.28505952550245,140,2000-2019,2020-2025,116.28505952550245
Reinforcement Learning & Agents,llm agent,0,132,0.0,22.15508559919436,22.15508559919436,45.31017119838872,rising,108.34610354569847,132,2000-2019,2020-2025,108.34610354569847
Reinforcement Learning & Agents,computing data,22,125,1.0542457350967989,20.98019469620678,19.92594896110998,13.820333690585285,rising,99.5741967148561,147,2000-2019,2020-2025,99.5741967148561
Reinforcement Learning & Agents,scientific computing,23,125,1.102165995783017,20.98019469620678,19.878028700423762,13.406972032076423,rising,99.4685882849633,148,2000-2019,2020-2025,99.4685882849633
Reinforcement Learning & Agents,abstract argumentation,197,152,9.440291355184971,25.511916750587446,16.071625395402474,2.616816330742592,rising,94.14650725016648,349,2000-2019,2020-2025,94.14650725016648
Reinforcement Learning & Agents,data management,144,140,6.900517538815411,23.497818059751594,16.597300520936184,3.242721598034735,rising,93.81606161625902,284,2000-2019,2020-2025,93.81606161625902
Reinforcement Learning & Agents,benchmark surveying,63,124,3.0189764232317424,20.81235313863713,17.793376715405387,6.056406913651436,rising,93.1739844929901,187,2000-2019,2020-2025,93.1739844929901
Reinforcement Learning & Agents,semantic computer,1204,408,57.695993866206635,68.47935548841893,10.783361622212297,1.185293882032557,rising,79.6443030632307,1612,2000-2019,2020-2025,79.6443030632307
Reinforcement Learning & Agents,generative grammar,26,94,1.2459267778416714,15.7771064115475,14.531179633705829,9.322903238628019,rising,69.68849390369434,120,2000-2019,2020-2025,69.68849390369434
Reinforcement Learning & Agents,social impact,47,90,2.2522522522522523,15.105740181268882,12.85348792901663,5.6701707368931125,rising,63.33239576537084,137,2000-2019,2020-2025,63.33239576537084
Reinforcement Learning & Agents,ai-based problem,1155,381,55.34790109258194,63.947633434038266,8.599732341456324,1.153984879882954,rising,63.101290626382394,1536,2000-2019,2020-2025,63.101290626382394
Reinforcement Learning & Agents,set theory,208,124,9.967414222733371,20.81235313863713,10.844938915903757,2.0360666622278565,rising,62.988950518703064,332,2000-2019,2020-2025,62.988950518703064
Reinforcement Learning & Agents,solving planning,1156,381,55.39582135326816,63.947633434038266,8.551812080770105,1.1529955526858018,rising,62.755233663298974,1537,2000-2019,2020-2025,62.755233663298974
Reinforcement Learning & Agents,ethic social,47,86,2.2522522522522523,14.434373950990265,12.182121698738012,5.426237343894989,rising,59.66608050392464,133,2000-2019,2020-2025,59.66608050392464
Reinforcement Learning & Agents,code set,155,103,7.42764040636381,17.28768042967439,9.860040023310578,2.243754701007321,rising,54.79054709101278,258,2000-2019,2020-2025,54.79054709101278
Reinforcement Learning & Agents,agent orchestration,1,74,0.04792026068621813,12.420275260154414,12.372354999468195,23.58057583775602,rising,53.58137029405518,75,2000-2019,2020-2025,53.58137029405518
Reinforcement Learning & Agents,problem solving,1202,386,57.6001533448342,64.78684122188653,7.186687877052336,1.12369481771241,rising,52.97207140229738,1588,2000-2019,2020-2025,52.97207140229738
Reinforcement Learning & Agents,orchestration browser,0,71,0.0,11.916750587445451,11.916750587445451,24.833501174890902,rising,50.96396348609263,71,2000-2019,2020-2025,50.96396348609263
Reinforcement Learning & Agents,customizable agent,0,71,0.0,11.916750587445451,11.916750587445451,24.833501174890902,rising,50.96396348609263,71,2000-2019,2020-2025,50.96396348609263
Reinforcement Learning & Agents,framework fully,0,71,0.0,11.916750587445451,11.916750587445451,24.833501174890902,rising,50.96396348609263,71,2000-2019,2020-2025,50.96396348609263
Reinforcement Learning & Agents,real-time task,0,71,0.0,11.916750587445451,11.916750587445451,24.833501174890902,rising,50.96396348609263,71,2000-2019,2020-2025,50.96396348609263
Reinforcement Learning & Agents,fully customizable,0,71,0.0,11.916750587445451,11.916750587445451,24.833501174890902,rising,50.96396348609263,71,2000-2019,2020-2025,50.96396348609263
Reinforcement Learning & Agents,browser real-time,0,71,0.0,11.916750587445451,11.916750587445451,24.833501174890902,rising,50.96396348609263,71,2000-2019,2020-2025,50.96396348609263
Reinforcement Learning & Agents,giraffe paper,0,71,0.0,11.916750587445451,11.916750587445451,24.833501174890902,rising,50.96396348609263,71,2000-2019,2020-2025,50.96396348609263
Reinforcement Learning & Agents,task support,1,71,0.04792026068621813,11.916750587445451,11.868830326759232,22.66160147444566,rising,50.92273513083249,72,2000-2019,2020-2025,50.92273513083249
Reinforcement Learning & Agents,cognitive science,765,262,36.658999424956875,43.97448808324941,7.315488658292537,1.1968699042358841,rising,50.73562383888079,1027,2000-2019,2020-2025,50.73562383888079
Reinforcement Learning & Agents,action physic,549,201,26.308223116733757,33.7361530715005,7.427929954766746,1.2770765493267704,rising,49.18333738340065,750,2000-2019,2020-2025,49.18333738340065
Reinforcement Learning & Agents,service interaction,72,76,3.4502587694077054,12.755958375293723,9.305699605886018,3.35571899186779,rising,46.56522116711145,148,2000-2019,2020-2025,46.56522116711145
Reinforcement Learning & Agents,corporate governance,45,65,2.156411730879816,10.909701242027525,8.75328951114771,4.295155419392978,rising,41.22388131358061,110,2000-2019,2020-2025,41.22388131358061
Reinforcement Learning & Agents,probabilistic logic,173,93,8.290205098715736,15.609264853977844,7.319059755262108,1.8326381094715793,rising,40.89340679833948,266,2000-2019,2020-2025,40.89340679833948
Reinforcement Learning & Agents,extension predicate,291,121,13.944795859689476,20.308828465928165,6.364032606238689,1.440576154073492,rising,38.33341688357397,412,2000-2019,2020-2025,38.33341688357397
Reinforcement Learning & Agents,predicate logic,298,121,14.280237684493004,20.308828465928165,6.028590781435161,1.407881856173408,rising,36.41422386992732,419,2000-2019,2020-2025,36.41422386992732
Reinforcement Learning & Agents,metaphor cognition,146,81,6.9963580601878474,13.595166163141993,6.598808102954146,1.8802685317286978,rising,35.827209930083235,227,2000-2019,2020-2025,35.827209930083235
Reinforcement Learning & Agents,language metaphor,147,81,7.044278320874065,13.595166163141993,6.550887842267928,1.8683253140519018,rising,35.595703411347195,228,2000-2019,2020-2025,35.595703411347195
Reinforcement Learning & Agents,modular design,190,90,9.104849530381445,15.105740181268882,6.0008906508874365,1.6247771640675686,rising,33.835149821592395,280,2000-2019,2020-2025,33.835149821592395
Reinforcement Learning & Agents,explainable ai,7,51,0.3354418248035269,8.559919436052366,8.22447761124884,10.844464769504462,rising,33.53561541643142,58,2000-2019,2020-2025,33.53561541643142
Reinforcement Learning & Agents,intelligence xai,7,51,0.3354418248035269,8.559919436052366,8.22447761124884,10.844464769504462,rising,33.53561541643142,58,2000-2019,2020-2025,33.53561541643142
Reinforcement Learning & Agents,interpretation philosophy,164,83,7.858922752539774,13.930849278281302,6.071926525741528,1.7264006027447298,rising,33.47713425162501,247,2000-2019,2020-2025,33.47713425162501
Reinforcement Learning & Agents,set programming,72,61,3.4502587694077054,10.238335011748909,6.788076242341203,2.7183877408008374,rising,33.246909984839974,133,2000-2019,2020-2025,33.246909984839974
Reinforcement Learning & Agents,answer set,78,62,3.7377803335250146,10.406176569318564,6.66839623579355,2.573558729092202,rising,33.00029182484388,140,2000-2019,2020-2025,33.00029182484388
Reinforcement Learning & Agents,technique practice,65,58,3.1148169446041787,9.734810339039946,6.619993394435767,2.831349552656436,rising,31.910232123625843,123,2000-2019,2020-2025,31.910232123625843
Reinforcement Learning & Agents,perspective graphical,377,137,18.065938278704238,22.99429338704263,4.928355108338394,1.2654514430865789,rising,30.773471842203644,514,2000-2019,2020-2025,30.773471842203644
Reinforcement Learning & Agents,probabilistic argumentation,169,79,8.098524055970865,13.259483048002686,5.160958992031821,1.6002145203569003,rising,28.475348139121547,248,2000-2019,2020-2025,28.475348139121547
Reinforcement Learning & Agents,foundation evidence,47,50,2.2522522522522523,8.392077878482713,6.1398256262304605,3.230836806911886,rising,28.150900820974844,97,2000-2019,2020-2025,28.150900820974844
Reinforcement Learning & Agents,software deployment,214,90,10.25493578685068,15.105740181268882,4.850804394418201,1.4510305305912607,rising,27.74811350340942,304,2000-2019,2020-2025,27.74811350340942
Reinforcement Learning & Agents,conversational agent,24,43,1.1500862564692351,7.2171869754951326,6.067100719025897,4.676838526010119,rising,25.600178232009274,67,2000-2019,2020-2025,25.600178232009274
Reinforcement Learning & Agents,embodied extended,53,48,2.539773816369561,8.056394763343404,5.516620946973843,2.814812969723652,rising,25.514221900948552,101,2000-2019,2020-2025,25.514221900948552
Reinforcement Learning & Agents,extended cognition,53,48,2.539773816369561,8.056394763343404,5.516620946973843,2.814812969723652,rising,25.514221900948552,101,2000-2019,2020-2025,25.514221900948552
Reinforcement Learning & Agents,discrete mathematic,141,68,6.756756756756757,11.413225914736488,4.656469157979731,1.6416735897402237,rising,24.898641301187048,209,2000-2019,2020-2025,24.898641301187048
Reinforcement Learning & Agents,pipeline software,8,40,0.38336208548974504,6.71366230278617,6.330300217296425,8.16614434927535,rising,24.636390878808335,48,2000-2019,2020-2025,24.636390878808335
Reinforcement Learning & Agents,llm-based multi-agent,0,38,0.0,6.3779791876468614,6.3779791876468614,13.755958375293723,rising,23.36611993167616,38,2000-2019,2020-2025,23.36611993167616
Reinforcement Learning & Agents,cultural evolution,43,43,2.06057120950738,7.2171869754951326,5.156615765987753,3.013853685006408,rising,23.02897221410693,86,2000-2019,2020-2025,23.02897221410693
Reinforcement Learning & Agents,language cultural,43,42,2.06057120950738,7.049345417925478,4.988774208418098,2.9483052023293945,rising,22.221732906886388,85,2000-2019,2020-2025,22.221732906886388
Reinforcement Learning & Agents,computational complexity,47,42,2.2522522522522523,7.049345417925478,4.797093165673226,2.74297002091564,rising,21.586006216371604,89,2000-2019,2020-2025,21.586006216371604
Reinforcement Learning & Agents,path computing,32,39,1.5334483419589802,6.545820745216516,5.012372403257536,3.4649617597016134,rising,21.436243232902584,71,2000-2019,2020-2025,21.436243232902584
Reinforcement Learning & Agents,over field,113,57,5.414989457542649,9.566968781470292,4.151979323927643,1.7019419651937233,rising,21.348080777191313,170,2000-2019,2020-2025,21.348080777191313
Reinforcement Learning & Agents,algebra over,113,57,5.414989457542649,9.566968781470292,4.151979323927643,1.7019419651937233,rising,21.348080777191313,170,2000-2019,2020-2025,21.348080777191313
Reinforcement Learning & Agents,leverage statistic,39,40,1.8688901667625073,6.71366230278617,4.844772136023662,3.0451653706870125,rising,21.22992053898156,79,2000-2019,2020-2025,21.22992053898156
Reinforcement Learning & Agents,multi-agent framework,34,39,1.6292888633314164,6.545820745216516,4.916531881885099,3.3090018299315447,rising,21.161073252447064,73,2000-2019,2020-2025,21.161073252447064
Reinforcement Learning & Agents,complexity theory,47,41,2.2522522522522523,6.881503860355824,4.629251608103572,2.6819866726661097,rising,20.779027132774686,88,2000-2019,2020-2025,20.779027132774686
Reinforcement Learning & Agents,material science,56,42,2.6835345984282153,7.049345417925478,4.365810819497263,2.3713721916679544,rising,20.061423958604234,98,2000-2019,2020-2025,20.061423958604234
Reinforcement Learning & Agents,transparency behavior,32,37,1.5334483419589802,6.210137630077207,4.676689288118227,3.2998810403085064,rising,19.86889218911349,69,2000-2019,2020-2025,19.86889218911349
Reinforcement Learning & Agents,cognitive psychology,102,52,4.88786658999425,8.72776099362202,3.8398944036277705,1.7126929257600398,rising,19.36621988157395,154,2000-2019,2020-2025,19.36621988157395
Reinforcement Learning & Agents,language agent,16,33,0.7667241709794901,5.53877139979859,4.7720472288191,4.767234681508549,rising,18.66835854212995,49,2000-2019,2020-2025,18.66835854212995
Reinforcement Learning & Agents,stability learning,17,33,0.8146444316657082,5.53877139979859,4.724126968132882,4.593463642596668,rising,18.57444350554912,50,2000-2019,2020-2025,18.57444350554912
Reinforcement Learning & Agents,case-based reasoning,90,48,4.312823461759632,8.056394763343404,3.7435713015837715,1.7778326654464638,rising,18.472555004481254,138,2000-2019,2020-2025,18.472555004481254
Responsible AI,privacy,11966,19409,548.8487294743602,278.0977762494269,-270.7509532249333,0.5071419324406209,fading,2803.3008264880123,31375,2000-2019,2020-2025,2803.3008264880123
Responsible AI,computer security,11107,18575,509.4486744335382,266.1479825767996,-243.30069185673858,0.5228918044997329,fading,2505.590758092662,29682,2000-2019,2020-2025,2505.590758092662
Responsible AI,data mining,7633,12890,350.105494908724,184.69165520403484,-165.41383970468914,0.52820522750862,fading,1642.4519443497209,20523,2000-2019,2020-2025,1642.4519443497209
Responsible AI,data protection,5679,6499,260.48068984496837,93.11955524988538,-167.361134595083,0.3587221541390616,fading,1574.44459113097,12178,2000-2019,2020-2025,1574.44459113097
Responsible AI,privacy security,5529,6110,253.60058710210072,87.54585052728106,-166.05473657481966,0.3464999885730416,fading,1554.6381066431118,11639,2000-2019,2020-2025,1554.6381066431118
Responsible AI,security data,5411,5788,248.18823961104485,82.93214121962403,-165.25609839142084,0.33548888902070384,fading,1540.793171099436,11199,2000-2019,2020-2025,1540.793171099436
Responsible AI,data security,6954,12384,318.9615631593432,177.44154057771664,-141.52002258162656,0.5570045385677955,fading,1396.7855076419157,19338,2000-2019,2020-2025,1396.7855076419157
Responsible AI,cryptography,6721,11896,308.2744702320888,170.44933516735443,-137.82513506473435,0.553638178178595,fading,1355.0807586647734,18617,2000-2019,2020-2025,1355.0807586647734
Responsible AI,cryptography data,6549,11489,300.3852857536006,164.61772122879412,-135.7675645248065,0.5487730010300719,fading,1330.5616895410158,18038,2000-2019,2020-2025,1330.5616895410158
Responsible AI,privacy-preserving technology,15419,40995,707.2286946151729,587.3882393397524,-119.84045527542048,0.8306689326188991,fading,1311.1133456275227,56414,2000-2019,2020-2025,1311.1133456275227
Responsible AI,internet privacy,5206,7045,238.78543252912576,100.94280146721687,-137.8426310619089,0.4239405650190146,fading,1297.5739528177664,12251,2000-2019,2020-2025,1297.5739528177664
Responsible AI,information privacy,5637,8677,258.5542610769654,124.32657038055937,-134.22769069640606,0.4818549205159502,fading,1284.4332578172705,14314,2000-2019,2020-2025,1284.4332578172705
Responsible AI,wide web,3684,5611,168.9753233648289,80.39603392939019,-88.57928943543872,0.47733222939628556,fading,809.379038388324,9295,2000-2019,2020-2025,809.379038388324
Responsible AI,world wide,3684,5612,168.9753233648289,80.41036221916552,-88.56496114566339,0.47741677438779734,fading,809.2576426399197,9296,2000-2019,2020-2025,809.2576426399197
Responsible AI,traffic analysi,2893,3460,132.69424823410696,49.57588262265016,-83.1183656114568,0.37596129927949296,fading,727.8542133299568,6353,2000-2019,2020-2025,727.8542133299568
Responsible AI,analysi secure,2892,3463,132.64838088248786,49.61886749197616,-83.0295133905117,0.3764136458873603,fading,727.1022791168443,6355,2000-2019,2020-2025,727.1022791168443
Responsible AI,secure voting,2889,3459,132.5107788276305,49.56155433287483,-82.94922449475567,0.3763721615204577,fading,726.3077727364786,6348,2000-2019,2020-2025,726.3077727364786
Responsible AI,internet traffic,2889,3460,132.5107788276305,49.57588262265016,-82.93489620498033,0.37647988429226337,fading,726.1953751196279,6349,2000-2019,2020-2025,726.1953751196279
Responsible AI,law intellectual,4648,9845,213.1914503256582,141.06201283814764,-72.12943748751056,0.662459881396341,fading,691.107487574821,14493,2000-2019,2020-2025,691.107487574821
Responsible AI,intellectual property,4665,9905,213.9711953031832,141.92171022466758,-72.04948507851563,0.6640598520623517,fading,690.7231772161674,14570,2000-2019,2020-2025,690.7231772161674
Responsible AI,information retrieval,2495,2989,114.4390422896982,42.82725813846859,-71.6117841512296,0.3769585797423331,fading,616.5611607456806,5484,2000-2019,2020-2025,616.5611607456806
Responsible AI,political science,3442,7475,157.87542427300247,107.10396607060981,-50.77145820239265,0.6794233800133381,fading,472.08155215143324,10917,2000-2019,2020-2025,472.08155215143324
Responsible AI,crowdsensing crowdsourcing,2093,3643,96.00036693881296,52.197959651535996,-43.802407287276964,0.5460907696335463,fading,379.0963309907885,5736,2000-2019,2020-2025,379.0963309907885
Responsible AI,mobile crowdsensing,2093,3645,96.00036693881296,52.22661623108666,-43.7737507077263,0.5463877278779521,fading,378.86357462377055,5738,2000-2019,2020-2025,378.86357462377055
Responsible AI,information sensitivity,1247,914,57.196587469039535,13.09605685465383,-44.100530614385704,0.2356475044897514,fading,338.6386692964899,2161,2000-2019,2020-2025,338.6386692964899
Responsible AI,privacy protection,1550,2135,71.09439500963214,30.59089867033471,-40.50349633929743,0.43426442343917865,fading,332.6267470755122,3685,2000-2019,2020-2025,332.6267470755122
Responsible AI,location-based service,1099,332,50.408219429410146,4.756992205410362,-45.65122722399978,0.10326411460333554,fading,331.73958643923817,1431,2000-2019,2020-2025,331.73958643923817
Responsible AI,theoretical computer,2022,3837,92.74378497385561,54.97764786795048,-37.76613710590513,0.5949742160671161,fading,327.6554133129704,5859,2000-2019,2020-2025,327.6554133129704
Responsible AI,privacy software,1201,1086,55.08668929456013,15.560522696011004,-39.526166598549125,0.28892749145221597,fading,305.7520274028761,2287,2000-2019,2020-2025,305.7520274028761
Responsible AI,service business,1059,808,48.57352536464545,11.577258138468592,-36.996267226176855,0.24610537043604241,fading,278.6789563149213,1867,2000-2019,2020-2025,278.6789563149213
Responsible AI,data publishing,969,525,44.44546371892487,7.522352132049519,-36.92311158687535,0.17849080793156005,fading,269.9035697879428,1494,2000-2019,2020-2025,269.9035697879428
Responsible AI,data science,2809,7018,128.8413906981011,100.5559376432829,-28.28545305481819,0.7813116675013959,fading,260.02790782978315,9827,2000-2019,2020-2025,260.02790782978315
Responsible AI,social network,847,343,38.84964682139253,4.914603392939019,-33.93504342845351,0.13760233776724412,fading,240.3465932852034,1190,2000-2019,2020-2025,240.3465932852034
Responsible AI,data quality,1191,1864,54.628015778368955,26.707932141219626,-27.92008363714933,0.49354092936345867,fading,224.05482241259062,3055,2000-2019,2020-2025,224.05482241259062
Responsible AI,data anonymization,834,562,38.253371250344,8.052498853736818,-30.200872396607185,0.22069044776745456,fading,218.71720521763942,1396,2000-2019,2020-2025,218.71720521763942
Responsible AI,personally identifiable,813,501,37.290156866342535,7.178473177441541,-30.111683688900996,0.2031871210431599,fading,216.24982501891188,1314,2000-2019,2020-2025,216.24982501891188
Responsible AI,identifiable information,812,501,37.24428951472342,7.178473177441541,-30.06581633728188,0.203434036675834,fading,215.89755197949722,1313,2000-2019,2020-2025,215.89755197949722
Responsible AI,private information,949,1108,43.52811668654252,15.875745071068318,-27.652371615474202,0.3719383499334113,fading,210.97349040463993,2057,2000-2019,2020-2025,210.97349040463993
Responsible AI,quality management,1060,1583,48.619392716264564,22.681682714351215,-25.93771000191335,0.47194562946368074,fading,204.39040503789974,2643,2000-2019,2020-2025,204.39040503789974
Responsible AI,social media,719,427,32.97862581414549,6.118179734066942,-26.860446080078546,0.19768373322152932,fading,189.2292940379229,1146,2000-2019,2020-2025,189.2292940379229
Responsible AI,access control,901,1172,41.326483808824875,16.792755616689593,-24.533728192135282,0.4134403383207898,fading,187.36983263418935,2073,2000-2019,2020-2025,187.36983263418935
Responsible AI,data type,1309,2616,60.04036326942482,37.4828060522696,-22.55755721715522,0.6273964013600882,fading,186.6722760688668,3925,2000-2019,2020-2025,186.6722760688668
Responsible AI,set abstract,1290,2563,59.16888358866159,36.72340669417698,-22.445476894484614,0.6238327995338973,fading,185.32931407948888,3853,2000-2019,2020-2025,185.32931407948888
Responsible AI,abstract data,1292,2577,59.260618291899824,36.92400275103164,-22.336615540868188,0.6262318533626052,fading,184.52299956976398,3869,2000-2019,2020-2025,184.52299956976398
Responsible AI,service provider,675,390,30.96046234290432,5.5880330123796425,-25.372429330524678,0.19351378075830325,fading,176.88816898924267,1065,2000-2019,2020-2025,176.88816898924267
Responsible AI,network sociolinguistic,576,184,26.419594532611686,2.6364053186611645,-23.78318921395052,0.11651012480375857,fading,157.7927405152124,760,2000-2019,2020-2025,157.7927405152124
Responsible AI,location privacy,558,245,25.593982203467572,3.510430994956442,-22.083551208511132,0.1536917962036283,fading,147.73010802533236,803,2000-2019,2020-2025,147.73010802533236
Responsible AI,control trust,712,888,32.657554352811665,12.723521320495186,-19.934033032316478,0.39880870524378315,fading,147.0809446599824,1600,2000-2019,2020-2025,147.0809446599824
Responsible AI,privacy design,569,511,26.098523071277864,7.321756075194865,-18.776766996082998,0.2940673079567003,fading,131.16776872790513,1080,2000-2019,2020-2025,131.16776872790513
Responsible AI,association rule,454,125,20.82377763507935,1.791036221916552,-19.032741413162796,0.10744044798833444,fading,121.10586849937333,579,2000-2019,2020-2025,121.10586849937333
Responsible AI,rule learning,449,131,20.594440876983764,1.8770059605685465,-18.71743491641522,0.11268399927879141,fading,119.13180805058015,580,2000-2019,2020-2025,119.13180805058015
Responsible AI,cloud data,692,1121,31.740207320429317,16.062012838147638,-15.678194482281679,0.5137067722158523,fading,117.6380340866114,1813,2000-2019,2020-2025,117.6380340866114
Responsible AI,cluster analysi,807,1525,37.014952756627835,21.850641907381934,-15.1643108492459,0.5957795562846125,fading,117.59786997294304,2332,2000-2019,2020-2025,117.59786997294304
Responsible AI,mobile device,536,545,24.584900467846985,7.808917927556167,-16.77598254029082,0.33123184754933627,fading,117.20651693958365,1081,2000-2019,2020-2025,117.20651693958365
Responsible AI,security solution,684,1102,31.37326850747638,15.789775332416323,-15.583493175060056,0.5110795376569334,fading,116.69377088633341,1786,2000-2019,2020-2025,116.69377088633341
Responsible AI,law economic,1010,2254,46.32602513530869,32.29596515359927,-14.030059981709421,0.7003790105786665,fading,113.5174263481119,3264,2000-2019,2020-2025,113.5174263481119
Responsible AI,property patent,584,788,26.786533345564628,11.290692342961943,-15.495841002602685,0.4321066437293874,fading,111.95363005879271,1372,2000-2019,2020-2025,111.95363005879271
Responsible AI,hoc network,851,1755,39.033116227869,25.14614855570839,-13.886967672160612,0.6487257014570749,fading,109.23426854395129,2606,2000-2019,2020-2025,109.23426854395129
Responsible AI,preserving data,412,135,18.897348867076413,1.9343191196698761,-16.963029747406537,0.12549751702417974,fading,106.97353528783388,547,2000-2019,2020-2025,106.97353528783388
Responsible AI,differential privacy,2332,6670,106.96266397578204,95.56969280146721,-11.392971174314823,0.8939820515069088,fading,103.73657007000803,9002,2000-2019,2020-2025,103.73657007000803
Responsible AI,vehicular hoc,814,1703,37.33602421796166,24.401077487391106,-12.934946730570552,0.6581314501741431,fading,101.2964163112738,2517,2000-2019,2020-2025,101.2964163112738
Responsible AI,network vanet,803,1673,36.83148335015136,23.971228794131132,-12.860254556020227,0.6555118253567043,fading,100.50036140849302,2476,2000-2019,2020-2025,100.50036140849302
Responsible AI,mobility location-based,537,832,24.630767819466104,11.92113709307657,-12.709630726389534,0.4942601508361098,fading,91.7961469961992,1369,2000-2019,2020-2025,91.7961469961992
Responsible AI,location-based analysi,537,832,24.630767819466104,11.92113709307657,-12.709630726389534,0.4942601508361098,fading,91.7961469961992,1369,2000-2019,2020-2025,91.7961469961992
Responsible AI,human mobility,537,833,24.630767819466104,11.935465382851902,-12.695302436614202,0.4948303001398741,fading,91.70192324113229,1370,2000-2019,2020-2025,91.70192324113229
Responsible AI,privacy preservation,452,569,20.732042931841114,8.152796882164145,-12.57924604967697,0.4075348241307379,fading,87.16809646479895,1021,2000-2019,2020-2025,87.16809646479895
Responsible AI,microdata statistic,337,108,15.457297495642601,1.547455295735901,-13.9098421999067,0.12830839910674047,fading,84.85447399169931,445,2000-2019,2020-2025,84.85447399169931
Responsible AI,protocol science,519,866,23.80515549032199,12.408298945437872,-11.396856544884118,0.5310930411688909,fading,82.44687953788339,1385,2000-2019,2020-2025,82.44687953788339
Responsible AI,information loss,334,134,15.31969544078525,1.9199908298945438,-13.399704610890705,0.15297328819968872,fading,82.41626027610674,468,2000-2019,2020-2025,82.41626027610674
Responsible AI,identity music,354,301,16.237042473167598,4.3128152223750575,-11.92422725079254,0.2875546997081976,fading,77.34245523254914,655,2000-2019,2020-2025,77.34245523254914
Responsible AI,imbalanced data,580,1132,26.603063939088155,16.219624025676296,-10.38343991341186,0.6168905502068783,fading,77.31510915302317,1712,2000-2019,2020-2025,77.31510915302317
Responsible AI,order exchange,430,652,19.72296119622053,9.342044933516735,-10.380916262703796,0.48667674521158233,fading,72.53655114057675,1082,2000-2019,2020-2025,72.53655114057675
Responsible AI,copyright intellectual,449,729,20.594440876983764,10.445323246217331,-10.149117630766433,0.518872403873943,fading,71.77884180296248,1178,2000-2019,2020-2025,71.77884180296248
Responsible AI,privacy policy,329,287,15.090358682689661,4.112219165520403,-10.978139517169257,0.29583791235293755,fading,70.53310852397242,616,2000-2019,2020-2025,70.53310852397242
Responsible AI,discrete mathematic,363,429,16.649848637739655,6.146836313617607,-10.503012324122048,0.3875740511779618,fading,70.11625357049095,792,2000-2019,2020-2025,70.11625357049095
Responsible AI,ethic clinical,337,371,15.457297495642601,5.3157955066483265,-10.141501988994275,0.3644599286462149,fading,66.56735387779663,708,2000-2019,2020-2025,66.56735387779663
Responsible AI,clinical research,339,380,15.549032198880836,5.444750114626318,-10.104282084254518,0.37041175074973487,fading,66.47861014932349,719,2000-2019,2020-2025,66.47861014932349
Responsible AI,identification biology,500,993,22.933675809558757,14.22799174690509,-8.705684062653667,0.6284968635137234,fading,63.63169360256259,1493,2000-2019,2020-2025,63.63169360256259
Responsible AI,data set,320,367,14.677552518117604,5.258482347546996,-9.419070170570608,0.37940783539856215,fading,61.542215544185154,687,2000-2019,2020-2025,61.542215544185154
Responsible AI,property law,322,419,14.769287221355839,6.003553415864283,-8.765733805491557,0.42592383793582206,fading,57.935796093132346,741,2000-2019,2020-2025,57.935796093132346
Responsible AI,federated,299,21291,13.714338134116137,305.06361760660246,291.34927947248633,21.49685864537109,rising,2907.675085747724,21590,2000-2019,2020-2025,2907.675085747724
Responsible AI,federated learning,246,18768,11.283368498302908,268.9133425034388,257.62997400513586,22.863864653154224,rising,2538.4238624609893,19014,2000-2019,2020-2025,2538.4238624609893
Responsible AI,explainable ai,1791,19397,82.14842674983946,277.92583677212286,195.7774100222834,3.3687977826228095,rising,1950.185270159275,21188,2000-2019,2020-2025,1950.185270159275
Responsible AI,intelligence xai,1791,19395,82.14842674983946,277.8971801925722,195.74875344273272,3.3684510539471697,rising,1949.8813378432267,21186,2000-2019,2020-2025,1949.8813378432267
Responsible AI,adversarial,970,8965,44.491331070543986,128.45311783585512,83.96178676531113,2.866176989377433,rising,772.7775520030194,9935,2000-2019,2020-2025,772.7775520030194
Responsible AI,neural network,875,8017,40.13393266672782,114.86989912883998,74.73596646211215,2.8392501428567853,rising,679.5756175357355,8892,2000-2019,2020-2025,679.5756175357355
Responsible AI,adversarial robustness,833,7862,38.20750389872489,112.64901421366346,74.44151031493857,2.9231803349993553,rising,675.2305353304649,8695,2000-2019,2020-2025,675.2305353304649
Responsible AI,robustness machine,833,7857,38.20750389872489,112.5773727647868,74.36986886606192,2.9213294936466268,rising,674.5379298218593,8690,2000-2019,2020-2025,674.5379298218593
Responsible AI,distributed computing,651,6863,29.8596459040455,98.33505272810638,68.47540682406088,3.255474488750093,rising,611.1194710571788,7514,2000-2019,2020-2025,611.1194710571788
Responsible AI,intelligence healthcare,182,3874,8.347857994679387,55.50779458963778,47.159936594958396,6.330096462140077,rising,391.81414103910873,4056,2000-2019,2020-2025,391.81414103910873
Responsible AI,social impact,522,4746,23.94275754517934,68.00206327372764,44.0593057285483,2.802550536579609,rising,377.57044441565586,5268,2000-2019,2020-2025,377.57044441565586
Responsible AI,ethic social,520,4739,23.851022841941106,67.90176524530033,44.05074240335922,2.8089894083417395,rising,377.42175259505865,5259,2000-2019,2020-2025,377.42175259505865
Responsible AI,healthcare education,156,3565,7.155306852582332,51.080353049060065,43.92504619647773,6.7378557179142575,rising,361.1524518323057,3721,2000-2019,2020-2025,361.1524518323057
Responsible AI,detection,671,4751,30.77699293642785,68.0737047226043,37.29671178617646,2.1924647571454203,rising,320.6922124748091,5422,2000-2019,2020-2025,320.6922124748091
Responsible AI,enhanced data,216,3385,9.907347949729383,48.50126088950023,38.593912939770846,4.708333105243626,rising,316.0549902687464,3601,2000-2019,2020-2025,316.0549902687464
Responsible AI,gsm evolution,212,3362,9.723878543252912,48.171710224667585,38.44783168141467,4.760591591415932,rising,314.56941092315293,3574,2000-2019,2020-2025,314.56941092315293
Responsible AI,data rate,212,3362,9.723878543252912,48.171710224667585,38.44783168141467,4.760591591415932,rising,314.56941092315293,3574,2000-2019,2020-2025,314.56941092315293
Responsible AI,rate gsm,212,3362,9.723878543252912,48.171710224667585,38.44783168141467,4.760591591415932,rising,314.56941092315293,3574,2000-2019,2020-2025,314.56941092315293
Responsible AI,learning healthcare,224,3220,10.274286762682323,46.13709307657038,35.86280631388806,4.328555022138635,rising,292.0910520447429,3444,2000-2019,2020-2025,292.0910520447429
Responsible AI,artificial neural,599,4295,27.47454361985139,61.54000458505273,34.06546096520134,2.217730713613061,rising,289.4191192361859,4894,2000-2019,2020-2025,289.4191192361859
Responsible AI,feature linguistic,273,3198,12.52178699201908,45.82187070151307,33.30008370949399,3.557259132706077,rising,271.4784687639662,3471,2000-2019,2020-2025,271.4784687639662
Responsible AI,convergence economic,116,2403,5.320612787817631,34.4308803301238,29.11026754230617,6.0012376022045455,rising,227.99202818965,2519,2000-2019,2020-2025,227.99202818965
Responsible AI,blockchain technology,450,3285,20.64030822860288,47.06843191196699,26.42812368336411,2.250129534422152,rising,217.3916880761932,3735,2000-2019,2020-2025,217.3916880761932
Responsible AI,key lock,638,3811,29.263370332996974,54.60511233379184,25.341742000794863,1.8514406035764002,rising,212.88734252187055,4449,2000-2019,2020-2025,212.88734252187055
Responsible AI,application security,462,3265,21.19071644803229,46.78186611646034,25.591149668428052,2.179820395962513,rising,210.4520738733904,3727,2000-2019,2020-2025,210.4520738733904
Responsible AI,graph neural,108,2128,4.953673974864691,30.49060064190738,25.53692666704269,5.68251802083132,rising,196.96353087446982,2236,2000-2019,2020-2025,196.96353087446982
Responsible AI,robustness evolution,136,2164,6.237959820199982,31.006419073819348,24.768459253619366,4.675958289238395,rising,191.7350973897709,2300,2000-2019,2020-2025,191.7350973897709
Responsible AI,advanced graph,108,2051,4.953673974864691,29.387322329206786,24.433648354342093,5.48021800843867,rising,187.59821688820938,2159,2000-2019,2020-2025,187.59821688820938
Responsible AI,edge computing,109,1905,4.999541326483809,27.295392022008254,22.295850695524447,5.0541291303977784,rising,169.63518131643323,2014,2000-2019,2020-2025,169.63518131643323
Responsible AI,edge device,49,1626,2.247500229336758,23.29779917469051,21.050298945353752,8.661618630850946,rising,156.28089858565096,1675,2000-2019,2020-2025,156.28089858565096
Responsible AI,reinforcement learning,103,1747,4.724337216769103,25.03152223750573,20.307185020736625,4.887035652207619,rising,152.78072701448446,1850,2000-2019,2020-2025,152.78072701448446
Responsible AI,reinforcement,106,1748,4.861939271626456,25.045850527281065,20.183911255654607,4.764293147156841,rising,151.8968493982451,1854,2000-2019,2020-2025,151.8968493982451
Responsible AI,generative grammar,68,1627,3.118979910099991,23.312127464465842,20.19314755436585,6.579789901018799,rising,150.15680691396176,1695,2000-2019,2020-2025,150.15680691396176
Responsible AI,iot edge,232,2011,10.641225575635263,28.81419073819349,18.172965162558228,2.631145966768743,rising,140.22287663446318,2243,2000-2019,2020-2025,140.22287663446318
Responsible AI,fog computing,243,2040,11.145766443445556,29.22971114167813,18.083944698232575,2.5528342240119835,rising,139.8555060075412,2283,2000-2019,2020-2025,139.8555060075412
Responsible AI,edge fog,229,1992,10.50362352077791,28.541953232462173,18.038329711684263,2.6393081495039215,rising,139.00630846843205,2221,2000-2019,2020-2025,139.00630846843205
Responsible AI,benchmark surveying,137,1708,6.283827171819099,24.472718936267768,18.18889176444867,3.6812139082799296,rising,136.7945881981955,1845,2000-2019,2020-2025,136.7945881981955
Responsible AI,transparency behavior,189,1774,8.66892945601321,25.418386061439705,16.749456605426495,2.826762512000983,rising,127.0067492703692,1963,2000-2019,2020-2025,127.0067492703692
Responsible AI,language model,13,1231,0.5962755710485277,17.638124713434205,17.04184914238568,16.54522384010261,rising,121.45539801950854,1244,2000-2019,2020-2025,121.45539801950854
Responsible AI,natural language,151,1593,6.925970094486744,22.82496561210454,15.898995517617795,3.1409991307966174,rising,118.6782084021001,1744,2000-2019,2020-2025,118.6782084021001
Responsible AI,pattern recognition,329,2095,15.090358682689661,30.017767079321413,14.927408396631751,1.95747690610903,rising,116.33805308852739,2424,2000-2019,2020-2025,116.33805308852739
Responsible AI,advanced neural,139,1537,6.375561875057334,22.022581384685925,15.64701950962859,3.275744120112091,rising,116.1753921415921,1676,2000-2019,2020-2025,116.1753921415921
Responsible AI,recognition psychology,329,2092,15.090358682689661,29.974782209995414,14.884423527305753,1.9547197617609835,rising,115.98462165904377,2421,2000-2019,2020-2025,115.98462165904377
Responsible AI,knowledge management,279,1893,12.796991101733786,27.123452544704264,14.326461442970478,2.077421300304733,rising,110.0825810461734,2172,2000-2019,2020-2025,110.0825810461734
Responsible AI,internet thing,295,1904,13.530868727639666,27.28106373223292,13.750195004593254,1.9799959839625962,rising,105.82442458782842,2199,2000-2019,2020-2025,105.82442458782842
Responsible AI,selection genetic,129,1405,5.916888358866159,20.131247134342043,14.214358775475883,3.2151482121137462,rising,104.2805964509216,1534,2000-2019,2020-2025,104.2805964509216
Responsible AI,domain adaptation,55,1190,2.522704339051463,17.050664832645577,14.527960493594113,5.806279034936327,rising,103.55085247455868,1245,2000-2019,2020-2025,103.55085247455868
Responsible AI,counterfactual thinking,45,1148,2.064030822860288,16.448876662081613,14.384845839221324,6.610246846866842,rising,101.91755762947888,1193,2000-2019,2020-2025,101.91755762947888
Responsible AI,few-shot learning,53,1150,2.430969635813228,16.47753324163228,14.046563605819053,5.7924630245859525,rising,99.63795925907672,1203,2000-2019,2020-2025,99.63795925907672
Responsible AI,digital economy,75,1207,3.4400513714338135,17.294245758826225,13.854194387392411,4.516247145364191,rising,99.15386469747034,1282,2000-2019,2020-2025,99.15386469747034
Responsible AI,training set,60,1161,2.7520410971470506,16.635144429160935,13.883103332013885,5.269043015536688,rising,98.68448790107513,1221,2000-2019,2020-2025,98.68448790107513
Responsible AI,adaptation few-shot,53,1140,2.430969635813228,16.334250343878956,13.90328070806573,5.7435771896722905,rising,98.5056377135158,1193,2000-2019,2020-2025,98.5056377135158
Responsible AI,task project,440,2262,20.181634712411704,32.41059147180193,12.228956759390226,1.5912954623481113,rising,96.63465378103346,2702,2000-2019,2020-2025,96.63465378103346
Responsible AI,project management,443,2271,20.319236767269057,32.53954607977992,12.22030931251086,1.5869720129088982,rising,96.62045277351407,2714,2000-2019,2020-2025,96.62045277351407
Responsible AI,digital transformation,443,2252,20.319236767269057,32.2673085740486,11.948071806779542,1.573895764784408,rising,94.38408563125294,2695,2000-2019,2020-2025,94.38408563125294
Responsible AI,data digital,65,1135,2.981377855242638,16.26260889500229,13.281231039759653,4.81493523311735,rising,94.17601162914528,1200,2000-2019,2020-2025,94.17601162914528
Responsible AI,human computer,473,2326,21.695257315842582,33.3276020174232,11.632344701580621,1.5240914550370028,rising,92.3302784913752,2799,2000-2019,2020-2025,92.3302784913752
Responsible AI,language processing,136,1316,6.237959820199982,18.85602934433746,12.618069524137479,2.8726839964686786,rising,91.87703053498774,1452,2000-2019,2020-2025,91.87703053498774
Responsible AI,computer interaction,473,2320,21.695257315842582,33.241632278771206,11.546374962928624,1.5202181168085411,rising,91.62313568363356,2793,2000-2019,2020-2025,91.62313568363356
Responsible AI,distributed learning,68,1088,3.118979910099991,15.58917927556167,12.470199365461678,4.4457774497889195,rising,87.95962025948013,1156,2000-2019,2020-2025,87.95962025948013
Responsible AI,transformation law,393,2017,18.025869186313184,28.900160476845485,10.874291290532302,1.586978736661175,rising,84.68677176484015,2410,2000-2019,2020-2025,84.68677176484015
Responsible AI,process computing,997,3861,45.72974956426016,55.32152682255846,9.5917772582983,1.2074806233800934,rising,81.42064470429989,4858,2000-2019,2020-2025,81.42064470429989
Responsible AI,causal inference,214,1438,9.815613246491148,20.604080696928015,10.788467450436867,2.045838690599084,rising,79.94628846128143,1652,2000-2019,2020-2025,79.94628846128143
Responsible AI,personalized federated,0,828,0.0,11.86382393397524,11.86382393397524,24.72764786795048,rising,79.72750871807692,828,2000-2019,2020-2025,79.72750871807692
Responsible AI,information optimization,73,1015,3.3483166681955785,14.543214121962402,11.194897453766824,3.909037488075521,rising,78.28608719387509,1088,2000-2019,2020-2025,78.28608719387509
Responsible AI,age information,74,1015,3.3941840198146958,14.543214121962402,11.149030102147705,3.8629951860051626,rising,77.9755692731668,1089,2000-2019,2020-2025,77.9755692731668
Responsible AI,software deployment,143,1192,6.559031281533804,17.07932141219624,10.520290130662435,2.490330572437492,rising,75.71910812178325,1335,2000-2019,2020-2025,75.71910812178325
Responsible AI,large language model,0,783,0.0,11.219050894085282,11.219050894085282,23.438101788170563,rising,74.76834397831226,783,2000-2019,2020-2025,74.76834397831226
Responsible AI,anomaly detection,167,1245,7.659847720392625,17.83872077028886,10.178873049896234,2.2474341922408403,rising,73.83215419652807,1412,2000-2019,2020-2025,73.83215419652807
Responsible AI,adversarial network,89,1005,4.082194294101458,14.399931224209078,10.317736930107621,3.251702190670828,rising,72.2087813915633,1094,2000-2019,2020-2025,72.2087813915633
Responsible AI,generative adversarial,90,1004,4.128061645720576,14.385602934433747,10.25754128871317,3.216379571823119,rising,71.78750161484278,1094,2000-2019,2020-2025,71.78750161484278
Responsible AI,wireless communication,230,1408,10.549490872397028,20.174232003668042,9.624741131271014,1.8710574308283097,rising,71.24080909008772,1638,2000-2019,2020-2025,71.24080909008772
Responsible AI,field mathematic,416,1958,19.080818273552886,28.05479138010087,8.973973106547984,1.4583042945998232,rising,69.75247384143827,2374,2000-2019,2020-2025,69.75247384143827
Responsible AI,mnist database,57,881,2.6144390422896984,12.623223292067859,10.008784249778161,4.213671583830333,rising,68.50828136093742,938,2000-2019,2020-2025,68.50828136093742
Responsible AI,training meteorology,33,799,1.513622603430878,11.4483035304906,9.934680927059722,5.933735303791623,rising,66.8110634586699,832,2000-2019,2020-2025,66.8110634586699
Responsible AI,domain mathematical,278,1510,12.751123750114669,21.63571756075195,8.88459381063728,1.6704785177604577,rising,66.54038424245363,1788,2000-2019,2020-2025,66.54038424245363
Responsible AI,overhead engineering,365,1760,16.741583340977893,25.21779000458505,8.476206663607158,1.4916141688369098,rising,64.944674765306,2125,2000-2019,2020-2025,64.944674765306
Responsible AI,multimodal machine,54,834,2.4768369874323457,11.949793672627235,9.47295668519489,4.182222179174727,rising,64.32229700028478,888,2000-2019,2020-2025,64.32229700028478
Responsible AI,bayesian modeling,157,1120,7.2011742042014495,16.047684548372306,8.846510344170856,2.148722273980578,rising,63.27954528086267,1277,2000-2019,2020-2025,63.27954528086267
Responsible AI,modeling causal,157,1120,7.2011742042014495,16.047684548372306,8.846510344170856,2.148722273980578,rising,63.27954528086267,1277,2000-2019,2020-2025,63.27954528086267
Robotics & Control,fuzzy logic,25786,6635,229.80331345970467,118.23722289543089,-111.56609056427378,0.5155688865770744,fading,1158.7915176908489,32421,2000-2019,2020-2025,1158.7915176908489
Robotics & Control,logic control,24508,6254,218.4138527212612,111.44771544657495,-106.96613727468626,0.5113779418478182,fading,1105.3953307448269,30762,2000-2019,2020-2025,1105.3953307448269
Robotics & Control,robotic engineering,37469,13018,333.92152144658627,231.9837479506736,-101.93777349591267,0.6951817782092289,fading,1103.9341968892466,50487,2000-2019,2020-2025,1103.9341968892466
Robotics & Control,educational robotic,37471,13021,333.93934532880604,232.03720863924727,-101.90213668955877,0.695304580298789,fading,1103.558359635698,50492,2000-2019,2020-2025,1103.558359635698
Robotics & Control,fuzzy control,12167,2127,108.43158748406991,37.9036281987312,-70.52795928533871,0.3525481367316649,fading,674.7878949640161,14294,2000-2019,2020-2025,674.7878949640161
Robotics & Control,data mining,10136,2237,90.33143508987692,39.86385344643239,-50.46758164344453,0.4443819852289321,fading,475.57382558234883,12373,2000-2019,2020-2025,475.57382558234883
Robotics & Control,auditory perception,12502,3746,111.41708775588411,66.7545797989878,-44.662507956896306,0.6009321824535401,fading,433.03814828799545,16248,2000-2019,2020-2025,433.03814828799545
Robotics & Control,perception evaluation,12502,3746,111.41708775588411,66.7545797989878,-44.662507956896306,0.6009321824535401,fading,433.03814828799545,16248,2000-2019,2020-2025,433.03814828799545
Robotics & Control,human auditory,12501,3746,111.40817581477421,66.7545797989878,-44.653596015786405,0.6009800384049223,fading,432.94899184110085,16247,2000-2019,2020-2025,432.94899184110085
Robotics & Control,fuzzy set,7171,1198,63.90752969904375,21.34863497041842,-42.55889472862533,0.3392248557351953,fading,384.409350734566,8369,2000-2019,2020-2025,384.409350734566
Robotics & Control,data fusion,24127,10002,215.01840315839192,178.23793570461189,-36.780467453780034,0.8293395509860529,fading,383.9120197518984,34129,2000-2019,2020-2025,383.9120197518984
Robotics & Control,sensor network,24251,10069,216.12348385601868,179.43189108275715,-36.69159277326153,0.8306204289575131,fading,383.18911476979343,34320,2000-2019,2020-2025,383.18911476979343
Robotics & Control,target tracking,24116,10005,214.9203718061831,178.29139639318555,-36.62897541299756,0.8299651276901834,fading,382.32216936435844,34121,2000-2019,2020-2025,382.32216936435844
Robotics & Control,tracking data,24104,9999,214.8134285128644,178.18447501603822,-36.62895349682617,0.8298807754359934,fading,382.30261304635474,34103,2000-2019,2020-2025,382.30261304635474
Robotics & Control,fusion sensor,24103,9999,214.8045165717545,178.18447501603822,-36.620041555716284,0.8299151260790577,fading,382.2085238110324,34102,2000-2019,2020-2025,382.2085238110324
Robotics & Control,theory sociology,15498,5710,138.11726332112397,101.75351058521633,-36.36375273590764,0.7376679364123174,fading,362.2622829170852,21208,2000-2019,2020-2025,362.2622829170852
Robotics & Control,control theory,15525,5725,138.3578857310911,102.02081402808469,-36.337071703006416,0.7383146696228983,fading,362.06836847585953,21250,2000-2019,2020-2025,362.06836847585953
Robotics & Control,neural network,14240,5253,126.9060414048784,93.60966569249412,-33.296375712384275,0.7386593654018878,fading,328.8970045501411,19493,2000-2019,2020-2025,328.8970045501411
Robotics & Control,control engineering,6889,1711,61.39436230605388,30.490412716515788,-30.90394958953809,0.5006984733645865,fading,279.9784648503366,8600,2000-2019,2020-2025,279.9784648503366
Robotics & Control,scientific economic,10944,3872,97.5322835066706,68.99992871908191,-28.532354787588687,0.708949401493364,fading,274.0113379902346,14816,2000-2019,2020-2025,274.0113379902346
Robotics & Control,diverse scientific,10947,3881,97.55901933000027,69.1603107848029,-28.398708545197366,0.7103916729003118,fading,272.7508524850703,14828,2000-2019,2020-2025,272.7508524850703
Robotics & Control,economic study,11014,3958,98.15611938436311,70.53246845819375,-27.62365092616936,0.7200006335283883,fading,265.5738865800418,14972,2000-2019,2020-2025,265.5738865800418
Robotics & Control,detection,13781,5403,122.81546043543744,96.28270012117756,-26.53276031425989,0.7848383307286009,fading,261.6630044901703,19184,2000-2019,2020-2025,261.6630044901703
Robotics & Control,computer vision,9932,3606,88.51339910345872,64.25974766554994,-24.253651437908786,0.7275280836122302,fading,230.73298227866977,13538,2000-2019,2020-2025,230.73298227866977
Robotics & Control,ai-based problem,12899,5144,114.9551283765117,91.66726067431749,-23.287867702194205,0.7982950776664511,fading,228.23434260001886,18043,2000-2019,2020-2025,228.23434260001886
Robotics & Control,solving planning,12899,5144,114.9551283765117,91.66726067431749,-23.287867702194205,0.7982950776664511,fading,228.23434260001886,18043,2000-2019,2020-2025,228.23434260001886
Robotics & Control,problem solving,12932,5161,115.24922243313816,91.97020457623495,-23.27901785690321,0.7988840238615841,fading,228.2120261327804,18093,2000-2019,2020-2025,228.2120261327804
Robotics & Control,controller irrigation,5270,1248,46.965929649136875,22.239646446646233,-24.72628320249064,0.4790730238454254,fading,217.1579954445815,6518,2000-2019,2020-2025,217.1579954445815
Robotics & Control,filter signal,7990,2715,71.20640946804623,48.38192315917029,-22.82448630887594,0.6816953117831541,fading,211.77835680629346,10705,2000-2019,2020-2025,211.77835680629346
Robotics & Control,library science,3724,438,33.18806869324207,7.805260531755649,-25.382808161486423,0.24653418417606437,fading,211.54010104705702,4162,2000-2019,2020-2025,211.54010104705702
Robotics & Control,earthquake disaster,6447,1929,57.45528433548111,34.37522275286906,-23.080061582612053,0.6017608774204204,fading,208.48785398710058,8376,2000-2019,2020-2025,208.48785398710058
Robotics & Control,impact study,6444,1929,57.42854851215143,34.37522275286906,-23.053325759282373,0.6020386087449339,fading,208.2380853262572,8373,2000-2019,2020-2025,208.2380853262572
Robotics & Control,disaster impact,6443,1929,57.419636571041536,34.37522275286906,-23.04441381817248,0.602131242831483,fading,208.15483270502742,8372,2000-2019,2020-2025,208.15483270502742
Robotics & Control,fuzzy number,3783,508,33.71387321872577,9.052676598474589,-24.661196620251182,0.2792047698723062,fading,206.27877897827767,4291,2000-2019,2020-2025,206.27877897827767
Robotics & Control,kalman filter,10213,3906,91.0176545553387,69.60581652291681,-21.411838032421883,0.7660359835874659,fading,204.59755325004892,14119,2000-2019,2020-2025,204.59755325004892
Robotics & Control,signal processing,10131,3958,90.28687538432746,70.53246845819375,-19.75440692613371,0.7824090008329121,fading,188.71820728417615,14089,2000-2019,2020-2025,188.71820728417615
Robotics & Control,particle filter,4262,923,37.982693010364585,16.448071851165444,-21.53462115919914,0.4404076358845469,fading,184.20107590256896,5185,2000-2019,2020-2025,184.20107590256896
Robotics & Control,tracking education,7457,2641,66.4563448564732,47.063226174353126,-19.39311868212007,0.7103617480361134,fading,178.80827167779597,10098,2000-2019,2020-2025,178.80827167779597
Robotics & Control,set operation,3206,402,28.571683198317427,7.163732268871623,-21.407950929445803,0.2636150172864836,fading,175.35650804135605,3608,2000-2019,2020-2025,175.35650804135605
Robotics & Control,detection control,6406,2157,57.08989474997549,38.43823508446789,-18.6516596655076,0.6761296448537868,fading,168.89679622374547,8563,2000-2019,2020-2025,168.89679622374547
Robotics & Control,fault detection,6553,2235,58.39995009312978,39.828212987383274,-18.571737105746507,0.684690104552181,fading,168.65470308110824,8788,2000-2019,2020-2025,168.65470308110824
Robotics & Control,programming language,7190,2687,64.07685658013172,47.88295673248271,-16.193899847649007,0.7492305958318918,fading,148.95254892591413,9877,2000-2019,2020-2025,148.95254892591413
Robotics & Control,fuzzy classification,2676,338,23.84835441007406,6.023237579300021,-17.825116830774036,0.2679128728552206,fading,142.80334079361842,3014,2000-2019,2020-2025,142.80334079361842
Robotics & Control,fuzzy inference,2924,551,26.05851580532756,9.818946468030509,-16.23956933729705,0.38853626248047185,fading,132.4115613113382,3475,2000-2019,2020-2025,132.4115613113382
Robotics & Control,neuro fuzzy,2885,530,25.710950102041725,9.444721648014827,-16.266228454026898,0.3794109564628172,fading,132.34570362963277,3415,2000-2019,2020-2025,132.34570362963277
Robotics & Control,fuzzy rule,2473,301,22.03923036476575,5.363889086891439,-16.67534127787431,0.2601636787056452,fading,132.2088762761157,2774,2000-2019,2020-2025,132.2088762761157
Robotics & Control,adaptive neuro,2836,520,25.274264987656963,9.266519352769263,-16.007745634887698,0.3789252324924242,fading,129.9637332354203,3356,2000-2019,2020-2025,129.9637332354203
Robotics & Control,political science,4850,1608,43.222914382981756,28.654929075486493,-14.567985307495263,0.6668112015614963,fading,127.80828262220089,6458,2000-2019,2020-2025,127.80828262220089
Robotics & Control,advanced control,3846,1080,34.27532550864904,19.245847886520778,-15.029477622128262,0.5678120218201768,fading,127.78791649472312,4926,2000-2019,2020-2025,127.78791649472312
Robotics & Control,editorial board,2029,114,18.08232851197319,2.0315061657994153,-16.050822346173774,0.13623191324856218,fading,123.11668552870705,2143,2000-2019,2020-2025,123.11668552870705
Robotics & Control,control management,12078,5368,107.63842472528941,95.65899208781809,-11.97943263747132,0.8892213136273864,fading,117.00219607097044,17446,2000-2019,2020-2025,117.00219607097044
Robotics & Control,multi-criteria decision,2954,714,26.325874038624352,12.723643880533182,-13.60223015809117,0.4929436357411338,fading,111.64267658275901,3668,2000-2019,2020-2025,111.64267658275901
Robotics & Control,sets fuzzy,2501,475,22.288764715842756,8.464609024164231,-13.824155691678525,0.3933784536347436,fading,110.57487822125226,2976,2000-2019,2020-2025,110.57487822125226
Robotics & Control,decision making,3418,970,30.461014713614773,17.28562263881959,-13.175392074795184,0.5744521878024416,fading,110.50012516176132,4388,2000-2019,2020-2025,110.50012516176132
Robotics & Control,rough sets,2463,470,21.95011095366682,8.37550787654145,-13.574603077125369,0.3953436085397964,fading,108.38128650875298,2933,2000-2019,2020-2025,108.38128650875298
Robotics & Control,mathematical analysi,5969,2392,53.195376484952185,42.625989022738615,-10.56938746221357,0.8031601945248381,fading,95.45692517278259,8361,2000-2019,2020-2025,95.45692517278259
Robotics & Control,ifc editorial,1615,88,14.392784892477431,1.5681801981609522,-12.824604694316479,0.13887128653859906,fading,95.42446843294317,1703,2000-2019,2020-2025,95.42446843294317
Robotics & Control,network detection,4611,1725,41.0929604577173,30.739895929859575,-10.353064527857722,0.7510861353958569,fading,90.63239112498569,6336,2000-2019,2020-2025,90.63239112498569
Robotics & Control,distributed sensor,4625,1734,41.2177276332558,30.900277995580584,-10.317449637675214,0.7526842850028453,fading,90.35799181188287,6359,2000-2019,2020-2025,90.35799181188287
Robotics & Control,pattern recognition,3621,1214,32.27013875892308,21.63375864281132,-10.636380116111763,0.6754246237905981,fading,90.23738124550454,4835,2000-2019,2020-2025,90.23738124550454
Robotics & Control,semantic web,2320,525,20.6757033749521,9.355620500392044,-11.320082874560056,0.4654211633909581,fading,90.03620105119944,2845,2000-2019,2020-2025,90.03620105119944
Robotics & Control,web ontology,2308,520,20.568760081633382,9.266519352769263,-11.302240728864119,0.4635545383272551,fading,89.82657644848517,2828,2000-2019,2020-2025,89.82657644848517
Robotics & Control,system design,2166,447,19.303264444028553,7.965642597476656,-11.337621846551897,0.42748722673495243,fading,89.21162955408668,2613,2000-2019,2020-2025,89.21162955408668
Robotics & Control,recognition psychology,3584,1209,31.940396937857034,21.544657495188538,-10.395739442668496,0.6795433957672399,fading,88.10514357952154,4793,2000-2019,2020-2025,88.10514357952154
Robotics & Control,perspective modern,1477,97,13.162937019312176,1.7285622638819589,-11.434374755430218,0.16311004440201615,fading,84.1799875965352,1574,2000-2019,2020-2025,84.1799875965352
Robotics & Control,modern study,1477,97,13.162937019312176,1.7285622638819589,-11.434374755430218,0.16311004440201615,fading,84.1799875965352,1574,2000-2019,2020-2025,84.1799875965352
Robotics & Control,diverse perspective,1480,102,13.189672842641857,1.81766341150474,-11.372009431137116,0.16930013143085992,fading,83.77846980488077,1582,2000-2019,2020-2025,83.77846980488077
Robotics & Control,reasoning knowledge,2804,832,24.98908287214038,14.826430964430822,-10.162651907709558,0.6012939359690592,fading,83.32271352549448,3636,2000-2019,2020-2025,83.32271352549448
Robotics & Control,applied mathematic,4963,1957,44.22996372839968,34.87418917955663,-9.355774548843051,0.7908387629006071,fading,82.72671074598233,6920,2000-2019,2020-2025,82.72671074598233
Robotics & Control,logic reasoning,2794,835,24.899963461041448,14.87989165300449,-10.020071808036958,0.6055084164429694,fading,82.13440764074618,3629,2000-2019,2020-2025,82.13440764074618
Robotics & Control,extended kalman,5472,2225,48.7661417533353,39.65001069213771,-9.116131061197585,0.8149615387614472,fading,81.57766637073311,7697,2000-2019,2020-2025,81.57766637073311
Robotics & Control,world wide,2486,677,22.15508559919436,12.064295388124599,-10.090790211069763,0.5545905060968473,fading,81.3276553775514,3163,2000-2019,2020-2025,81.3276553775514
Robotics & Control,wide web,2485,677,22.146173658084468,12.064295388124599,-10.08187826995987,0.5548087539123531,fading,81.25264182734946,3162,2000-2019,2020-2025,81.25264182734946
Robotics & Control,sensor fusion,3688,1314,32.86723881328592,23.415781595266946,-9.451457218018977,0.7167444009704613,fading,80.50555624002179,5002,2000-2019,2020-2025,80.50555624002179
Robotics & Control,engineering management,2309,612,20.577672022743275,10.90598046902844,-9.671691553714835,0.5411404284458519,fading,77.18032677619598,2921,2000-2019,2020-2025,77.18032677619598
Robotics & Control,mechanical engineering,2200,576,19.60627044176492,10.264452206144416,-9.341818235620504,0.5353778681790932,fading,74.07245841166421,2776,2000-2019,2020-2025,74.07245841166421
Robotics & Control,measurement uncertainty,1428,163,12.726251904927413,2.904697412502673,-9.82155449242474,0.25741967089211876,fading,72.41183019646661,1591,2000-2019,2020-2025,72.41183019646661
Robotics & Control,type-2 fuzzy,2311,652,20.59549590496306,11.618789650010692,-8.976706254952367,0.574472849778305,fading,71.76243780849465,2963,2000-2019,2020-2025,71.76243780849465
Robotics & Control,scientific measurement,1310,116,11.674642853960021,2.067146624848528,-9.607496229111494,0.21086011767593804,fading,69.78241191070254,1426,2000-2019,2020-2025,69.78241191070254
Robotics & Control,uncertainty evaluation,1312,118,11.692466736179806,2.1027870838976406,-9.589679652282166,0.21347502029053364,fading,69.67984730817435,1430,2000-2019,2020-2025,69.67984730817435
Robotics & Control,reinforcement learning,11984,20738,106.80070226095945,369.55591988024804,262.7552176192886,3.4487744449263507,rising,2731.5594866778943,32722,2000-2019,2020-2025,2731.5594866778943
Robotics & Control,reinforcement,11998,20744,106.92546943649796,369.66284125739537,262.7373718208974,3.445764241935274,rising,2731.534498368449,32742,2000-2019,2020-2025,2731.534498368449
Robotics & Control,learning robotic,11839,20560,105.50847080002495,366.38391902487706,260.8754482248521,3.460892476384922,rising,2709.4298921766003,32399,2000-2019,2020-2025,2709.4298921766003
Robotics & Control,task project,3928,3906,35.006104679660275,69.60581652291681,34.599711843256536,1.9744721972578714,rising,310.2333392397479,7834,2000-2019,2020-2025,310.2333392397479
Robotics & Control,project management,4006,3934,35.701236086231944,70.10478294960438,34.40354686337244,1.9503417723478453,rising,308.93678059096703,7940,2000-2019,2020-2025,308.93678059096703
Robotics & Control,adversarial,742,2280,6.612660303540714,40.63012331598831,34.01746301244759,5.78266380801478,rising,272.6161184914805,3022,2000-2019,2020-2025,272.6161184914805
Robotics & Control,dynamic programming,1641,2416,14.624495361334652,43.053674531327964,28.42917916999331,2.8796778663221856,rising,236.2022863231751,4057,2000-2019,2020-2025,236.2022863231751
Robotics & Control,adversarial robustness,602,1949,5.364988548155674,34.73162734336018,29.36663879520451,6.007109315573898,rising,230.37049335106423,2551,2000-2019,2020-2025,230.37049335106423
Robotics & Control,robustness machine,602,1949,5.364988548155674,34.73162734336018,29.36663879520451,6.007109315573898,rising,230.37049335106423,2551,2000-2019,2020-2025,230.37049335106423
Robotics & Control,adaptive dynamic,1254,2209,11.175574151806005,39.36488701974481,28.18931286793881,3.4143834385719196,rising,229.7479533628641,3463,2000-2019,2020-2025,229.7479533628641
Robotics & Control,programming control,1240,2201,11.0508069762675,39.222325183548364,28.17151820728086,3.4389220826876064,rising,229.42343469421698,3441,2000-2019,2020-2025,229.42343469421698
Robotics & Control,deep reinforcement,658,1956,5.86405725030969,34.85636895003208,28.992311699722386,5.555633389110627,rising,228.14106253461478,2614,2000-2019,2020-2025,228.14106253461478
Robotics & Control,robot manipulation,1577,2334,14.05413113030149,41.59241571031435,27.538284580012856,2.892128381520388,rising,227.7912934000359,3911,2000-2019,2020-2025,227.7912934000359
Robotics & Control,manipulation learning,1575,2315,14.036307248081705,41.25383134934778,27.217524101266072,2.872382279540621,rising,224.99152567218047,3890,2000-2019,2020-2025,224.99152567218047
Robotics & Control,social psychology,1203,1997,10.721065155201455,35.586998360538885,24.86593320533743,3.216004707343757,rising,200.6983811005717,3200,2000-2019,2020-2025,200.6983811005717
Robotics & Control,advanced bandit,1069,1782,9.526865046475773,31.755649012759285,22.228783966283512,3.216922623696471,rising,176.8472211319138,2851,2000-2019,2020-2025,176.8472211319138
Robotics & Control,action physic,2150,2148,19.160673386270265,38.27785301874688,19.117179632476617,1.9723563001573898,rising,159.93695755629713,4298,2000-2019,2020-2025,159.93695755629713
Robotics & Control,computer interaction,4915,3402,43.80219055512481,60.62442084254045,16.822230287415643,1.3797155417514602,rising,151.84043013273683,8317,2000-2019,2020-2025,151.84043013273683
Robotics & Control,human computer,4918,3402,43.82892637845449,60.62442084254045,16.795494464085962,1.378883402695022,rising,151.6051642876553,8320,2000-2019,2020-2025,151.6051642876553
Robotics & Control,key lock,1258,1607,11.211221916245577,28.637108845961937,17.42588692971636,2.4879648814052024,rising,138.72178075826153,2865,2000-2019,2020-2025,138.72178075826153
Robotics & Control,multi-agent reinforcement,187,1158,1.6665329875500183,20.63582578943617,18.96929280188615,9.755598419637822,rising,136.67171563218895,1345,2000-2019,2020-2025,136.67171563218895
Robotics & Control,domain adaptation,280,1167,2.495343510770081,20.796207855157174,18.300864344387094,7.109771476488209,rising,133.19256653026073,1447,2000-2019,2020-2025,133.19256653026073
Robotics & Control,autonomou vehicle,662,1310,5.899705014749262,23.34450067716872,17.44479566241946,3.7258749617700837,rising,132.35908140489292,1972,2000-2019,2020-2025,132.35908140489292
Robotics & Control,few-shot learning,257,1143,2.2903688652425385,20.368522346567826,18.078153481325288,7.478768347264345,rising,130.97516523791057,1400,2000-2019,2020-2025,130.97516523791057
Robotics & Control,adaptation few-shot,257,1140,2.2903688652425385,20.315061657994153,18.024692792751615,7.459609343148585,rising,130.54920751833697,1397,2000-2019,2020-2025,130.54920751833697
Robotics & Control,vehicle technology,625,1276,5.569963193683217,22.738612873333807,17.168649679650592,3.8284602610963705,rising,129.63465773259057,1901,2000-2019,2020-2025,129.63465773259057
Robotics & Control,technology safety,632,1269,5.632346781452468,22.613871266661913,16.981524485209444,3.769172241949975,rising,128.22173877931525,1901,2000-2019,2020-2025,128.22173877931525
Robotics & Control,explainable ai,276,1112,2.459695746330508,19.81609523130658,17.356399484976073,6.864251251668316,rising,125.5967964416936,1388,2000-2019,2020-2025,125.5967964416936
Robotics & Control,intelligence xai,276,1107,2.459695746330508,19.7269940836838,17.267298337353292,6.834146418178843,rising,124.88976085683979,1383,2000-2019,2020-2025,124.88976085683979
Robotics & Control,benchmark surveying,1322,1497,11.78158614727874,26.676883598260744,14.895297450982005,2.212815451714467,rising,118.3355738787652,2819,2000-2019,2020-2025,118.3355738787652
Robotics & Control,markov decision,1908,1763,17.00398363767612,31.417064651792714,14.413081014116592,1.8234171896215343,rising,118.30965662154193,3671,2000-2019,2020-2025,118.30965662154193
Robotics & Control,decision process,1912,1750,17.039631402115695,31.185401667973483,14.145770265857788,1.8065032805735857,rising,116.08072498522272,3662,2000-2019,2020-2025,116.08072498522272
Robotics & Control,convergence economic,1857,1713,16.549474641071573,30.5260531755649,13.976578534493328,1.8197659358267997,rising,114.33681160340436,3570,2000-2019,2020-2025,114.33681160340436
Robotics & Control,function biology,3354,2404,29.890650482581613,42.83983177703329,12.949181294451677,1.4260909552387993,rising,112.12073392356145,5758,2000-2019,2020-2025,112.12073392356145
Robotics & Control,intelligence game,1151,1374,10.25764421748701,24.484995366740325,14.227351149253314,2.3225340847512084,rising,111.46265033451412,2525,2000-2019,2020-2025,111.46265033451412
Robotics & Control,path planning,2499,1941,22.270940833622973,34.58906550716373,12.318124673540758,1.540958090556897,rising,103.45543123503305,4440,2000-2019,2020-2025,103.45543123503305
Robotics & Control,robustness evolution,2234,1813,19.909276439501287,32.30807612802053,12.398799688519244,1.607508047885612,rising,102.984160054989,4047,2000-2019,2020-2025,102.984160054989
Robotics & Control,robotic path,2461,1911,21.932287071447032,34.054458621427045,12.122171549980013,1.540389462357128,rising,101.62264371080066,4372,2000-2019,2020-2025,101.62264371080066
Robotics & Control,stability learning,1624,1451,14.472992362466469,25.857153040131156,11.384160677664687,1.7603129956976347,rising,91.4305810680802,3075,2000-2019,2020-2025,91.4305810680802
Robotics & Control,multimodal machine,165,812,1.470470283132369,14.470026373939696,12.999556090807326,7.597184541216481,rising,89.50856916941386,977,2000-2019,2020-2025,89.50856916941386
Robotics & Control,sample material,522,943,4.652033259364222,16.80447644165657,12.152443182292346,3.358766446277173,rising,88.59487003620256,1465,2000-2019,2020-2025,88.59487003620256
Robotics & Control,data stream,742,1015,6.612660303540714,18.08753296742462,11.474872663883907,2.6133025020429645,rising,85.73946915105222,1757,2000-2019,2020-2025,85.73946915105222
Robotics & Control,stream mining,725,1006,6.461157304672531,17.927150901703612,11.465993597031082,2.6471389878425495,rising,85.50228218673253,1731,2000-2019,2020-2025,85.50228218673253
Robotics & Control,markov process,2442,1785,21.762960190359063,31.809109701332954,10.04614951097389,1.4512494935567626,rising,83.88016808939902,4227,2000-2019,2020-2025,83.88016808939902
Robotics & Control,control multi-agent,861,1034,7.673181295617999,18.42611732839119,10.75293603277319,2.3156365488354345,rising,81.15780280255734,1895,2000-2019,2020-2025,81.15780280255734
Robotics & Control,distributed control,890,1033,7.9316275878049,18.408297098866633,10.476669511061733,2.242544147255114,rising,79.22626819958265,1923,2000-2019,2020-2025,79.22626819958265
Robotics & Control,organizing committee,1871,1451,16.674241816610074,25.857153040131156,9.182911223521081,1.534690923860163,rising,74.4607676182776,3322,2000-2019,2020-2025,74.4607676182776
Robotics & Control,set theory,962,1012,8.573287347717207,18.034072278850953,9.460784931133746,2.0427075180765693,rising,71.79149829909849,1974,2000-2019,2020-2025,71.79149829909849
Robotics & Control,mathematical control,3382,2144,30.14018483365862,38.20657210064866,8.066387266990038,1.2632617038957614,rising,69.51128927922203,5526,2000-2019,2020-2025,69.51128927922203
Robotics & Control,data classification,353,722,3.1459152117922806,12.866205716729631,9.720290504937351,3.6660769492110576,rising,67.85740381645057,1075,2000-2019,2020-2025,67.85740381645057
Robotics & Control,system analysi,3686,2268,32.849414931066136,40.41628056169363,7.566865630627497,1.226896503170096,rising,65.77109377093103,5954,2000-2019,2020-2025,65.77109377093103
Robotics & Control,leverage statistic,196,635,1.7467404575390566,11.315845748093235,9.569105290554178,5.259105789653869,rising,64.34106058226205,831,2000-2019,2020-2025,64.34106058226205
Robotics & Control,generative grammar,151,572,1.345703107593865,10.19317128804619,8.847468180452326,5.793548942975044,rising,58.25873231904899,723,2000-2019,2020-2025,58.25873231904899
Robotics & Control,offline reinforcement,3,515,0.02673582332967944,9.177418205146482,9.150682381816804,18.37243220704484,rising,57.20918671649816,518,2000-2019,2020-2025,57.20918671649816
Robotics & Control,bellman equation,719,789,6.407685658013172,14.060161094874902,7.65247543686173,2.1078204503970985,rising,56.01001703313894,1508,2000-2019,2020-2025,56.01001703313894
Robotics & Control,introducing ieee,40,508,0.3564776443957258,9.052676598474589,8.696198954078863,11.153445347910193,rising,54.85647906928168,548,2000-2019,2020-2025,54.85647906928168
Robotics & Control,ieee collabratec,40,502,0.3564776443957258,8.94575522132725,8.589277576931524,11.028606856389757,rising,54.08761988119507,542,2000-2019,2020-2025,54.08761988119507
Robotics & Control,value mathematic,807,814,7.191936475683769,14.505666832988808,7.313730357305039,1.9508308317971244,rising,54.05881798529212,1621,2000-2019,2020-2025,54.05881798529212
Robotics & Control,game theory,767,787,6.835458831288043,14.02452063582579,7.189061804537746,1.9800425535583586,rising,52.83407461395917,1554,2000-2019,2020-2025,52.83407461395917
Robotics & Control,smart grid,266,571,2.370576335231577,10.175351058521633,7.8047747232900555,3.718887711676347,rising,52.5340799326504,837,2000-2019,2020-2025,52.5340799326504
Robotics & Control,feature linguistic,1170,942,10.426971098574981,16.786656212132012,6.359685113557031,1.5820171991107779,rising,48.68888442424976,2112,2000-2019,2020-2025,48.68888442424976
Robotics & Control,code set,237,528,2.1121300430446754,9.409081188965715,7.296951145921039,3.7934869342935844,rising,48.460381843758974,765,2000-2019,2020-2025,48.460381843758974
Robotics & Control,policy optimization,67,461,0.5971000543628407,8.215125810820444,7.6180257564576035,7.9437839567712905,rising,47.772551392344205,528,2000-2019,2020-2025,47.772551392344205
Robotics & Control,mathematical optimization,11171,5849,99.55529413861633,104.23052248912965,4.675228350513322,1.0467264465190245,rising,45.54702438581856,17020,2000-2019,2020-2025,45.54702438581856
Robotics & Control,distributed computing,1806,1222,16.09496564446702,21.77632047900777,5.681354834540748,1.3423541184874335,rising,45.5416711037993,3028,2000-2019,2020-2025,45.5416711037993
Robotics & Control,context archaeology,2019,1314,17.99320910087426,23.415781595266946,5.422572494392686,1.2932196605150772,rising,43.98751799260094,3333,2000-2019,2020-2025,43.98751799260094
Robotics & Control,space punctuation,1340,971,11.942001087256815,17.303442868344145,5.361441781087331,1.430914749443203,rising,41.52902155800523,2311,2000-2019,2020-2025,41.52902155800523
Robotics & Control,cognitive psychology,577,616,5.1421900204083455,10.977261387126665,5.83507136671832,2.034185545969261,rising,41.34185579300086,1193,2000-2019,2020-2025,41.34185579300086
Robotics & Control,transfer learning,359,517,3.199386858451639,9.213058664195595,6.0136718057439555,2.6255860865173073,rising,40.751689041455364,876,2000-2019,2020-2025,40.751689041455364
Robotics & Control,state computer,4303,2404,38.34808259587021,42.83983177703329,4.49174918116308,1.1156234460240924,rising,39.57705412541161,6707,2000-2019,2020-2025,39.57705412541161
Robotics & Control,motion planning,402,522,3.5826003261770447,9.302159811818376,5.719559485641331,2.4009599345222066,rising,39.06341155636295,924,2000-2019,2020-2025,39.06341155636295
Robotics & Control,variety cybernetic,717,655,6.389861775793386,11.67225033858436,5.282388562790975,1.766690063558306,rising,38.16395475961387,1372,2000-2019,2020-2025,38.16395475961387
Robotics & Control,adaptation eye,875,723,7.797948471156503,12.884025946254187,5.086077475097684,1.6129319183864284,rising,37.520673607628524,1598,2000-2019,2020-2025,37.520673607628524
Robotics & Control,energy management,238,438,2.121041984154569,7.805260531755649,5.6842185476010805,3.1686865689160473,rising,37.0478679366547,676,2000-2019,2020-2025,37.0478679366547
Robotics & Control,transformer,32,360,0.2851821155165807,6.415282628840259,6.130100513323678,8.807234006203277,rising,36.62005336821768,392,2000-2019,2020-2025,36.62005336821768
Robotics & Control,policy gradient,205,418,1.8269479275280949,7.448855941264523,5.621908013736428,3.416000782496475,rising,36.183445333548754,623,2000-2019,2020-2025,36.183445333548754
Robotics & Control,grid energy,216,422,1.9249792797369194,7.520136859362749,5.5951575796258295,3.3073011907272196,rising,36.14418337156912,638,2000-2019,2020-2025,36.14418337156912
Robotics & Control,perspective graphical,463,523,4.126228733880526,9.319980041342932,5.1937513074624055,2.122674992143295,rising,35.80920153182952,986,2000-2019,2020-2025,35.80920153182952
Robotics & Control,baseline sea,118,369,1.0516090509673912,6.575664694561266,5.524055643593875,4.560211021036361,rising,34.195646753329186,487,2000-2019,2020-2025,34.195646753329186
Robotics & Control,policy learning,176,390,1.5685016353411936,6.949889514576948,5.381387879235755,3.6015874424716663,rising,34.119932707080174,566,2000-2019,2020-2025,34.119932707080174
